,company,url
0,A & M Febcon Ltd.,https://www.moneycontrol.com/india/stockpricequote/miscellaneous/amfebcon/F03
1,A and M Jumbo Bags Ltd.,https://www.moneycontrol.com/india/stockpricequote/miscellaneous/amjumbobags/JB03
2,A B Infrabuild Ltd.,https://www.moneycontrol.com/india/stockpricequote/infrastructuregeneral/abinfrabuild/I07
3,A F Enterprises Ltd.,https://www.moneycontrol.com/india/stockpricequote/miscellaneous/afenterprises/AFE01
4,A G Universal Ltd.,https://www.moneycontrol.com/india/stockpricequote/miscellaneous/aguniversal/U02
5,A K S Credits Ltd.,https://www.moneycontrol.com/india/stockpricequote/financeleasinghirepurchase/akscredits/AKS
6,A K Spintex Ltd.,https://www.moneycontrol.com/india/stockpricequote/miscellaneous/akspintex/AKS01
7,A P T Yarns Ltd.,https://www.moneycontrol.com/india/stockpricequote/textilesspinningcottonblended/aptyarns/APT01
8,A-1 Acid  Ltd.,https://www.moneycontrol.com/india/stockpricequote/chemicals/a1acid/AA14
9,A.K.Capital Services Ltd.,https://www.moneycontrol.com/india/stockpricequote/financegeneral/akcapitalservices/AKC01
10,A2Z Infra Engineering  Ltd.,https://www.moneycontrol.com/india/stockpricequote/powertransmissionequipment/a2zinfraengineering/AME02
11,AA Plus Tradelink Ltd.,https://www.moneycontrol.com/india/stockpricequote/aaplus/aaplustradelink/APT03
12,AAA Technologies Ltd.,https://www.moneycontrol.com/india/stockpricequote/aaa/aaatechnologies/ATL
13,Aachal Alloys Ltd.,https://www.moneycontrol.com/india/stockpricequote/steelmediumsmall/aachalalloys/AA
14,Aadhaar Ventures India Ltd.,https://www.moneycontrol.com/india/stockpricequote/financegeneral/aadhaarventuresindia/PI37
15,Aadi Industries Ltd.,https://www.moneycontrol.com/india/stockpricequote/aadiindustries/aadiindustries/AI63
16,Aagam Capital Ltd.,https://www.moneycontrol.com/india/stockpricequote/financeleasinghirepurchase/aagamcapital/PC18
17,Aakar Engineering and Manufacturing Company Ltd.,https://www.moneycontrol.com/india/stockpricequote/engineering/aakarengineeringmanufacturingcompany/AEM
18,Aakash Exploration Services Ltd.,https://www.moneycontrol.com/india/stockpricequote/engineeringheavy/aakashexplorationservices/AES01
19,Aamcol Tools Ltd.,https://www.moneycontrol.com/india/stockpricequote/machinetools/aamcoltools/AT01
20,Aananda Lakshmi Spinning Mills Ltd.,https://www.moneycontrol.com/india/stockpricequote/aanandalakshmi/aanandalakshmispinningmills/ALS
21,Aanchal Ispat Ltd.,https://www.moneycontrol.com/india/stockpricequote/steelspongeiron/aanchalispat/AI36
22,Aankit Granites Ltd.,https://www.moneycontrol.com/india/stockpricequote/ceramicsgranite/aankitgranites/AGL
23,AAR COMMERCIAL COMPANY  Ltd.,https://www.moneycontrol.com/india/stockpricequote/textilesgeneral/aarcommercialcompany/AAR
24,Aarey Drugs and Pharmaceuticals Ltd.,https://www.moneycontrol.com/india/stockpricequote/pharmaceuticals/aareydrugspharmaceuticals/ADP
25,Aarnav Fashions Ltd.,https://www.moneycontrol.com/india/stockpricequote/financegeneral/aarnavfashions/KS18
26,Aaron Industries Ltd.,https://www.moneycontrol.com/india/stockpricequote/aaronindustrie/aaronindustries/AI79
27,Aartech Solonics Ltd.,https://www.moneycontrol.com/india/stockpricequote/aartechsolonic/aartechsolonics/AS27
28,Aarti Drugs Ltd.,https://www.moneycontrol.com/india/stockpricequote/pharmaceuticals/aartidrugs/AD
29,Aarti Industries Ltd.,https://www.moneycontrol.com/india/stockpricequote/chemicals/aartiindustries/AI45
30,Aarti Surfactants Ltd.,https://www.moneycontrol.com/india/stockpricequote/aartisurfactan/aartisurfactants/ASL08
31,Aarti Surfactants RE Ltd.,https://www.moneycontrol.com/india/stockpricequote/chemicals/aartisurfactantsre/ASR01
32,Aarti Pharmalabs Ltd.,https://www.moneycontrol.com/india/stockpricequote/medicalequipmentsuppliesaccessories/aartipharmalabs/AP21
33,Aarti Surfactants PP Ltd.,https://www.moneycontrol.com/india/stockpricequote/chemicals/aartisurfactantspp/ASP01
34,Aarvee Denim and Exports Ltd.,https://www.moneycontrol.com/india/stockpricequote/textilesdenim/aarveedenimexports/ADE
35,Aarvi Encon Ltd.,https://www.moneycontrol.com/india/stockpricequote/diversified/aarviencon/AE19
36,Aarya Global Shares and Securities Ltd.,https://www.moneycontrol.com/india/stockpricequote/textileswoollenworsted/aaryaglobalsharessecurities/KIF02
37,Aasheesh Securities Ltd.,https://www.moneycontrol.com/india/stockpricequote/financeinvestments/aasheeshsecurities/AS12
38,Aashka Hospitals Ltd.,https://www.moneycontrol.com/india/stockpricequote/hospitalhealthcareservices/aashkahospitals/AH04
39,Aastamangalam Finance Ltd.,https://www.moneycontrol.com/india/stockpricequote/aastafin/aastamangalamfinance/UF01
40,Aaswa Trading and Exports Ltd.,https://www.moneycontrol.com/india/stockpricequote/trading/aaswatradingexports/ATE02
41,Aatmaj Healthcare Ltd.,https://www.moneycontrol.com/india/stockpricequote/miscellaneous/aatmajhealthcare/AH11
42,AAVAS Financiers Ltd.,https://www.moneycontrol.com/india/stockpricequote/financegeneral/aavasfinanciers/AF17
43,Aayush Food and Herbs Ltd.,https://www.moneycontrol.com/india/stockpricequote/pharmaceuticals/aayushfoodherbs/AFH01
44,Aditya Birla Capital Ltd.,https://www.moneycontrol.com/india/stockpricequote/financeinvestments/adityabirlacapital/ABC9
45,AB Corp,https://www.moneycontrol.com/india/stockpricequote/abcorp/abcorp/ABC05
46,AB Cotspin India Ltd.,https://www.moneycontrol.com/india/stockpricequote/textiles/abcotspinindia/ACI01
47,Aditya Birla Fashion & Retail-PP Ltd.,https://www.moneycontrol.com/india/stockpricequote/retailing/adityabirlafashionretailpp/ABF01
48,Aditya Birla Fashion & Retail - RE Ltd.,https://www.moneycontrol.com/india/stockpricequote/retailing/adityabirlafashionretailre/ABF
49,Aditya Birla Money Ltd.,https://www.moneycontrol.com/india/stockpricequote/financegeneral/adityabirlamoney/ABM01
50,Aditya Birla Nuvo Ltd.,https://www.moneycontrol.com/india/stockpricequote/diversified/adityabirlanuvo/ABN01
51,Abacus Computers Ltd.,https://www.moneycontrol.com/india/stockpricequote/computerssoftwaremediumsmall/abacuscomputers/AC
52,Aban Offshore Ltd.,https://www.moneycontrol.com/india/stockpricequote/oildrillingandexploration/abanoffshore/AO04
53,,
54,Abans Holdings Ltd.,https://www.moneycontrol.com/india/stockpricequote/miscellaneous/abansholdings/AH10
55,ABATE AS INDUSTRIES Ltd.,https://www.moneycontrol.com/india/stockpricequote/abateasind/abateasindustries/TI32
56,ABB India Ltd.,https://www.moneycontrol.com/india/stockpricequote/infrastructuregeneral/abbindia/ABB
57,Abbott India Ltd.,https://www.moneycontrol.com/india/stockpricequote/pharmaceuticals/abbottindia/AI51
58,ABC Bearings Ltd.,https://www.moneycontrol.com/india/stockpricequote/bearings/abcbearings/ABC02
59,ABC Gas International Ltd.,https://www.moneycontrol.com/india/stockpricequote/metalsnonferrous/abcgasinternational/BE05
60,ABC India Ltd.,https://www.moneycontrol.com/india/stockpricequote/transportlogistics/abcindia/ABC
61,Abco Plastics Ltd.,https://www.moneycontrol.com/india/stockpricequote/plastics/abcoplastics/AP17
62,Abee Printer Ribbons Ltd.,https://www.moneycontrol.com/india/stockpricequote/computershardware/abeeprinterribbons/APR01
63,Abesc Ltd.,https://www.moneycontrol.com/india/stockpricequote/abesc/abesc/BI19
64,ABG Shipyard Ltd.,https://www.moneycontrol.com/india/stockpricequote/shipping/abgshipyard/ABG01
65,Abhijit Trading Company Ltd.,https://www.moneycontrol.com/india/stockpricequote/miscellaneous/abhijittradingcompany/ATC01
66,Abhinav Capital Services Ltd.,https://www.moneycontrol.com/india/stockpricequote/abhinavcapital/abhinavcapitalservices/ACS04
67,Abhinav Leasing & Finance Ltd.,https://www.moneycontrol.com/india/stockpricequote/financeleasinghirepurchase/abhinavleasingfinance/ALF03
68,Abhishek Corporation Ltd.,https://www.moneycontrol.com/india/stockpricequote/textilesspinningcottonblended/abhishekcorporation/AC22
69,Abhishek Finlease Ltd.,https://www.moneycontrol.com/india/stockpricequote/abhishekfinle/abhishekfinlease/AF32
70,Abhishek Infraventures Ltd.,https://www.moneycontrol.com/india/stockpricequote/infrastructuregeneral/abhishekinfraventures/AI73
71,Abhishek Integrations Ltd.,https://www.moneycontrol.com/india/stockpricequote/miscellaneous/abhishekintegrations/AI83
72,Abirami Financial Services (India) Ltd.,https://www.moneycontrol.com/india/stockpricequote/financeleasinghirepurchase/abiramifinancialservicesindia/AFS
73,ABL Biotechnologies  Ltd.,https://www.moneycontrol.com/india/stockpricequote/pharmaceuticals/ablbiotechnologies/ABL
74,ABM International Ltd.,https://www.moneycontrol.com/india/stockpricequote/miscellaneous/abminternational/ABM02
75,ABM Knowledgeware Ltd.,https://www.moneycontrol.com/india/stockpricequote/computerssoftwaremediumsmall/abmknowledgeware/ABM
76,ABN Granites Ltd.,https://www.moneycontrol.com/india/stockpricequote/ceramicsgranite/abngranites/ABN
77,Abner Pharma Ltd.,https://www.moneycontrol.com/india/stockpricequote/pharmaceuticals/abnerpharma/AP01
78,Aditya Birla Sun Life AMC Ltd.,https://www.moneycontrol.com/india/stockpricequote/financeinvestment/adityabirlasunlifeamc/ABS
79,Aditya Birla Sun Life Nifty 50 ETF,https://www.moneycontrol.com/india/stockpricequote/absln50etf/adityabirlasunlifenifty50etf/BSL03
80,ADITYA BIRLA SUN LIFE NIFTY HEALTHCARE ETF,https://www.moneycontrol.com/india/stockpricequote/etf/adityabirlasunlifeniftyhealthcareetf/ABS02
81,Aditya Birla Sun Life Silver ETF,https://www.moneycontrol.com/india/stockpricequote/abslsilveretf/adityabirlasunlifesilveretf/ABS04
82,ABSLLIQUID Ltd.,https://www.moneycontrol.com/india/stockpricequote/miscellaneous/abslliquid/ABSLL14518
83,Aditya Birla Sun Life Nifty Bank ETF,https://www.moneycontrol.com/india/stockpricequote/abslnbanketf/adityabirlasunlifeniftybanketf/ABSLB13987
84,Aditya Birla Sun Life Nifty Next 50 ETF,https://www.moneycontrol.com/india/stockpricequote/abslnn50et/adityabirlasunlifeniftynext50etf/ABSLN7339
85,Aditya Birla Sun Life S&P BSE Sensex ETF,https://www.moneycontrol.com/india/stockpricequote/abslspbsesetf/adityabirlasunlifespbsesensexetf/ABS01
86,ACC Ltd.,https://www.moneycontrol.com/india/stockpricequote/cementmajor/acc/ACC06
87,ACCEDERE Ltd.,https://www.moneycontrol.com/india/stockpricequote/computerssoftwaremediumsmall/accedere/EM01
88,Accel Ltd.,https://www.moneycontrol.com/india/stockpricequote/computershardware/accel/AT17
89,Accelya Solutions India Ltd.,https://www.moneycontrol.com/india/stockpricequote/computerssoftwaremediumsmall/accelyasolutionsindia/KAL
90,Accentia Technologies Ltd.,https://www.moneycontrol.com/india/stockpricequote/computerssoftwaremediumsmall/accentiatechnologies/AT19
91,Acclaim Industries Ltd.,https://www.moneycontrol.com/india/stockpricequote/packaging/acclaimindustries/EP12
92,Accord Synergy Ltd.,https://www.moneycontrol.com/india/stockpricequote/telecommunicationsservice/accordsynergy/AS22
93,Accuracy Shipping  Ltd.,https://www.moneycontrol.com/india/stockpricequote/shipping/accuracyshipping/AS26
94,Accurate Exports Ltd.,https://www.moneycontrol.com/india/stockpricequote/trading/accurateexports/AE12
95,Accurate Transformers Ltd.,https://www.moneycontrol.com/india/stockpricequote/electricequipment/accuratetransformers/ATL03
96,ACE Edutrend Ltd.,https://www.moneycontrol.com/india/stockpricequote/diversified/aceedutrend/AIF
97,ACE ENGITECH Ltd.,https://www.moneycontrol.com/india/stockpricequote/aceeng/aceengitech/PSF
98,ACE Integrated Solutions Ltd.,https://www.moneycontrol.com/india/stockpricequote/misccommercialservices/aceintegratedsolutions/AIS
99,Ace Laboratories Ltd.,https://www.moneycontrol.com/india/stockpricequote/pharmaceuticals/acelaboratories/AL01
100,Ace Men Engg Works Ltd.,https://www.moneycontrol.com/india/stockpricequote/trading/acemenenggworkslimited/AME03
101,Ace Software Exports Ltd.,https://www.moneycontrol.com/india/stockpricequote/computerssoftwaremediumsmall/acesoftwareexports/ASE02
102,Ace Software Ltd.,https://www.moneycontrol.com/india/stockpricequote/computerssoftwaremediumsmall/acesoftware/AS23
103,Ace Stonecraft Ltd.,https://www.moneycontrol.com/india/stockpricequote/ceramicsgranite/acestonecraft/ASL02
104,Ace Tours Worldwide Ltd.,https://www.moneycontrol.com/india/stockpricequote/miscellaneous/acetoursworldwide/ATW
105,Acewin Agriteck Ltd.,https://www.moneycontrol.com/india/stockpricequote/miscellaneous/acewinagriteck/INE02
106,Automobile Corp of Goa (ACGL) Ltd.,https://www.moneycontrol.com/india/stockpricequote/acgl/automobilecorpgoaacgl/ACG
107,Achal Investments Ltd.,https://www.moneycontrol.com/india/stockpricequote/financeinvestments/achalinvestments/AI68
108,Achyut Healthcare Ltd.,https://www.moneycontrol.com/india/stockpricequote/miscellaneous/achyuthealthcare/AH09
109,ACI Infocom Ltd.,https://www.moneycontrol.com/india/stockpricequote/computershardware/aciinfocom/ACI07
110,ACIL Cotton Industries Ltd.,https://www.moneycontrol.com/india/stockpricequote/textilesspinningcottonblended/acilcottonindustries/ACI14
111,Acjlascadb svdj Ltd.,https://www.moneycontrol.com/india/stockpricequote/acjlascadbsvdj/acjlascadbsvdj/BCI04
112,Acknit Industries Ltd.,https://www.moneycontrol.com/india/stockpricequote/textileshosieryknitwear/acknitindustriesltd/AK
113,Acmasnvadn dcnd Ltd.,https://www.moneycontrol.com/india/stockpricequote/acmasnvadndcnd/acmasnvadndcnd/CI16
114,Acme Fluoro Polymers Ltd.,https://www.moneycontrol.com/india/stockpricequote/miscellaneous/acmefluoropolymers/AFP01
115,Acme Industries Ltd.,https://www.moneycontrol.com/india/stockpricequote/steelmediumsmall/acmeindustries/AI02
116,Acme Resources Ltd.,https://www.moneycontrol.com/india/stockpricequote/financeinvestments/acmeresources/AR9
117,Acme Spinners Ltd.,https://www.moneycontrol.com/india/stockpricequote/textilesspinningcottonblended/acmespinners/ASL01
118,Acquaint Exports Ltd.,https://www.moneycontrol.com/india/stockpricequote/aquaculture/acquaintexports/AE
119,Acropetal Technologies Ltd.,https://www.moneycontrol.com/india/stockpricequote/computerssoftware/acropetaltechnologies/AT21
120,Acrow (India) Ltd.,https://www.moneycontrol.com/india/stockpricequote/constructioncontractingcivil/acrowindia/AI03
121,Bajaj Hindusthan Sugar & Industries Ltd.,https://www.moneycontrol.com/india/stockpricequote/sugar/acscmsdvnsdvinananiaspcmaso/PSI01
122,Action Construction Equipment Ltd.,https://www.moneycontrol.com/india/stockpricequote/engineeringheavy/actionconstructionequipment/ACE3
123,Action Financial Services (India) Ltd.,https://www.moneycontrol.com/india/stockpricequote/financeinvestments/actionfinancialservicesindia/AFS01
124,Active Clothing Co Ltd.,https://www.moneycontrol.com/india/stockpricequote/miscellaneous/activeclothingcoltd/ACC
125,Acumen Trading & Investments Ltd.,https://www.moneycontrol.com/india/stockpricequote/financeinvestments/acumentradinginvestments/ATI01
126,Ad Manum Finance Ltd.,https://www.moneycontrol.com/india/stockpricequote/financeleasinghirepurchase/admanumfinance/AMF01
127,Adam Comsof Ltd.,https://www.moneycontrol.com/india/stockpricequote/computerssoftwaremediumsmall/adamcomsof/AC01
128,Adani Enterprises Ltd.,https://www.moneycontrol.com/india/stockpricequote/trading/adanienterprises/AE13
129,Adani Green Energy Ltd.,https://www.moneycontrol.com/india/stockpricequote/powergenerationdistribution/adanigreenenergylimited/ADANI54145
130,Adani Ports and Special Economic Zone Ltd.,https://www.moneycontrol.com/india/stockpricequote/infrastructuregeneral/adaniportsspecialeconomiczone/MPS
131,Adani Power Ltd.,https://www.moneycontrol.com/india/stockpricequote/powergenerationdistribution/adanipower/AP11
132,Adani Total Gas Ltd.,https://www.moneycontrol.com/india/stockpricequote/adanitotalgas/adanitotalgas/ADG01
133,Adani Transmission Ltd.,https://www.moneycontrol.com/india/stockpricequote/powertransmissionequipment/adanitransmission/AT22
134,Adani Wilmar Ltd.,https://www.moneycontrol.com/india/stockpricequote/consumerfood/adaniwilmar/AW
135,Adarsh Chemicals and Fertilisers Ltd.,https://www.moneycontrol.com/india/stockpricequote/fertilisers/adarshchemicalsfertilisers/ACF
136,Adarsh Mercantile Ltd.,https://www.moneycontrol.com/india/stockpricequote/miscellaneous/adarshmercantile/AM12
137,Adarsh Plantation Projects Ltd.,https://www.moneycontrol.com/india/stockpricequote/adarshplant/adarshplantationprojects/APP01
138,ADC India Communications Ltd.,https://www.moneycontrol.com/india/stockpricequote/telecommunicationsequipment/adcindiacommunications/KC07
139,Adcon Capital Services Ltd.,https://www.moneycontrol.com/india/stockpricequote/financeinvestments/adconcapitalservices/ACS03
140,Adcon Capital Services RE Ltd.,https://www.moneycontrol.com/india/stockpricequote/financeinvestment/adconcapitalservicesre/ACS02
141,Add-Life Pharma Ltd.,https://www.moneycontrol.com/india/stockpricequote/pharmaceuticals/addlifepharma/ALP
142,Add-Shop Promotions Ltd.,https://www.moneycontrol.com/india/stockpricequote/addshoppromot/addshoppromotions/AP12
143,Addi Industries Ltd.,https://www.moneycontrol.com/india/stockpricequote/textileshosieryknitwear/addiindustries/AI05
144,Adel Visi Ltd.,https://www.moneycontrol.com/india/stockpricequote/miscellaneous/adelvisi/AV01
145,Adeshwar Meditex Ltd.,https://www.moneycontrol.com/india/stockpricequote/medicalequipmentsuppliesaccessories/adeshwarmeditex/AM10
146,ADF Foods Industries Ltd.,https://www.moneycontrol.com/india/stockpricequote/foodprocessing/adffoodsindustries/AF30
147,Adharshila Capital Services  Ltd.,https://www.moneycontrol.com/india/stockpricequote/banksprivatesector/adharshilacapitalservices/ACS05
148,Adhbhut Infrastructure Ltd.,https://www.moneycontrol.com/india/stockpricequote/adhbhutinfra/adhbhutinfrastructure/AI71
149,Adhunik Metaliks Ltd.,https://www.moneycontrol.com/india/stockpricequote/steelspongeiron/adhunikmetaliks/AM9
150,Adhunik Synthetics Ltd.,https://www.moneycontrol.com/india/stockpricequote/textilesweaving/adhuniksynthetics/AS
151,Adhunik Yarns Ltd.,https://www.moneycontrol.com/india/stockpricequote/textilesprocessing/adhunikyarns/AY
152,Adinath Bio-Labs Ltd.,https://www.moneycontrol.com/india/stockpricequote/pharmaceuticals/adinathbiolabs/ABL02
153,Adinath Exim Resources Ltd.,https://www.moneycontrol.com/india/stockpricequote/financeinvestments/adinatheximresources/AER
154,ADINATH TEXTILES Ltd.,https://www.moneycontrol.com/india/stockpricequote/textilesspinningsyntheticblended/adinathtextiles/AT02
155,Adishakti Loha & Ispat Ltd.,https://www.moneycontrol.com/india/stockpricequote/ironsteel/adishaktilohaispat/ALI05
156,Adithya Alkaloids Ltd.,https://www.moneycontrol.com/india/stockpricequote/pharmaceuticals/adithyaalkaloids/AAL
157,Adithya Aqua Culture Ltd.,https://www.moneycontrol.com/india/stockpricequote/aquaculture/adithyaaquaculture/AAC03
158,Aditri Industries Ltd.,https://www.moneycontrol.com/india/stockpricequote/textilesreadymadeapparels/aditriindustries/AC02
159,Aditya Birla Chemicals Ltd.,https://www.moneycontrol.com/india/stockpricequote/chemicals/adityabirlachemicals/ABC08
160,Aditya Birla Fashion & Retail Ltd.,https://www.moneycontrol.com/india/stockpricequote/retail/adityabirlafashionretail/PFR
161,Aditya Consumer Marketing Ltd.,https://www.moneycontrol.com/india/stockpricequote/retail/adityaconsumermarketing/ACM01
162,Aditya Electro Communications Ltd.,https://www.moneycontrol.com/india/stockpricequote/electricals/adityaelectrocommunications/AEC02
163,Aditya Exports Ltd.,https://www.moneycontrol.com/india/stockpricequote/miscellaneous/adityaexports/AEL01
164,Aditya Forge Ltd.,https://www.moneycontrol.com/india/stockpricequote/castingsforgings/adityaforge/AF
165,Aditya International Ltd.,https://www.moneycontrol.com/india/stockpricequote/trading/adityainternational/AI37
166,Aditya Ispat Ltd.,https://www.moneycontrol.com/india/stockpricequote/steelmediumsmall/adityaispat/AI06
167,Aditya Lime Industries Ltd.,https://www.moneycontrol.com/india/stockpricequote/chemicals/adityalimeindustries/ALI01
168,Aditya Mills Ltd.,https://www.moneycontrol.com/india/stockpricequote/diversified/adityamills/AML01
169,Aditya Polymers Ltd.,https://www.moneycontrol.com/india/stockpricequote/packaging/adityapolymers/APL02
170,Aditya Spinners Ltd.,https://www.moneycontrol.com/india/stockpricequote/textilesspinningsyntheticblended/adityaspinners/AS01
171,Aditya Vision Ltd.,https://www.moneycontrol.com/india/stockpricequote/miscellaneous/adityavision/AV
172,Adjia Technologies Ltd.,https://www.moneycontrol.com/india/stockpricequote/software/adjiatechnologies/AT24
173,Adline Chem Lab Ltd.,https://www.moneycontrol.com/india/stockpricequote/adlinechemlab/adlinechemlab/KL
174,Ador Fontech Ltd.,https://www.moneycontrol.com/india/stockpricequote/electrodesgraphite/adorfontech/AF22
175,Ador Multiproducts Ltd.,https://www.moneycontrol.com/india/stockpricequote/personalcare/adormultiproducts/AM01
176,Ador Powertron Ltd.,https://www.moneycontrol.com/india/stockpricequote/miscellaneous/adorpowertron/AP25
177,Ador Technopak Ltd.,https://www.moneycontrol.com/india/stockpricequote/packaging/adortechnopak/AT11
178,Ador Welding Ltd.,https://www.moneycontrol.com/india/stockpricequote/electrodesgraphite/adorwelding/AW01
179,Adroit Infotech Ltd.,https://www.moneycontrol.com/india/stockpricequote/computerssoftware/adroitinfotech/CC22
180,ADS Diagnostic Ltd.,https://www.moneycontrol.com/india/stockpricequote/hospitalsmedicalservices/adsdiagnostic/ADS
181,Advait Infratech Ltd.,https://www.moneycontrol.com/india/stockpricequote/constructioninfrastructure/advaitinfratechlimited/AIL05
182,Advance Bio-Coal (India) Ltd.,https://www.moneycontrol.com/india/stockpricequote/miscellaneous/advancebiocoalindia/ABC04
183,Advance Lifestyles Ltd.,https://www.moneycontrol.com/india/stockpricequote/textilesspinningcottonblended/advancelifestyles/AAM
184,Advance Metering Technology Ltd.,https://www.moneycontrol.com/india/stockpricequote/powergenerationdistribution/advancemeteringtechnology/AMT
185,Advance Multitech Ltd.,https://www.moneycontrol.com/india/stockpricequote/rubber/advancemultitech/AM02
186,Advance Petrochemicals Ltd.,https://www.moneycontrol.com/india/stockpricequote/detergents/advancepetrochemicals/AP02
187,Advance PowerInfra Tech Ltd.,https://www.moneycontrol.com/india/stockpricequote/financeinvestments/advancepowerinfratech/MF05
188,Advance Syntex  Ltd.,https://www.moneycontrol.com/india/stockpricequote/miscellaneous/advancesyntex/AS08
189,Advanced Enzyme Technologies Ltd.,https://www.moneycontrol.com/india/stockpricequote/pharmaceuticals/advancedenzymetechnologies/AET
190,Advanced Micronic Devices Ltd.,https://www.moneycontrol.com/india/stockpricequote/hospitalsmedicalservices/advancedmicronicdevices/AMD
191,Advani Hotels and Resorts (India) Ltd.,https://www.moneycontrol.com/india/stockpricequote/hotels/advanihotelsresortsindia/AHR
192,Advanta Ltd.,https://www.moneycontrol.com/india/stockpricequote/miscellaneous/advanta/AI39
193,Advent Computer Services Ltd.,https://www.moneycontrol.com/india/stockpricequote/computerssoftwaremediumsmall/adventcomputerservices/ACS01
194,Advik Capital  Ltd.,https://www.moneycontrol.com/india/stockpricequote/financeinvestments/advikcapital/AIL04
195,Advik Laboratories Ltd.,https://www.moneycontrol.com/india/stockpricequote/pharmaceuticals/adviklaboratories/AL07
196,Advik Capital RE Ltd.,https://www.moneycontrol.com/india/stockpricequote/financeinvestment/advikcapitalre/ACR
197,AEC Enterprises Ltd.,https://www.moneycontrol.com/india/stockpricequote/miscellaneous/aecenterprises/AEC
198,AEC (India) Ltd.,https://www.moneycontrol.com/india/stockpricequote/constructioncontractingcivil/aecindia/AEC01
199,Aegis Logistics Ltd.,https://www.moneycontrol.com/india/stockpricequote/transportlogistics/aegislogistics/AL9
200,Aeonian Investments Ltd.,https://www.moneycontrol.com/india/stockpricequote/financeinvestments/aeonianinvestments/AI07
201,Aerpace Industries Ltd.,https://www.moneycontrol.com/india/stockpricequote/aerpaceind/aerpaceindustries/ICV01
202,Aesculapius Remedies Ltd.,https://www.moneycontrol.com/india/stockpricequote/pharmaceuticals/aesculapiusremedies/AR05
203,Aether Industries Ltd.,https://www.moneycontrol.com/india/stockpricequote/specialitychemicals/aetherindustries/AI84
204,A F Enterprises RE Ltd.,https://www.moneycontrol.com/india/stockpricequote/miscellaneous/afenterprisesre/ER04
205,Affle India Ltd.,https://www.moneycontrol.com/india/stockpricequote/affleindia/affleindia/AI82
206,Affordable Robotic & Automation Ltd.,https://www.moneycontrol.com/india/stockpricequote/engineering/affordableroboticautomation/ARA
207,Arvind Fashions Ltd.,https://www.moneycontrol.com/india/stockpricequote/miscellaneous/arvindfashionslimited/ARVIN54248
208,Aftek Ltd.,https://www.moneycontrol.com/india/stockpricequote/computerssoftwaremediumsmall/aftek/A14
209,Agarwal Float Glass India Ltd.,https://www.moneycontrol.com/india/stockpricequote/miscellaneous/agarwalfloatglassindia/AFG
210,Agarwal Fortune India Ltd.,https://www.moneycontrol.com/india/stockpricequote/agarwalfortune/agarwalfortuneindia/DLF01
211,Agarwal Industrial Corporation Ltd.,https://www.moneycontrol.com/india/stockpricequote/transportlogistics/agarwalindustrialcorporation/AIC03
212,AGI Greenpac Ltd.,https://www.moneycontrol.com/india/stockpricequote/agigreenpac/agigreenpac/HSI02
213,AGI Infra Ltd.,https://www.moneycontrol.com/india/stockpricequote/constructioncontractingcivil/agiinfra/AI43
214,Agio Paper & Industries Ltd.,https://www.moneycontrol.com/india/stockpricequote/paper/agiopaperindustries/API08
215,Agni Green Power Ltd.,https://www.moneycontrol.com/india/stockpricequote/renewables/agnigreenpower/AGP
216,Agri Marine Exports Ltd.,https://www.moneycontrol.com/india/stockpricequote/aquaculture/agrimarineexports/AME01
217,Agri-Tech (India) Ltd.,https://www.moneycontrol.com/india/stockpricequote/fertilisers/agritechindia/ATI02
218,Agrimas Chemicals Ltd.,https://www.moneycontrol.com/india/stockpricequote/pesticidesagrochemicals/agrimaschemicals/ACL04
219,Agrimony Commodities Ltd.,https://www.moneycontrol.com/india/stockpricequote/trading/agrimonycommodities/AC11
220,Agritech Hatcheries and Foods Ltd.,https://www.moneycontrol.com/india/stockpricequote/miscellaneous/agritechhatcheriesfoods/AHF
221,Agro Chem Punjab Ltd.,https://www.moneycontrol.com/india/stockpricequote/fertilisers/agrochempunjab/ACP01
222,Agro Dutch Industries Ltd.,https://www.moneycontrol.com/india/stockpricequote/foodprocessing/agrodutchindustries/ADI02
223,Agro Phos India Ltd.,https://www.moneycontrol.com/india/stockpricequote/diversified/agrophosindia/API
224,Agro Tech Foods Ltd.,https://www.moneycontrol.com/india/stockpricequote/edibleoilssolventextraction/agrotechfoods/ATF
225,AGS Infotech Ltd.,https://www.moneycontrol.com/india/stockpricequote/computerssoftware/agsinfotech/AGS02
226,AGS Transact Technologies Ltd.,https://www.moneycontrol.com/india/stockpricequote/onlineservices/agstransacttechnologies/ATT
227,SCAPDVR Ltd.,https://www.moneycontrol.com/india/stockpricequote/miscellaneous/ahdvbch/SCAPD17
228,Ahimsa Industries Ltd.,https://www.moneycontrol.com/india/stockpricequote/plastics/ahimsaindustries/AI44
229,Ahlada Engineers  Ltd.,https://www.moneycontrol.com/india/stockpricequote/ahladaengineer/ahladaengineers/AE21
230,Ahlcon Parenteral (India) Ltd.,https://www.moneycontrol.com/india/stockpricequote/pharmaceuticals/ahlconparenteralindia/API01
231,Ahluwalia Contracts India Ltd.,https://www.moneycontrol.com/india/stockpricequote/constructioncontractingcivil/ahluwaliacontractsindia/ACI12
232,Ahmedabad Stellcr Ltd.,https://www.moneycontrol.com/india/stockpricequote/steelrolling/ahmedabadstellcr/AS02
233,Ahura Welding Elec Mfg Ltd.,https://www.moneycontrol.com/india/stockpricequote/electrodesgraphite/ahuraweldingelecmfg/AWE
234,AI Champdany Industries Ltd.,https://www.moneycontrol.com/india/stockpricequote/miscellaneous/aichampdanyindustries/AIC02
235,AIA Engineering Ltd.,https://www.moneycontrol.com/india/stockpricequote/castingsforgings/aiaengineering/AIE01
236,Ambassador Intra Holdings Ltd.,https://www.moneycontrol.com/india/stockpricequote/miscellaneous/ambassadorintraholdings/AIHL54252
237,Aikyam Intellectual Property Consultancy Ltd.,https://www.moneycontrol.com/india/stockpricequote/packaging/aikyamintellectualpropertyconsultancy/MPU
238,Aimco Pesticides Ltd.,https://www.moneycontrol.com/india/stockpricequote/pesticidesagrochemicals/aimcopesticides/AP03
239,Air Command India Ltd.,https://www.moneycontrol.com/india/stockpricequote/consumergoodswhitegoods/aircommandindia/ACI02
240,Air Command Technologies Ltd.,https://www.moneycontrol.com/india/stockpricequote/consumergoodswhitegoods/aircommandtechnologies/ACT
241,Airan Ltd.,https://www.moneycontrol.com/india/stockpricequote/airan/airan/A09
242,Airo Lam Ltd.,https://www.moneycontrol.com/india/stockpricequote/miscellaneous/airolam/AL08
243,Aishwarya Technologies and Telecom Ltd.,https://www.moneycontrol.com/india/stockpricequote/telecommunicationsequipment/aishwaryatechnologiestelecom/AT15
244,AJ Brothers Ltd.,https://www.moneycontrol.com/india/stockpricequote/aluminium/ajbrothers/AJB
245,Ajanta Pharmaceuticals Ltd.,https://www.moneycontrol.com/india/stockpricequote/pharmaceuticals/ajantapharma/AP22
246,Ajanta Soya Ltd.,https://www.moneycontrol.com/india/stockpricequote/vanaspatioils/ajantasoya/AS03
247,Ajanta Tubes Ltd.,https://www.moneycontrol.com/india/stockpricequote/steeltubespipes/ajantatubes/AT03
248,NAKODA GROUP OF INDUSTRIES LIM,https://www.moneycontrol.com/india/stockpricequote/ajbcjsbclvnsdj/ajbcjsbclvnsdjv/NGIL541418
249,Ajcon Global Ltd.,https://www.moneycontrol.com/india/stockpricequote/financeinvestments/ajconglobal/AG01
250,AJEL Ltd.,https://www.moneycontrol.com/india/stockpricequote/computerssoftwaremediumsmall/ajel/AI64
251,Ajmera Realty and Infra India Ltd.,https://www.moneycontrol.com/india/stockpricequote/constructioncontractingrealestate/ajmerarealtyinfraindia/ARI03
252,Ajooni Biotech Ltd.,https://www.moneycontrol.com/india/stockpricequote/diversified/ajoonibiotechltd/ABL01
253,Ajooni Biotech RE Ltd.,https://www.moneycontrol.com/india/stockpricequote/diversified/ajoonibiotechre/ABR
254,AJR Infra and Tolling Ltd.,https://www.moneycontrol.com/india/stockpricequote/constructioncontractingcivil/ajrinfratolling/GIP01
255,Ajwa Fun World and Resort Ltd.,https://www.moneycontrol.com/india/stockpricequote/miscellaneous/ajwafunworldresort/AFW
256,Akai Impex Ltd.,https://www.moneycontrol.com/india/stockpricequote/trading/akaiimpex/AI09
257,Akar Auto Industries  Ltd.,https://www.moneycontrol.com/india/stockpricequote/castingsforgings/akarautoindustries/AT04
258,Akar Laminators Ltd.,https://www.moneycontrol.com/india/stockpricequote/packaging/akarlaminators/AL03
259,Akash Agencies Ltd.,https://www.moneycontrol.com/india/stockpricequote/financeinvestments/akashagencies/AA11
260,Akash Agro Industries Ltd.,https://www.moneycontrol.com/india/stockpricequote/edibleoilssolventextraction/akashagroindustries/AAI
261,Akash Housing Ltd.,https://www.moneycontrol.com/india/stockpricequote/constructioncontractinghousing/akashhousing/AH03
262,Akash Infraprojects Ltd.,https://www.moneycontrol.com/india/stockpricequote/miscellaneous/akashinfraprojects/AI76
263,AKC Synthetics Ltd.,https://www.moneycontrol.com/india/stockpricequote/textilesweaving/akcsynthetics/AKC
264,AKG Acoustics (India) Ltd.,https://www.moneycontrol.com/india/stockpricequote/electricals/akgacousticsindia/AKG
265,AKG Exim Ltd.,https://www.moneycontrol.com/india/stockpricequote/akgexim/akgexim/AE20
266,Akg Exim RE Ltd.,https://www.moneycontrol.com/india/stockpricequote/miscellaneous/akgeximre/AER02
267,Akhil Ceramics Ltd.,https://www.moneycontrol.com/india/stockpricequote/ceramicsgranite/akhilceramics/ACL01
268,AKI India Ltd.,https://www.moneycontrol.com/india/stockpricequote/akiindia/akiindia/AI80
269,AKM Lace and Embrotex Ltd.,https://www.moneycontrol.com/india/stockpricequote/miscellaneous/akmlaceembrotex/AKM
270,Aksh Optifibre Ltd.,https://www.moneycontrol.com/india/stockpricequote/cablestelephone/akshoptifibre/AO03
271,Akshar Spintex Ltd.,https://www.moneycontrol.com/india/stockpricequote/textilesgeneral/aksharspintex/ASL
272,AksharChem (India) Ltd.,https://www.moneycontrol.com/india/stockpricequote/dyespigments/aksharchemindia/AI29
273,Akshay Software Ltd.,https://www.moneycontrol.com/india/stockpricequote/computerssoftwaremediumsmall/akshaysoftware/AS21
274,Akzo Nobel India Ltd.,https://www.moneycontrol.com/india/stockpricequote/paintsvarnishes/akzonobelindia/ICI
275,Akzo Nobel Chemicals India Ltd.,https://www.moneycontrol.com/india/stockpricequote/petrochemicals/akzonobelchemicalsindia/ANC
276,Al-Amanat Finance And Capital Services Ltd.,https://www.moneycontrol.com/india/stockpricequote/financeinvestments/alamanatfinanceandcapitalservices/AAF02
277,Alacrity Electronics Ltd.,https://www.moneycontrol.com/india/stockpricequote/electricals/alacrityelectronics/AE02
278,Alacrity Housing Ltd.,https://www.moneycontrol.com/india/stockpricequote/constructioncontractinghousing/alacrityhousing/AH01
279,Alacrity Securities Ltd.,https://www.moneycontrol.com/india/stockpricequote/financegeneral/alacritysecurities/AS04
280,Alan Scott Industries Ltd.,https://www.moneycontrol.com/india/stockpricequote/alanscottind/alanscottindustries/ASI04
281,Alan Scott Industries RE Ltd.,https://www.moneycontrol.com/india/stockpricequote/miscellaneous/alanscottindustriesre/ASI05
282,Alang Industries Gases Ltd.,https://www.moneycontrol.com/india/stockpricequote/chemicals/alangindustriesgases/AIG
283,Alang Marine Ltd.,https://www.moneycontrol.com/india/stockpricequote/shipping/alangmarine/AM03
284,Alankit Ltd.,https://www.moneycontrol.com/india/stockpricequote/miscellaneous/alankit/EGJ
285,Albert David Ltd.,https://www.moneycontrol.com/india/stockpricequote/pharmaceuticals/albertdavid/AD01
286,Alchemie Organics Ltd.,https://www.moneycontrol.com/india/stockpricequote/pesticidesagrochemicals/alchemieorganics/AO01
287,Alchemist Ltd.,https://www.moneycontrol.com/india/stockpricequote/miscellaneous/alchemist/A12
288,Alchemist Corporation Ltd.,https://www.moneycontrol.com/india/stockpricequote/alchemistcorp/alchemistcorporation/AC23
289,Alchemist Realty Ltd.,https://www.moneycontrol.com/india/stockpricequote/constructioncontractingrealestate/alchemistrealty/AR08
290,Alcoblex Metals Ltd.,https://www.moneycontrol.com/india/stockpricequote/metalsnonferrous/alcoblexmetals/AM04
291,Alembic Ltd.,https://www.moneycontrol.com/india/stockpricequote/pharmaceuticals/alembic/A08
292,Alembic Glass Industries Ltd.,https://www.moneycontrol.com/india/stockpricequote/glassglassproducts/alembicglassindustries/AGI
293,Alembic Pharmaceuticals Ltd.,https://www.moneycontrol.com/india/stockpricequote/pharmaceuticals/alembicpharmaceuticals/AP35
294,Alert Petrogas Ltd.,https://www.moneycontrol.com/india/stockpricequote/miscellaneous/alertpetrogas/AP04
295,Alexander Stamps  And Coin Ltd.,https://www.moneycontrol.com/india/stockpricequote/financeinvestments/alexanderstampsandcoin/JLF
296,Alexcon Extrusions Ltd.,https://www.moneycontrol.com/india/stockpricequote/aluminium/alexconextrusions/AE03
297,Alexcon Foamcast Ltd.,https://www.moneycontrol.com/india/stockpricequote/castingsforgings/alexconfoamcast/AF04
298,Alfa Exports Technologies Ltd.,https://www.moneycontrol.com/india/stockpricequote/chemicals/alfaexportstechnologies/AET01
299,Alfa ICA (India) Ltd.,https://www.moneycontrol.com/india/stockpricequote/miscellaneous/alfaicaindia/AIC
300,Alfa Laval (India) Ltd.,https://www.moneycontrol.com/india/stockpricequote/engineeringheavy/alfalavalindia/ALI02
301,Alfa Transformer Ltd.,https://www.moneycontrol.com/india/stockpricequote/electricequipment/alfatransformer/AT06
302,Alfavision Securities and Finance Ltd.,https://www.moneycontrol.com/india/stockpricequote/financeleasinghirepurchase/alfavisionsecuritiesfinance/ASF
303,Alfred Herbert (India) Ltd.,https://www.moneycontrol.com/india/stockpricequote/engineering/alfredherbertindia/AHI
304,Algoquant Fintech Ltd.,https://www.moneycontrol.com/india/stockpricequote/algoquantfinte/algoquantfintech/HET01
305,Alicon Castalloy Ltd.,https://www.moneycontrol.com/india/stockpricequote/castingsforgings/aliconcastalloy/EC06
306,Alka Diamond Industries Ltd.,https://www.moneycontrol.com/india/stockpricequote/diamondcuttingjewellerypreciousmetals/alkadiamondindustries/ADI01
307,Alka India Ltd.,https://www.moneycontrol.com/india/stockpricequote/textilesspinningcottonblended/alkaindia/AI52
308,Alka Securities Ltd.,https://www.moneycontrol.com/india/stockpricequote/financegeneral/alkasecurities/AS17
309,Alkali Metals Ltd.,https://www.moneycontrol.com/india/stockpricequote/chemicals/alkalimetals/AM11
310,Alkem Laboratories Ltd.,https://www.moneycontrol.com/india/stockpricequote/pharmaceuticals/alkemlaboratories/AL05
311,Alkosign Ltd.,https://www.moneycontrol.com/india/stockpricequote/miscellaneous/alkosign/A20
312,Alkyl Amines Chemicals Ltd.,https://www.moneycontrol.com/india/stockpricequote/chemicals/alkylamineschemicals/AAC
313,All E Technologies Ltd.,https://www.moneycontrol.com/india/stockpricequote/miscellaneous/alletechnologies/AT26
314,All Metal Process Industries Ltd.,https://www.moneycontrol.com/india/stockpricequote/steelcrhrstrips/allmetalprocessindustries/AMP
315,Allahabad Bank,https://www.moneycontrol.com/india/stockpricequote/bankspublicsector/allahabadbank/AB15
316,Allcargo Logistics Ltd.,https://www.moneycontrol.com/india/stockpricequote/transportlogistics/allcargologistics/AGL02
317,Alliance Capital and Financial Services Ltd.,https://www.moneycontrol.com/india/stockpricequote/financeleasinghirepurchase/alliancecapitalfinancialservices/ACF01
318,Alliance Credit Investments Ltd.,https://www.moneycontrol.com/india/stockpricequote/financeinvestments/alliancecreditinvestments/ACI03
319,Alliance Funds Management Ltd.,https://www.moneycontrol.com/india/stockpricequote/financeinvestments/alliancefundsmanagement/AFM
320,Alliance Integrated Metaliks Ltd.,https://www.moneycontrol.com/india/stockpricequote/steelspongeiron/allianceintegratedmetaliks/AIM
321,Allied Digital Services Ltd.,https://www.moneycontrol.com/india/stockpricequote/computerssoftwaremediumsmall/allieddigitalservices/ADS01
322,Allied Resins and Chemicals Ltd.,https://www.moneycontrol.com/india/stockpricequote/chemicals/alliedresinschemicals/ARC
323,ALLSEC Technologies Ltd.,https://www.moneycontrol.com/india/stockpricequote/computerssoftwaremediumsmall/allsectechnologies/ALL01
324,Allsoft Corporation Ltd.,https://www.moneycontrol.com/india/stockpricequote/computerssoftwaremediumsmall/allsoftcorporation/AC17
325,Almondz Global Securities Ltd.,https://www.moneycontrol.com/india/stockpricequote/financeinvestments/almondzglobalsecurities/AGS
326,Alna Trading & Exports Ltd.,https://www.moneycontrol.com/india/stockpricequote/miscellaneous/alnatradingexports/ATE03
327,Alok Industries Ltd.,https://www.moneycontrol.com/india/stockpricequote/textilesweaving/alokindustries/AI54
328,Alora Trading Company Ltd.,https://www.moneycontrol.com/india/stockpricequote/trading/aloratradingcompanylimited/ATC03
329,Alp Exports Ltd.,https://www.moneycontrol.com/india/stockpricequote/leatherproducts/alpexports/AE04
330,Alpa Laboratories Ltd.,https://www.moneycontrol.com/india/stockpricequote/pharmaceuticals/alpalaboratories/AL11
331,Alpha Drugs India Ltd.,https://www.moneycontrol.com/india/stockpricequote/pharmaceuticals/alphadrugsindia/ADI
332,Alpha Graphic India Ltd.,https://www.moneycontrol.com/india/stockpricequote/miscellaneous/alphagraphicindia/AGI03
333,Alpha Hi-Tech Fuel Ltd.,https://www.moneycontrol.com/india/stockpricequote/miscellaneous/alphahitechfuel/AHT
334,Alphageo (India) Ltd.,https://www.moneycontrol.com/india/stockpricequote/oildrillingandexploration/alphageoindia/AI10
335,Alphalogic Techsys Ltd.,https://www.moneycontrol.com/india/stockpricequote/alphalogictech/alphalogictechsys/AT23
336,Alpic Finance Ltd.,https://www.moneycontrol.com/india/stockpricequote/financeinvestments/alpicfinance/AF05
337,Alpine Capital Services Ltd.,https://www.moneycontrol.com/india/stockpricequote/financeinvestments/alpinecapitalservices/ACS
338,Alpine Housing Dev Corp Ltd.,https://www.moneycontrol.com/india/stockpricequote/constructioncontractinghousing/alpinehousingdevcorp/AHD
339,Alpine Industries Ltd.,https://www.moneycontrol.com/india/stockpricequote/edibleoilssolventextraction/alpineindustries/AI11
340,Alps Industries Ltd.,https://www.moneycontrol.com/india/stockpricequote/textilesgeneral/alpsindustries/AI12
341,Alps Infosys Ltd.,https://www.moneycontrol.com/india/stockpricequote/computerssoftwaremediumsmall/alpsinfosys/AI42
342,Alps Laboratories Ltd.,https://www.moneycontrol.com/india/stockpricequote/pharmaceuticals/alpslaboratories/AL04
343,Alps Motor Finance Ltd.,https://www.moneycontrol.com/india/stockpricequote/financegeneral/alpsmotorfinance/AMF03
344,Alsa Constructions and Housing Ltd.,https://www.moneycontrol.com/india/stockpricequote/constructioncontractingcivil/alsaconstructionshousing/ACH
345,Alsa Marine and Harvests Ltd.,https://www.moneycontrol.com/india/stockpricequote/aquaculture/alsamarineharvests/AMH
346,Alstone Textiles  Ltd.,https://www.moneycontrol.com/india/stockpricequote/alstonetext/alstonetextiles/SH14
347,Altos India Ltd.,https://www.moneycontrol.com/india/stockpricequote/computershardware/altosindia/AI13
348,Alufluoride Ltd.,https://www.moneycontrol.com/india/stockpricequote/chemicals/alufluoride/A01
349,Aluminium Industries Ltd.,https://www.moneycontrol.com/india/stockpricequote/aluminium/aluminiumindustries/AIL
350,Amajin Agro Exports Ltd.,https://www.moneycontrol.com/india/stockpricequote/foodprocessing/amajinagroexports/AAE
351,Amal Ltd.,https://www.moneycontrol.com/india/stockpricequote/dyespigments/amal/AP05
352,Amal RE Ltd.,https://www.moneycontrol.com/india/stockpricequote/miscellaneous/amalre/AR11
353,Amalgamated Electricity Ltd.,https://www.moneycontrol.com/india/stockpricequote/financeleasinghirepurchase/amalgamatedelectricity/AE05
354,Aman and Aditya Financial Services Ltd.,https://www.moneycontrol.com/india/stockpricequote/financeleasinghirepurchase/amanadityafinancialservices/AAF
355,Amanaya Ventures Ltd.,https://www.moneycontrol.com/india/stockpricequote/miscellaneous/amanayaventures/AV03
356,Amar Alcoholi Ltd.,https://www.moneycontrol.com/india/stockpricequote/breweriesdistilleries/amaralcoholi/AA07
357,Amar Dye-Chem Ltd.,https://www.moneycontrol.com/india/stockpricequote/chemicals/amardyechem/ADC
358,Amar Remedies Ltd.,https://www.moneycontrol.com/india/stockpricequote/personalcare/amarremedies/AR07
359,Amar Vanijya Ltd.,https://www.moneycontrol.com/india/stockpricequote/miscellaneous/amarvanijya/AVL
360,Amara Raja Batteries Ltd.,https://www.moneycontrol.com/india/stockpricequote/autoancillaries/amararajabatteries/ARB
361,Amarjothi Spinning Mills Ltd.,https://www.moneycontrol.com/india/stockpricequote/textilesspinningcottonblended/amarjothispinningmills/ASM01
362,Amarnath Securities Ltd.,https://www.moneycontrol.com/india/stockpricequote/financegeneral/amarnathsecurities/AS25
363,Ambuja Cement Eastern Ltd.,https://www.moneycontrol.com/india/stockpricequote/cementmajor/ambujacementeastern/ACE
364,Amba Enterprises Ltd.,https://www.moneycontrol.com/india/stockpricequote/electricequipment/ambaenterprises/AE18
365,Ambalal Sarabhai Enterprise Ltd.,https://www.moneycontrol.com/india/stockpricequote/pharmaceuticals/ambalalsarabhaienterprise/ASE
366,Ambani Organics Ltd.,https://www.moneycontrol.com/india/stockpricequote/ambaniorganics/ambaniorganics/AO
367,Ambe Hotel & Resorts Ltd.,https://www.moneycontrol.com/india/stockpricequote/hotels/ambehotelresorts/AHR02
368,Amber Enterprises India Ltd.,https://www.moneycontrol.com/india/stockpricequote/miscellaneous/amberenterprisesindialimited/AEI01
369,Ambica Agar Ltd.,https://www.moneycontrol.com/india/stockpricequote/ambicaagar/ambicaagar/AA9
370,Ambik Proteins Ltd.,https://www.moneycontrol.com/india/stockpricequote/edibleoilssolventextraction/ambikproteins/APL01
371,Ambika Cotton Mills Ltd.,https://www.moneycontrol.com/india/stockpricequote/textilesspinningcottonblended/ambikacottonmills/ACM04
372,Ambika Silk Mills Co Ltd.,https://www.moneycontrol.com/india/stockpricequote/textilesprocessing/ambikasilkmillsco/ASM05
373,Ambition Mica Ltd.,https://www.moneycontrol.com/india/stockpricequote/miscellaneous/ambitionmica/AM
374,Ambitious Plastomac Ltd.,https://www.moneycontrol.com/india/stockpricequote/plastics/ambitiousplastomac/AP06
375,Ambo Agritec Ltd.,https://www.moneycontrol.com/india/stockpricequote/miscellaneous/amboagritec/AA17
376,Ambuja Agro Industries Ltd.,https://www.moneycontrol.com/india/stockpricequote/edibleoilssolventextraction/ambujaagroindustries/AAI01
377,Ambuja Cement Rajasthan Ltd.,https://www.moneycontrol.com/india/stockpricequote/cementmajor/ambujacementrajasthan/ACR01
378,Ambuja Cements Ltd.,https://www.moneycontrol.com/india/stockpricequote/cementmajor/ambujacements/AC18
379,Ambuja Electrocastings Ltd.,https://www.moneycontrol.com/india/stockpricequote/steelmediumsmall/ambujaelectrocastings/AE06
380,Ambuja Flour Mills Ltd.,https://www.moneycontrol.com/india/stockpricequote/foodprocessing/ambujaflourmills/AFM01
381,Ambuja Shipping and Software Ltd.,https://www.moneycontrol.com/india/stockpricequote/computerssoftwaremediumsmall/ambujashippingsoftware/ASS
382,Ambuja Zinc Ltd.,https://www.moneycontrol.com/india/stockpricequote/miningminerals/ambujazinc/AZ
383,Amco India Ltd.,https://www.moneycontrol.com/india/stockpricequote/plastics/amcoindia/AI61
384,AMD Industries Ltd.,https://www.moneycontrol.com/india/stockpricequote/packaging/amdindustries/AMD02
385,AMEI Power Ltd.,https://www.moneycontrol.com/india/stockpricequote/electricequipment/ameipower/AME
386,American Paints (India) Ltd.,https://www.moneycontrol.com/india/stockpricequote/paintsvarnishes/americanpaintsindia/API04
387,American Remedies Ltd.,https://www.moneycontrol.com/india/stockpricequote/pharmaceuticals/americanremedies/AR03
388,AMERISE BIOSCIENCES Ltd.,https://www.moneycontrol.com/india/stockpricequote/amerisebio/amerisebiosciences/AI53
389,Amethi Textiles Ltd.,https://www.moneycontrol.com/india/stockpricequote/textilesspinningcottonblended/amethitextiles/ATL02
390,Amex Carbonates and Chemicals Ltd.,https://www.moneycontrol.com/india/stockpricequote/chemicals/amexcarbonateschemicals/ACC01
391,Ameya Precision Engineers Ltd.,https://www.moneycontrol.com/india/stockpricequote/engineering/ameyaprecisionengineers/APE01
392,Amforge Industries Ltd.,https://www.moneycontrol.com/india/stockpricequote/castingsforgings/amforgeindustries/AI14
393,Ami Computers (India) Ltd.,https://www.moneycontrol.com/india/stockpricequote/computerssoftwaremediumsmall/amicomputersindia/ACI04
394,AMI Organics Ltd.,https://www.moneycontrol.com/india/stockpricequote/specialitychemicals/amiorganics/AO05
395,Amiable Logistics India Ltd.,https://www.moneycontrol.com/india/stockpricequote/logistics/amiablelogisticsindia/ALI06
396,Amigo Exports Ltd.,https://www.moneycontrol.com/india/stockpricequote/miscellaneous/amigoexports/AE07
397,Amin Tannery Ltd.,https://www.moneycontrol.com/india/stockpricequote/leatherproducts/amintannery/AMINT54177
398,Amines and Plasticizers Ltd.,https://www.moneycontrol.com/india/stockpricequote/chemicals/aminesplasticizers/AP07
399,Aminex Chemicals Ltd.,https://www.moneycontrol.com/india/stockpricequote/chemicals/aminexchemicals/AC03
400,Amison Foods Ltd.,https://www.moneycontrol.com/india/stockpricequote/aquaculture/amisonfoods/AF06
401,Amit International Ltd.,https://www.moneycontrol.com/india/stockpricequote/textileshosieryknitwear/amitinternational/AI15
402,Amit Securities Ltd.,https://www.moneycontrol.com/india/stockpricequote/financegeneral/amitsecurities/AS13
403,Amit Spinning Industries Ltd.,https://www.moneycontrol.com/india/stockpricequote/textilesspinningcottonblended/amitspinningindustries/ASI03
404,AMJ Land Ltd.,https://www.moneycontrol.com/india/stockpricequote/paper/amjland/PPP
405,AML Steel Ltd.,https://www.moneycontrol.com/india/stockpricequote/miningminerals/amlsteel/AML03
406,Ammana Bio Pharma Ltd.,https://www.moneycontrol.com/india/stockpricequote/chemicals/ammanabiopharma/ABP
407,Ampro Products Ltd.,https://www.moneycontrol.com/india/stockpricequote/foodprocessing/amproproducts/AP08
408,Amrapali Capital and Finance Services Ltd.,https://www.moneycontrol.com/india/stockpricequote/financegeneral/amrapalicapitalfinanceservices/ACF05
409,Amrapali Developers India Ltd.,https://www.moneycontrol.com/india/stockpricequote/trading/amrapalidevelopersindia/ADI04
410,Amrapali Fincap Ltd.,https://www.moneycontrol.com/india/stockpricequote/financegeneral/amrapalifincap/AF08
411,Amrapali Industries Ltd.,https://www.moneycontrol.com/india/stockpricequote/trading/amrapaliindustries/AI16
412,Amraworld Agrico Ltd.,https://www.moneycontrol.com/india/stockpricequote/amraworld/amraworldagrico/AA13
413,Amrit Banaspati Company Ltd.,https://www.moneycontrol.com/india/stockpricequote/vanaspatioils/amritbanaspaticompany/ABC06
414,Amrit Corporation Ltd.,https://www.moneycontrol.com/india/stockpricequote/vanaspatioils/amritcorporation/AC20
415,Amrut Credit Corporation Ltd.,https://www.moneycontrol.com/india/stockpricequote/financeinvestments/amrutcreditcorporation/ACC02
416,Amrut Industries Ltd.,https://www.moneycontrol.com/india/stockpricequote/foodprocessing/amrutindustries/AI17
417,Amrutanjan Health Care Ltd.,https://www.moneycontrol.com/india/stockpricequote/pharmaceuticals/amrutanjanhealthcare/AHC01
418,AMS POLYMERS LIMITED Ltd.,https://www.moneycontrol.com/india/stockpricequote/autoancillaries/amspolymerslimited/SMA02
419,Artemis Medicare Services Ltd.,https://www.moneycontrol.com/india/stockpricequote/hospitalsmedicalservices/artemismedicareservices/ARTEM54291
420,Amsons Apparels Ltd.,https://www.moneycontrol.com/india/stockpricequote/textilesreadymadeapparels/amsonsapparels/AA09
421,Amtek Auto Ltd.,https://www.moneycontrol.com/india/stockpricequote/autoancillaries/amtekauto/AA01
422,Amzel Automotive Ltd.,https://www.moneycontrol.com/india/stockpricequote/autoancillaries/amzelautomotive/AA03
423,Anagram Finance Ltd.,https://www.moneycontrol.com/india/stockpricequote/financeinvestments/anagramfinance/AF07
424,Anan Drug & Chem Ltd.,https://www.moneycontrol.com/india/stockpricequote/chemicals/anandrugchem/ADC01
425,Anand Cotspin Ltd.,https://www.moneycontrol.com/india/stockpricequote/textilesspinningcottonblended/anandcotspin/AC04
426,Anand Credit Ltd.,https://www.moneycontrol.com/india/stockpricequote/financeinvestments/anandcredit/AC14
427,Anand Projects Ltd.,https://www.moneycontrol.com/india/stockpricequote/powergenerationdistribution/anandprojects/AES
428,Anand Rathi Wealth Ltd.,https://www.moneycontrol.com/india/stockpricequote/financeinvestment/anandrathiwealth/ARW
429,Anand Rayons Ltd.,https://www.moneycontrol.com/india/stockpricequote/textilesprocessing/anandrayons/AR09
430,Anant Raj Ltd.,https://www.moneycontrol.com/india/stockpricequote/anantraj/anantraj/ARI
431,Anco Communications Ltd.,https://www.moneycontrol.com/india/stockpricequote/telecommunicationsequipment/ancocommunications/AC05
432,Andhra Bank,https://www.moneycontrol.com/india/stockpricequote/bankspublicsector/andhrabank/AB14
433,Andhra Cement Ltd.,https://www.moneycontrol.com/india/stockpricequote/cementmajor/andhracement/AC16
434,Andhra Paper Ltd.,https://www.moneycontrol.com/india/stockpricequote/paper/andhrapaperlimited/APP
435,Andhra Petro Ltd.,https://www.moneycontrol.com/india/stockpricequote/chemicals/andhrapetro/AP09
436,Andhra Pradesh Scooters Ltd.,https://www.moneycontrol.com/india/stockpricequote/auto23wheelers/andhrapradeshscooters/APS01
437,Andhra Sinter Ltd.,https://www.moneycontrol.com/india/stockpricequote/autoancillaries/andhrasinter/ASL07
438,Andhra Valley Power Supply Co Ltd.,https://www.moneycontrol.com/india/stockpricequote/powergenerationdistribution/andhravalleypowersupplyco/AVP
439,The Andhra Sugar Ltd.,https://www.moneycontrol.com/india/stockpricequote/andhrsugar/theandhrasugar/AS18
440,John Cockerill India Ltd.,https://www.moneycontrol.com/india/stockpricequote/andjdvbcsdjncn/andjdvbcsdjncn/JCI01
441,Andrew Yule and Company Ltd.,https://www.moneycontrol.com/india/stockpricequote/trading/andrewyulecompany/AYC
442,Aneri Fincap Ltd.,https://www.moneycontrol.com/india/stockpricequote/financeleasinghirepurchase/anerifincap/FI02
443,ANG Industries Ltd.,https://www.moneycontrol.com/india/stockpricequote/autoancillaries/angindustries/ANG
444,ANG Lifesciences India Ltd.,https://www.moneycontrol.com/india/stockpricequote/pharmaceuticals/anglifesciencesindia/ALI
445,Angel Fibers Ltd.,https://www.moneycontrol.com/india/stockpricequote/textilescottonblended/angelfibers/AF10
446,Angel One Ltd.,https://www.moneycontrol.com/india/stockpricequote/angelone/angelone/ABL03
447,ANI Integrated Services Ltd.,https://www.moneycontrol.com/india/stockpricequote/engineering/aniintegratedservices/AIS02
448,Anik Industries Ltd.,https://www.moneycontrol.com/india/stockpricequote/edibleoilssolventextraction/anikindustries/AI57
449,Anik Ship Breaking Industries Ltd.,https://www.moneycontrol.com/india/stockpricequote/miscellaneous/anikshipbreakingindustries/ASB01
450,Anik Steels Ltd.,https://www.moneycontrol.com/india/stockpricequote/steelmediumsmall/aniksteels/AS05
451,Anil Ltd.,https://www.moneycontrol.com/india/stockpricequote/miscellaneous/anil/AP33
452,Anil Special Steel Industries Ltd.,https://www.moneycontrol.com/india/stockpricequote/steelcrhrstrips/anilspecialsteelindustries/AI26
453,Anjani Finance Ltd.,https://www.moneycontrol.com/india/stockpricequote/financeleasinghirepurchase/anjanifinance/AF28
454,Anjani Foods Ltd.,https://www.moneycontrol.com/india/stockpricequote/anjanifoods/anjanifoods/RFI
455,Anjani Portland Cement Ltd.,https://www.moneycontrol.com/india/stockpricequote/anjaniportland/anjaniportlandcement/APC
456,Anjani Solvents India Ltd.,https://www.moneycontrol.com/india/stockpricequote/edibleoilssolventextraction/anjanisolventsindia/ASI02
457,Anjani Synthetics Ltd.,https://www.moneycontrol.com/india/stockpricequote/textilesprocessing/anjanisynthetics/AS06
458,Anka  India Ltd.,https://www.moneycontrol.com/india/stockpricequote/plastics/ankaindia/AI41
459,Ankit Metal and Power Ltd.,https://www.moneycontrol.com/india/stockpricequote/steelspongeiron/ankitmetalpower/AMa
460,Ankit Yarns Ltd.,https://www.moneycontrol.com/india/stockpricequote/textilesspinningsyntheticblended/ankityarns/AY01
461,Ankuj Zinc-Oxide Ltd.,https://www.moneycontrol.com/india/stockpricequote/chemicals/ankujzincoxide/AZO
462,Ankur Drugs & Pharma Ltd.,https://www.moneycontrol.com/india/stockpricequote/pharmaceuticals/ankurdrugspharma/ADP01
463,Ankush Finstock Ltd.,https://www.moneycontrol.com/india/stockpricequote/financeleasinghirepurchase/ankushfinstock/AF23
464,Anlon Technology Solutions Ltd.,https://www.moneycontrol.com/india/stockpricequote/miscellaneous/anlontechnologysolutions/ATS01
465,Anmol Dairy Ltd.,https://www.moneycontrol.com/india/stockpricequote/foodprocessing/anmoldairy/AD02
466,Anmol Drugs & Pharmaceuticals Ltd.,https://www.moneycontrol.com/india/stockpricequote/pharmaceuticals/anmoldrugspharmaceuticals/ADP02
467,Anmol India Ltd.,https://www.moneycontrol.com/india/stockpricequote/miscellaneous/anmolindia/AI81
468,Anna Finance Ltd.,https://www.moneycontrol.com/india/stockpricequote/constructioncontractingrealestate/annafinance/AFL
469,Annapurna Foils Ltd.,https://www.moneycontrol.com/india/stockpricequote/aluminium/annapurnafoils/AF11
470,Annapurna Swadisht Ltd.,https://www.moneycontrol.com/india/stockpricequote/consumerfood/annapurnaswadisht/AS28
471,ANS Industries Ltd.,https://www.moneycontrol.com/india/stockpricequote/ansindustries/ansindustries/ANS
472,Ansal Buildwell Ltd.,https://www.moneycontrol.com/india/stockpricequote/constructioncontractinghousing/ansalbuildwell/AB11
473,Ansal Housing Ltd.,https://www.moneycontrol.com/india/stockpricequote/constructioncontractinghousing/ansalhousing/AHC
474,Ansal Properties & Infrastructure Ltd.,https://www.moneycontrol.com/india/stockpricequote/constructioncontractinghousing/ansalpropertiesinfrastructure/API07
475,Anshuni Commercial Ltd.,https://www.moneycontrol.com/india/stockpricequote/diamondcuttingjewellerypreciousmetals/anshunicommercial/AC06
476,Antarctica Ltd.,https://www.moneycontrol.com/india/stockpricequote/printingstationery/antarctica/A16
477,Antony Waste Handling Cell Ltd.,https://www.moneycontrol.com/india/stockpricequote/miscellaneous/antonywastehandlingcell/AWH
478,Anubhav Infrastructure Ltd.,https://www.moneycontrol.com/india/stockpricequote/constructioncontractingcivil/anubhavinfrastructure/AI30
479,Anugraha Wood Products Ltd.,https://www.moneycontrol.com/india/stockpricequote/miscellaneous/anugrahawoodproducts/AWP
480,Anuh Pharma Ltd.,https://www.moneycontrol.com/india/stockpricequote/pharmaceuticals/anuhpharma/AP10
481,Anukaran Commercial Enterprises Ltd.,https://www.moneycontrol.com/india/stockpricequote/trading/anukarancommercialenterprises/ACE01
482,Anup Malleables Ltd.,https://www.moneycontrol.com/india/stockpricequote/castingsforgings/anupmalleables/AML02
483,Anupam Finserv Ltd.,https://www.moneycontrol.com/india/stockpricequote/financeinvestments/anupamfinserv/VCS
484,Anupam Rasayan India Ltd.,https://www.moneycontrol.com/india/stockpricequote/specialitychemicals/anupamrasayanindia/ARI02
485,Anupama Steel Ltd.,https://www.moneycontrol.com/india/stockpricequote/steelmediumsmall/anupamasteel/ASL06
486,Anuroop Packaging RE Ltd.,https://www.moneycontrol.com/india/stockpricequote/miscellaneous/anurooppackagingre/APR02
487,Anus Laboratories Ltd.,https://www.moneycontrol.com/india/stockpricequote/pharmaceuticals/anuslaboratories/AL12
488,Anusha International Ltd.,https://www.moneycontrol.com/india/stockpricequote/leatherproducts/anushainternational/AIL03
489,ANZEN Ltd.,https://www.moneycontrol.com/india/stockpricequote/miscellaneous/anzen/ANZEN11945
490,AP Tanneries Ltd.,https://www.moneycontrol.com/india/stockpricequote/leatherproducts/aptanneries/APT
491,Apar Industries Ltd.,https://www.moneycontrol.com/india/stockpricequote/electricequipment/aparindustries/AI40
492,Anjani Portland Cement RE Ltd.,https://www.moneycontrol.com/india/stockpricequote/cement/anjaniportlandcementre/APC01
493,Apcotex Industries Ltd.,https://www.moneycontrol.com/india/stockpricequote/rubber/apcotexindustries/AI58
494,Apeejay Tea Ltd.,https://www.moneycontrol.com/india/stockpricequote/plantationsteacoffee/apeejaytea/AT16
495,Apex Capital And Finance  Ltd.,https://www.moneycontrol.com/india/stockpricequote/financetermlendinginstitutions/apexcapitalandfinance/AHFL541133
496,Apex Frozen Foods Ltd.,https://www.moneycontrol.com/india/stockpricequote/foodprocessing/apexfrozenfoods/AFF
497,Apis India Ltd.,https://www.moneycontrol.com/india/stockpricequote/foodprocessing/apisindia/AI65
498,Anuroop Packaging Ltd.,https://www.moneycontrol.com/india/stockpricequote/apl/anurooppackaginglimited/ANURO54286
499,APL Apollo Tubes Ltd.,https://www.moneycontrol.com/india/stockpricequote/steeltubespipes/aplapollotubes/BT09
500,Aplab Ltd.,https://www.moneycontrol.com/india/stockpricequote/telecommunicationsequipment/aplab/A02
501,APLAB RE Ltd.,https://www.moneycontrol.com/india/stockpricequote/telecommunicationequipment/aplabre/AR10
502,Aplaya Creations Ltd.,https://www.moneycontrol.com/india/stockpricequote/trading/aplayacreations/TL02
503,APM Industries Ltd.,https://www.moneycontrol.com/india/stockpricequote/textilesspinningsyntheticblended/apmindustries/APM
504,Apollo Hospitals Enterprise Ltd.,https://www.moneycontrol.com/india/stockpricequote/hospitalsmedicalservices/apollohospitalsenterprises/AHE
505,Apollo Micro Systems Ltd.,https://www.moneycontrol.com/india/stockpricequote/apollomicrosy/apollomicrosystems/AMS
506,Apollo Pipes Ltd.,https://www.moneycontrol.com/india/stockpricequote/plastics/apollopipes/ALF02
507,Apollo Sindoori Hotels Ltd.,https://www.moneycontrol.com/india/stockpricequote/apollosindoori/apollosindoorihotels/ASH
508,Apollo Tubes & Steel Industries Ltd.,https://www.moneycontrol.com/india/stockpricequote/steelmediumsmall/apollotubessteelindustries/ATS
509,Apollo Tricoat Tubes  Ltd.,https://www.moneycontrol.com/india/stockpricequote/trading/apollotricoattubes/PIF03
510,Apollo Tubes Ltd.,https://www.moneycontrol.com/india/stockpricequote/steelmediumsmall/apollotubes/AT13
511,Apollo Tyres Ltd.,https://www.moneycontrol.com/india/stockpricequote/tyres/apollotyres/AT14
512,Apoorva Leasing Finance and Investment Company Ltd.,https://www.moneycontrol.com/india/stockpricequote/miscellaneous/apoorvaleasingfinanceinvestmentcompany/ALF04
513,Apple Amusement Industries Ltd.,https://www.moneycontrol.com/india/stockpricequote/miscellaneous/appleamusementindustries/AAI02
514,Apple Credit Corporation Ltd.,https://www.moneycontrol.com/india/stockpricequote/financeleasinghirepurchase/applecreditcorporation/ACC03
515,Apple Mutual Fund Ltd.,https://www.moneycontrol.com/india/stockpricequote/financeinvestments/applemutualfund/AMF
516,Appollo Stones Ltd.,https://www.moneycontrol.com/india/stockpricequote/miscellaneous/appollostones/ASL03
517,APR Ltd.,https://www.moneycontrol.com/india/stockpricequote/textilesmanmade/apr/APR
518,APS-Star Industries Ltd.,https://www.moneycontrol.com/india/stockpricequote/textilesmachinery/apsstarindustries/APS
519,Apt Packagings Ltd.,https://www.moneycontrol.com/india/stockpricequote/aptpackagings/aptpackagings/AP34
520,Aptech Ltd.,https://www.moneycontrol.com/india/stockpricequote/computerssoftwaretraining/aptech/A11
521,Aptus Industries Ltd.,https://www.moneycontrol.com/india/stockpricequote/computerssoftware/aptusindustries/AI66
522,Aptus Value Housing Finance India Ltd.,https://www.moneycontrol.com/india/stockpricequote/financehousing/aptusvaluehousingfinanceindia/AVH
523,Aqua Logistics Ltd.,https://www.moneycontrol.com/india/stockpricequote/transportlogistics/aqualogistics/AL14
524,Aqualand India Ltd.,https://www.moneycontrol.com/india/stockpricequote/financeinvestments/aqualandindia/AIL02
525,Aquamarine Food Products Ltd.,https://www.moneycontrol.com/india/stockpricequote/aquaculture/aquamarinefoodproducts/AFP
526,Arambhan Hospitality Ltd.,https://www.moneycontrol.com/india/stockpricequote/hotels/arambhanhospitality/CBC
527,Aramusk Infrastructure Investments Ltd.,https://www.moneycontrol.com/india/stockpricequote/hotels/aramuskinfrastructureinvestments/AII
528,Aravali (India) Ltd.,https://www.moneycontrol.com/india/stockpricequote/plastics/aravaliindia/AI20
529,Aravali Securities and Finance Ltd.,https://www.moneycontrol.com/india/stockpricequote/financeinvestments/aravalisecuritiesfinance/ASF01
530,ARC Finance Ltd.,https://www.moneycontrol.com/india/stockpricequote/financegeneral/arcfinance/ARC01
531,Arcee Industries Ltd.,https://www.moneycontrol.com/india/stockpricequote/plastics/arceeindustries/AI21
532,Arch Pharmalabs Ltd.,https://www.moneycontrol.com/india/stockpricequote/pharmaceuticals/archpharmalabs/AP30
533,Archana Software Ltd.,https://www.moneycontrol.com/india/stockpricequote/computerssoftwaremediumsmall/archanasoftware/AS20
534,Archean Chemical Industries Ltd.,https://www.moneycontrol.com/india/stockpricequote/chemicals/archeanchemicalindustries/ACI05
535,Archidply Decor Ltd.,https://www.moneycontrol.com/india/stockpricequote/archidplydecor/archidplydecor/ADL
536,Archidply Industries Ltd.,https://www.moneycontrol.com/india/stockpricequote/miscellaneous/archidplyindustries/AI
537,Archies Ltd.,https://www.moneycontrol.com/india/stockpricequote/printingstationery/archies/A15
538,Archit Organosys Ltd.,https://www.moneycontrol.com/india/stockpricequote/chemicals/architorganosys/SCL07
539,Arco Leasing Ltd.,https://www.moneycontrol.com/india/stockpricequote/financeinvestments/arcoleasing/ALL
540,Arcotech Ltd.,https://www.moneycontrol.com/india/stockpricequote/metalsnonferrous/arcotech/A17
541,Arcuttipore Tea Company Ltd.,https://www.moneycontrol.com/india/stockpricequote/plantationsteacoffee/arcuttiporeteacompany/ATC
542,Ardi Investments and Trading Company Ltd.,https://www.moneycontrol.com/india/stockpricequote/financeinvestments/ardiinvestmentstradingcompany/AIT02
543,Arex Industries Ltd.,https://www.moneycontrol.com/india/stockpricequote/textilesprocessing/arexindustries/AI22
544,Arfin India Ltd.,https://www.moneycontrol.com/india/stockpricequote/metalsnonferrous/arfinindia/AI70
545,Arham Technologies Ltd.,https://www.moneycontrol.com/india/stockpricequote/miscellaneous/arhamtechnologies/AT25
546,Arham Fiscal Ltd.,https://www.moneycontrol.com/india/stockpricequote/financeinvestments/arhamfiscal/AF24
547,Arhant Suede Ltd.,https://www.moneycontrol.com/india/stockpricequote/miscellaneous/arhantsuede/AS16
548,Arhat Industries Ltd.,https://www.moneycontrol.com/india/stockpricequote/textilesprocessing/arhatindustries/AI35
549,Aries Agro Ltd.,https://www.moneycontrol.com/india/stockpricequote/fertilisers/ariesagro/AA02
550,Arihant Academy Ltd.,https://www.moneycontrol.com/india/stockpricequote/miscellaneous/arihantacademy/AA18
551,Arihant Avenues and Credit Ltd.,https://www.moneycontrol.com/india/stockpricequote/arihantavenues/arihantavenuescredit/AAC02
552,Arihant Capital Markets Ltd.,https://www.moneycontrol.com/india/stockpricequote/financeinvestments/arihantcapitalmarkets/ACM02
553,Arihant Classic Finance. Ltd.,https://www.moneycontrol.com/india/stockpricequote/financeleasinghirepurchase/arihantclassicfinance/ACF04
554,Arihant Corporation Ltd.,https://www.moneycontrol.com/india/stockpricequote/trading/arihantcorporation/ACL05
555,Arihant Cotsyn Ltd.,https://www.moneycontrol.com/india/stockpricequote/textilesspinningsyntheticblended/arihantcotsyn/AC07
556,Arihant Enterprises Ltd.,https://www.moneycontrol.com/india/stockpricequote/steelspongeiron/arihantenterprises/AE08
557,Arihant Foundations and Housing Ltd.,https://www.moneycontrol.com/india/stockpricequote/constructioncontractinghousing/arihantfoundationshousing/AFH
558,Arihant Industries Ltd.,https://www.moneycontrol.com/india/stockpricequote/textilesprocessing/arihantindustries/AI23
559,Arihant Institute Ltd.,https://www.moneycontrol.com/india/stockpricequote/miscellaneous/arihantinstitute/AI78
560,Arihant Steel & Alloys Ltd.,https://www.moneycontrol.com/india/stockpricequote/steelmediumsmall/arihantsteelalloys/ASA02
561,Arihant Superstructures Ltd.,https://www.moneycontrol.com/india/stockpricequote/constructioncontractingrealestate/arihantsuperstructures/SMC07
562,Arihant Thermoware Ltd.,https://www.moneycontrol.com/india/stockpricequote/plastics/arihantthermoware/AT07
563,Arihant Threads Ltd.,https://www.moneycontrol.com/india/stockpricequote/textilesspinningcottonblended/arihantthreads/AT08
564,Arihants Securities Ltd.,https://www.moneycontrol.com/india/stockpricequote/financeinvestments/arihantssecurities/AS07
565,Aris International Ltd.,https://www.moneycontrol.com/india/stockpricequote/miscellaneous/arisinternational/AI69
566,Aristo Bio-Tech and Lifescience Ltd.,https://www.moneycontrol.com/india/stockpricequote/miscellaneous/aristobiotechlifescience/ABL04
567,Arlabs Ltd.,https://www.moneycontrol.com/india/stockpricequote/dyespigments/arlabs/A04
568,Arlem Breweries Ltd.,https://www.moneycontrol.com/india/stockpricequote/breweriesdistilleries/arlembreweries/AB12
569,ARM Polymers Ltd.,https://www.moneycontrol.com/india/stockpricequote/packaging/armpolymers/ARM
570,Armaan Electric Ltd.,https://www.moneycontrol.com/india/stockpricequote/computershardware/armaanelectric/AE09
571,Arman Financial Services Ltd.,https://www.moneycontrol.com/india/stockpricequote/financeleasinghirepurchase/armanfinancialservices/AFS04
572,Arman Holdings Ltd.,https://www.moneycontrol.com/india/stockpricequote/financeinvestments/armanholdings/AH9
573,Arnav Corporation Ltd.,https://www.moneycontrol.com/india/stockpricequote/textileshosieryknitwear/arnavcorporation/PFI01
574,Arnold Holdings Ltd.,https://www.moneycontrol.com/india/stockpricequote/miscellaneous/arnoldholdings/AH08
575,Aro Granite Industries Ltd.,https://www.moneycontrol.com/india/stockpricequote/ceramicsgranite/arograniteindustries/AGI01
576,Arochem Silvassa Ltd.,https://www.moneycontrol.com/india/stockpricequote/detergents/arochemsilvassa/AS14
577,Aroni Commercials Ltd.,https://www.moneycontrol.com/india/stockpricequote/financegeneral/aronicommercials/ACI06
578,Arora Fibres Ltd.,https://www.moneycontrol.com/india/stockpricequote/textilesmanmade/arorafibres/AF13
579,Arpan Leasing Company Ltd.,https://www.moneycontrol.com/india/stockpricequote/financeinvestments/arpanleasingcompany/ALC01
580,Arraycom India Ltd.,https://www.moneycontrol.com/india/stockpricequote/computerssoftwaremediumsmall/arraycomindia/AI46
581,Arrow Greentech Ltd.,https://www.moneycontrol.com/india/stockpricequote/plastics/arrowgreentech/ACP
582,Arrow Textiles Ltd.,https://www.moneycontrol.com/india/stockpricequote/textilesweaving/arrowtextiles/AT20
583,Arshiya Ltd.,https://www.moneycontrol.com/india/stockpricequote/transportlogistics/arshiya/AI60
584,ARSS Infrastructure Projects Ltd.,https://www.moneycontrol.com/india/stockpricequote/constructioncontractingcivil/arssinfrastructureprojects/AIP
585,Art Nirman Ltd.,https://www.moneycontrol.com/india/stockpricequote/constructioncontractingcivil/artnirman/AN
586,Artech Power Products Ltd.,https://www.moneycontrol.com/india/stockpricequote/electricequipment/artechpowerproducts/APP02
587,Artedz Fabs Ltd.,https://www.moneycontrol.com/india/stockpricequote/textilescottonblended/artedzfabs/AF26
588,Artefact Projects Ltd.,https://www.moneycontrol.com/india/stockpricequote/engineering/artefactprojects/AP32
589,Artemis Electricals and Projects Ltd.,https://www.moneycontrol.com/india/stockpricequote/consumergoodselectronic/artemiselectricalsprojects/AE22
590,Artemis Global Life Science Ltd.,https://www.moneycontrol.com/india/stockpricequote/miscellaneous/artemisgloballifescience/AGL03
591,Arti Agro Industries Ltd.,https://www.moneycontrol.com/india/stockpricequote/edibleoilssolventextraction/artiagroindustries/AAI06
592,Artillegence Bio Innovations Ltd.,https://www.moneycontrol.com/india/stockpricequote/chemicals/artillegencebioinnovations/ABI
593,Artson Engineering Ltd.,https://www.moneycontrol.com/india/stockpricequote/engineering/artsonengineering/AE10
594,Arun Mantex Ltd.,https://www.moneycontrol.com/india/stockpricequote/packaging/arunmantex/AM05
595,Arun Pipes Ltd.,https://www.moneycontrol.com/india/stockpricequote/steeltubespipes/arunpipes/AP13
596,Arun Processors Ltd.,https://www.moneycontrol.com/india/stockpricequote/textileshosieryknitwear/arunprocessors/AP14
597,Aruna Hotels Ltd.,https://www.moneycontrol.com/india/stockpricequote/hotels/arunahotels/AH06
598,Aruna Hotels RE Ltd.,https://www.moneycontrol.com/india/stockpricequote/miscellaneous/arunahotelsre/AHR01
599,ARUNIS ABODE Ltd.,https://www.moneycontrol.com/india/stockpricequote/financeinvestments/arunisabode/MBP
600,Arunjyoti Bio Ventures Ltd.,https://www.moneycontrol.com/india/stockpricequote/foodprocessing/arunjyotibioventures/CP02
601,Arunjyoti Enterprises Ltd.,https://www.moneycontrol.com/india/stockpricequote/retail/arunjyotienterprises/AE15
602,Arunoday Mills Ltd.,https://www.moneycontrol.com/india/stockpricequote/textilesspinningcottonblended/arunodaymills/AM06
603,Arvee Laboratories Ltd.,https://www.moneycontrol.com/india/stockpricequote/miscellaneous/arveelaboratoriesltd/AL18
604,Arvin Liquid Gases Ltd.,https://www.moneycontrol.com/india/stockpricequote/chemicals/arvinliquidgases/ALG
605,Arvind Ltd.,https://www.moneycontrol.com/india/stockpricequote/textilesdenim/arvind/A18
606,Arvind Fashions - RE Ltd.,https://www.moneycontrol.com/india/stockpricequote/arvindfasre/arvindfashionsre/AFR
607,Arvind Fashions PP Ltd.,https://www.moneycontrol.com/india/stockpricequote/miscellaneous/arvindfashionspp/AFP03
608,Arvind International Ltd.,https://www.moneycontrol.com/india/stockpricequote/plastics/arvindinternational/AI24
609,Arvind Polycot Ltd.,https://www.moneycontrol.com/india/stockpricequote/textilescompositemills/arvindpolycot/AP15
610,Arvind Products Ltd.,https://www.moneycontrol.com/india/stockpricequote/trading/arvindproducts/AP27
611,Arvind Rashayana Udyog Ltd.,https://www.moneycontrol.com/india/stockpricequote/breweriesdistilleries/arvindrashayanaudyog/ARU
612,Arvind Remedies Ltd.,https://www.moneycontrol.com/india/stockpricequote/pharmaceuticals/arvindremedies/AR06
613,Arvind SmartSpaces Ltd.,https://www.moneycontrol.com/india/stockpricequote/infrastructuregeneral/arvindsmartspaces/AI72
614,Aryaman Capital Markets Ltd.,https://www.moneycontrol.com/india/stockpricequote/financeinvestments/aryamancapitalmarkets/ACM
615,Aryaman Financial Services Ltd.,https://www.moneycontrol.com/india/stockpricequote/financeleasinghirepurchase/aryamanfinancialservices/AFS02
616,Aryan Finefab Ltd.,https://www.moneycontrol.com/india/stockpricequote/textilescompositemills/aryanfinefab/AF14
617,Aryan Pesticides Ltd.,https://www.moneycontrol.com/india/stockpricequote/dyespigments/aryanpesticides/AP20
618,Aryavan Enterprise Ltd.,https://www.moneycontrol.com/india/stockpricequote/steelmediumsmall/aryavanenterprise/DAS02
619,Aryan Share & Stock Brokers Lt Ltd.,https://www.moneycontrol.com/india/stockpricequote/miscellaneous/aryansharestockbrokerslt/ARYAN54217
620,Asahi Fibres Ltd.,https://www.moneycontrol.com/india/stockpricequote/textilesspinningcottonblended/asahifibres/AF15
621,Asahi India Glass Ltd.,https://www.moneycontrol.com/india/stockpricequote/glassglassproducts/asahiindiaglass/AIG01
622,Asahi Infrastructure And Projects Ltd.,https://www.moneycontrol.com/india/stockpricequote/constructioncontractinghousing/asahiinfrastructureandprojects/AIA
623,Asahi Songwon Colors Ltd.,https://www.moneycontrol.com/india/stockpricequote/dyespigments/asahisongwoncolors/ASC01
624,Rudra Global Infra Products Ltd.,https://www.moneycontrol.com/india/stockpricequote/ascaps/ascapssdpocdpcsdpsd/RGI02
625,DBADIFGAUIDFGIUABCKB Ltd.,https://www.moneycontrol.com/india/stockpricequote/diversified/dbadifgauidfgiuabckb/RIP03
626,Ascensive Educare Ltd.,https://www.moneycontrol.com/india/stockpricequote/educationalinstitutions/ascensiveeducare/AE23
627,Ascent Exim India Ltd.,https://www.moneycontrol.com/india/stockpricequote/trading/ascenteximindia/ACF02
628,ASCOM Ltd.,https://www.moneycontrol.com/india/stockpricequote/miscellaneous/ascom/ASCOM15030
629,Aseem Global Ltd.,https://www.moneycontrol.com/india/stockpricequote/trading/aseemglobal/AG02
630,Asha Agro Industries Ltd.,https://www.moneycontrol.com/india/stockpricequote/edibleoilssolventextraction/ashaagroindustries/AAI03
631,Ashapura Intimates Fashion Ltd.,https://www.moneycontrol.com/india/stockpricequote/textilesreadymadeapparels/ashapuraintimatesfashion/AIF01
632,Ashapura Minechem Ltd.,https://www.moneycontrol.com/india/stockpricequote/miningminerals/ashapuraminechem/AM07
633,Ashapuri Gold Ornament Ltd.,https://www.moneycontrol.com/india/stockpricequote/diamondjewellery/ashapurigoldornament/AGO
634,Ashari Agencies Ltd.,https://www.moneycontrol.com/india/stockpricequote/miscellaneous/ashariagencies/AA10
635,Ashari Properties & Finances Ltd.,https://www.moneycontrol.com/india/stockpricequote/financeleasinghirepurchase/asharipropertiesfinances/APF01
636,Ashco Niulab Industries Ltd.,https://www.moneycontrol.com/india/stockpricequote/telecommunicationsequipment/ashconiulabindustries/ANI
637,Ashiana Agro Industries Ltd.,https://www.moneycontrol.com/india/stockpricequote/edibleoilssolventextraction/ashianaagroindustries/AAI04
638,Ashiana Housing Ltd.,https://www.moneycontrol.com/india/stockpricequote/constructioncontractinghousing/ashianahousing/AH07
639,Ashiana Ispat Ltd.,https://www.moneycontrol.com/india/stockpricequote/steelrolling/ashianaispat/AI25
640,Ashika Credit Capital Ltd.,https://www.moneycontrol.com/india/stockpricequote/financegeneral/ashikacreditcapital/ACC07
641,Ashim Investment Company Ltd.,https://www.moneycontrol.com/india/stockpricequote/financeinvestments/ashiminvestmentcompany/AI56
642,Ashima Ltd.,https://www.moneycontrol.com/india/stockpricequote/textilesspinningcottonblended/ashima/A10
643,Ashirwad Steel and Industries Ltd.,https://www.moneycontrol.com/india/stockpricequote/steelspongeiron/ashirwadsteelindustries/ASI
644,Ashirwad Capital Ltd.,https://www.moneycontrol.com/india/stockpricequote/financeleasinghirepurchase/ashirwadcapital/AC09
645,Ashish Polyplast Ltd.,https://www.moneycontrol.com/india/stockpricequote/plastics/ashishpolyplast/APL03
646,Ashnisha Industries Ltd.,https://www.moneycontrol.com/india/stockpricequote/ashnishaindust/ashnishaindustrieslimited/ASHNI54170
647,Ashnoor Textile Mills Ltd.,https://www.moneycontrol.com/india/stockpricequote/textileswoollenworsted/ashnoortextilemills/ATM
648,Ashok Alco-Chem Ltd.,https://www.moneycontrol.com/india/stockpricequote/chemicals/ashokalcochem/AAC01
649,Ashok Fashions Ltd.,https://www.moneycontrol.com/india/stockpricequote/textileshosieryknitwear/ashokfashions/AF16
650,Ashok Leyland Finance Ltd.,https://www.moneycontrol.com/india/stockpricequote/financeinvestments/ashokleylandfinance/ALF01
651,Ashok Leyland Ltd.,https://www.moneycontrol.com/india/stockpricequote/autolcvshcvs/ashokleyland/AL
652,Ashoka Buildcon Ltd.,https://www.moneycontrol.com/india/stockpricequote/constructioncontractingcivil/ashokabuildcon/AB
653,Ashoka Cotseeds Ltd.,https://www.moneycontrol.com/india/stockpricequote/miscellaneous/ashokacotseeds/ACL07
654,Ashoka Metcast Ltd.,https://www.moneycontrol.com/india/stockpricequote/diversified/ashokametcastlimited/AML04
655,Ashoka Refineries Ltd.,https://www.moneycontrol.com/india/stockpricequote/ashokarefinery/ashokarefineries/AR
656,Shree Ashtavinayak Cine Vision Ltd.,https://www.moneycontrol.com/india/stockpricequote/mediaentertainment/shreeashtavinayakcinevision/SAC03
657,Ashutosh Paper Mills Ltd.,https://www.moneycontrol.com/india/stockpricequote/paper/ashutoshpapermills/APM03
658,Asia Capital Ltd.,https://www.moneycontrol.com/india/stockpricequote/miscellaneous/asiacapital/AC28
659,Asia Pacific Financial Services Ltd.,https://www.moneycontrol.com/india/stockpricequote/financeinvestments/asiapacificfinancialservices/APF
660,Asia Pacific Investment Trust Ltd.,https://www.moneycontrol.com/india/stockpricequote/financeleasinghirepurchase/asiapacificinvestmenttrust/API03
661,Asia Pack Ltd.,https://www.moneycontrol.com/india/stockpricequote/packaging/asiapack/AP16
662,Asia Refinery Ltd.,https://www.moneycontrol.com/india/stockpricequote/petrochemicals/asiarefinery/AR01
663,Asia Threads Ltd.,https://www.moneycontrol.com/india/stockpricequote/textilesprocessing/asiathreads/AT12
664,Asiacorp Securities Ltd.,https://www.moneycontrol.com/india/stockpricequote/printingstationery/asiacorpsecurities/AS09
665,Asian Warehousing Ltd.,https://www.moneycontrol.com/india/stockpricequote/miscellaneous/asianwarehousing/AW02
666,Asian Agalite (India) Ltd.,https://www.moneycontrol.com/india/stockpricequote/miningminerals/asianagaliteindia/AAI05
667,Asian Alloys Ltd.,https://www.moneycontrol.com/india/stockpricequote/steelmediumsmall/asianalloys/AA05
668,Asian Bearings Ltd.,https://www.moneycontrol.com/india/stockpricequote/bearings/asianbearings/AB13
669,Asian Cables and Industries Ltd.,https://www.moneycontrol.com/india/stockpricequote/electricequipment/asiancablesindustries/ACI10
670,Asian Closures Ltd.,https://www.moneycontrol.com/india/stockpricequote/packaging/asianclosures/ACL
671,Asian Consolidated Industries Ltd.,https://www.moneycontrol.com/india/stockpricequote/packaging/asianconsolidatedindustries/ACI11
672,Asian Electronics Ltd.,https://www.moneycontrol.com/india/stockpricequote/electricals/asianelectronics/AE11
673,Asian Energy Services Ltd.,https://www.moneycontrol.com/india/stockpricequote/oildrillingandexploration/asianenergyservices/AOS
674,Asian Fertilizers Ltd.,https://www.moneycontrol.com/india/stockpricequote/fertilisers/asianfertilizers/AF18
675,Asian Films Production and Distribution Ltd.,https://www.moneycontrol.com/india/stockpricequote/mediaentertainment/asianfilmsproductiondistribution/AFP02
676,Asian Flora Ltd.,https://www.moneycontrol.com/india/stockpricequote/miscellaneous/asianflora/AFL01
677,Asian Food Ltd.,https://www.moneycontrol.com/india/stockpricequote/trading/asianfood/SSM03
678,ASIAN GRANITO INDIA RE Ltd.,https://www.moneycontrol.com/india/stockpricequote/miscellaneous/asiangranitoindiare/AGI05
679,Asian Granito India Ltd.,https://www.moneycontrol.com/india/stockpricequote/ceramicsgranite/asiangranitoindia/AGI04
680,Asian Hotels (East) Ltd.,https://www.moneycontrol.com/india/stockpricequote/hotels/asianhotelseast/AHE01
681,Asian Hotels (West) Ltd.,https://www.moneycontrol.com/india/stockpricequote/hotels/asianhotelswest/AHW
682,Asian Hotels (North) Ltd.,https://www.moneycontrol.com/india/stockpricequote/hotels/asianhotelsnorth/AH
683,Asian Industries & Enterprises Ltd.,https://www.moneycontrol.com/india/stockpricequote/miscellaneous/asianindustriesenterprises/AIE
684,Asian Industrial Ltd.,https://www.moneycontrol.com/india/stockpricequote/engineering/asianindustrial/AI38
685,Asian Lakto Industries Ltd.,https://www.moneycontrol.com/india/stockpricequote/foodprocessing/asianlaktoindustries/ALI03
686,Asian Paints Ltd.,https://www.moneycontrol.com/india/stockpricequote/paintsvarnishes/asianpaints/AP31
687,Asian Petroproducts and Exports Ltd.,https://www.moneycontrol.com/india/stockpricequote/asianpetro/asianpetroproductsexports/APE
688,Asian Star Ltd.,https://www.moneycontrol.com/india/stockpricequote/diamondcuttingjewellerypreciousmetals/asianstar/AS15
689,Asian Tea and Exports Ltd.,https://www.moneycontrol.com/india/stockpricequote/plantationsteacoffee/asianteaexports/ATE
690,Asian Tea and Exports RE Ltd.,https://www.moneycontrol.com/india/stockpricequote/miscellaneous/asianteaexportsre/ATE05
691,Asian Tractors Ltd.,https://www.moneycontrol.com/india/stockpricequote/autotractors/asiantractors/ATL01
692,Asian Vegpro Industries Ltd.,https://www.moneycontrol.com/india/stockpricequote/foodprocessing/asianvegproindustries/AVI03
693,Asian Granito India RE1 Ltd.,https://www.moneycontrol.com/india/stockpricequote/ceramicsmarblegranitesanitaryware/asiangranitoindiare1/AGI06
694,Asiatic Food (Exports) Ltd.,https://www.moneycontrol.com/india/stockpricequote/foodprocessing/asiaticfoodexports/AFE
695,Asiatic Infrastructure and Shelter Ltd.,https://www.moneycontrol.com/india/stockpricequote/constructioncontractingcivil/asiaticinfrastructureshelter/AIS01
696,Asiatic Properties Ltd.,https://www.moneycontrol.com/india/stockpricequote/constructioncontractinghousing/asiaticproperties/APL
697,Aar Shyam India Investment Com Ltd.,https://www.moneycontrol.com/india/stockpricequote/miscellaneous/aarshyamindiainvestmentcom/AARSH54237
698,ASIS Logistics Ltd.,https://www.moneycontrol.com/india/stockpricequote/transportlogistics/asislogistics/P07
699,Asit C Mehta Financial Services Ltd.,https://www.moneycontrol.com/india/stockpricequote/miscellaneous/asitcmehtafinancialservices/ACM05
700,ASL Industries Ltd.,https://www.moneycontrol.com/india/stockpricequote/miscellaneous/aslindustries/AI77
701,Aslo Steel Ltd.,https://www.moneycontrol.com/india/stockpricequote/steelmediumsmall/aslosteel/AS10
702,ASM Technologies Ltd.,https://www.moneycontrol.com/india/stockpricequote/computerssoftwaremediumsmall/asmtechnologies/ASM04
703,ASM Technologies Partly Paid Up Ltd.,https://www.moneycontrol.com/india/stockpricequote/itservicesconsulting/asmtechnologiespartlypaidup/ATP
704,ASMS Ltd.,https://www.moneycontrol.com/india/stockpricequote/miscellaneous/asms/ASMS14867
705,ASM TECHNOLOGIES RE Ltd.,https://www.moneycontrol.com/india/stockpricequote/itservicesconsulting/asmtechnologiesre/ATR01
706,Aspinwall and Company Ltd.,https://www.moneycontrol.com/india/stockpricequote/miscellaneous/aspinwallcompany/AC27
707,Aspira Pathlab & Diagnostics  Ltd.,https://www.moneycontrol.com/india/stockpricequote/aspirapathlab/aspirapathlabdiagnostics/APD
708,ASR Agro Ltd.,https://www.moneycontrol.com/india/stockpricequote/foodprocessing/asragro/ASR
709,ADD-SHOP E-RETAIL RE Ltd.,https://www.moneycontrol.com/india/stockpricequote/retailing/addshoperetailre/AER01
710,Assam Entrade Ltd.,https://www.moneycontrol.com/india/stockpricequote/assam/assamentradelimited/ASSAM54291
711,Assam Company (India) Ltd.,https://www.moneycontrol.com/india/stockpricequote/plantationsteacoffee/assamcompanyindia/AC12
712,Assam Petrochemicals Ltd.,https://www.moneycontrol.com/india/stockpricequote/petrochemicals/assampetrochemicals/APL04
713,Assambrook Ltd.,https://www.moneycontrol.com/india/stockpricequote/plantationsteacoffee/assambrook/A05
714,Associated Alcohol and Breweries Ltd.,https://www.moneycontrol.com/india/stockpricequote/breweriesdistilleries/associatedalcoholbreweries/AAB
715,Associated Business Credits Ltd.,https://www.moneycontrol.com/india/stockpricequote/financeinvestments/associatedbusinesscredits/ABC03
716,Associated Marmo and Granites Ltd.,https://www.moneycontrol.com/india/stockpricequote/ceramicsgranite/associatedmarmogranites/AMG
717,Associated Rubber Industries Ltd.,https://www.moneycontrol.com/india/stockpricequote/rubber/associatedrubberindustries/ARI01
718,Associated Stone Industries (Kotah) Ltd.,https://www.moneycontrol.com/india/stockpricequote/miningminerals/associatedstoneindustrieskotah/ASI01
719,Associated Ceramics Ltd.,https://www.moneycontrol.com/india/stockpricequote/ceramicsgranite/associatedceramics/ACL03
720,Associated Infotech Ltd.,https://www.moneycontrol.com/india/stockpricequote/computerssoftwaremediumsmall/associatedinfotech/AI48
721,Astec Lifesciences Ltd.,https://www.moneycontrol.com/india/stockpricequote/pharmaceuticals/asteclifesciences/AL13
722,Aster DM Healthcare Ltd.,https://www.moneycontrol.com/india/stockpricequote/diversified/asterdmhealthcareltd/ADH
723,Astra Microwave Products Ltd.,https://www.moneycontrol.com/india/stockpricequote/astramicrowave/astramicrowaveproducts/AMP01
724,Astral Ltd.,https://www.moneycontrol.com/india/stockpricequote/plastics/astrallimited/APT02
725,AstraZeneca Pharma Ltd.,https://www.moneycontrol.com/india/stockpricequote/pharmaceuticals/astrazenecapharma/AZP
726,Astron Drugs & Industries Ltd.,https://www.moneycontrol.com/india/stockpricequote/pharmaceuticals/astrondrugsindustries/ADI03
727,Astron Paper & Board Mill Ltd.,https://www.moneycontrol.com/india/stockpricequote/paper/astronpaperboardmillltd/APB
728,Asutosh Enterprises Ltd.,https://www.moneycontrol.com/india/stockpricequote/plantationsteacoffee/asutoshenterprises/AEL
729,Asya Infosoft Ltd.,https://www.moneycontrol.com/india/stockpricequote/computerssoftware/asyainfosoft/SHF
730,Atal Realtech Ltd.,https://www.moneycontrol.com/india/stockpricequote/constructioninfrastructure/atalrealtech/ARL
731,Atam Valves Ltd.,https://www.moneycontrol.com/india/stockpricequote/engineeringindustrialequipments/atamvalves/AV02
732,Atash Industries Ltd.,https://www.moneycontrol.com/india/stockpricequote/financeinvestments/atashindustries/AI27
733,Atash Securities Ltd.,https://www.moneycontrol.com/india/stockpricequote/financeinvestments/atashsecurities/ASL04
734,Atcom Technologies Ltd.,https://www.moneycontrol.com/india/stockpricequote/electricals/atcomtechnologies/AT
735,Atharv Enterprises Ltd.,https://www.moneycontrol.com/india/stockpricequote/financeleasinghirepurchase/atharventerprises/AE14
736,Athena Constructions Ltd.,https://www.moneycontrol.com/india/stockpricequote/constructioncontractinghousing/athenaconstructions/AC21
737,Athena Financial Services Ltd.,https://www.moneycontrol.com/india/stockpricequote/financeinvestments/athenafinancialservices/AFS03
738,Athena Global Technologies Ltd.,https://www.moneycontrol.com/india/stockpricequote/computerssoftwaremediumsmall/athenaglobaltechnologies/VJIL
739,Atishay Ltd.,https://www.moneycontrol.com/india/stockpricequote/computerssoftwaremediumsmall/atishay/AI19
740,Atlanta Ltd.,https://www.moneycontrol.com/india/stockpricequote/constructioncontractingcivil/atlanta/A9
741,Atlanta Devcon Ltd.,https://www.moneycontrol.com/india/stockpricequote/leatherproducts/atlantadevcon/SGV
742,Atlanta Infrastructure and Finance Ltd.,https://www.moneycontrol.com/india/stockpricequote/financeinvestments/atlantainfrastructurefinance/KS
743,Atlantic Spinning and Weaving Mills Ltd.,https://www.moneycontrol.com/india/stockpricequote/textilesspinningcottonblended/atlanticspinningweavingmills/ASW
744,Atlas Copco (India) Ltd.,https://www.moneycontrol.com/india/stockpricequote/compressors/atlascopcoindia/ACI
745,Atlas Cycle Industries Ltd.,https://www.moneycontrol.com/india/stockpricequote/miscellaneous/atlascycleindustries/ACI08
746,Atlas Jewellery India Ltd.,https://www.moneycontrol.com/india/stockpricequote/textileshosieryknitwear/atlasjewelleryindia/GEW
747,Atlas Soya Products Ltd.,https://www.moneycontrol.com/india/stockpricequote/pesticidesagrochemicals/atlassoyaproducts/ASP
748,Atma Steels Ltd.,https://www.moneycontrol.com/india/stockpricequote/steelcrhrstrips/atmasteels/AS11
749,ATN International Ltd.,https://www.moneycontrol.com/india/stockpricequote/atnint/atninternational/AI50
750,ATN Telefilms Ltd.,https://www.moneycontrol.com/india/stockpricequote/mediaentertainment/atntelefilms/ATN01
751,Atul Ltd.,https://www.moneycontrol.com/india/stockpricequote/chemicals/atul/A06
752,Atul Auto Ltd.,https://www.moneycontrol.com/india/stockpricequote/auto23wheelers/atulauto/AA08
753,Atul Glass Industries Ltd.,https://www.moneycontrol.com/india/stockpricequote/glassglassproducts/atulglassindustries/AGI02
754,Aturia Continental Ltd.,https://www.moneycontrol.com/india/stockpricequote/pumps/aturiacontinental/AC13
755,ATV Projects India Ltd.,https://www.moneycontrol.com/india/stockpricequote/engineeringheavy/atvprojectsindia/ATV
756,AU Small Finance Bank Ltd.,https://www.moneycontrol.com/india/stockpricequote/banksprivatesector/ausmallfinancebank/ASF02
757,Aurangabad Paper Mills Ltd.,https://www.moneycontrol.com/india/stockpricequote/paper/aurangabadpapermills/APM04
758,Aurangabad Distillery Ltd.,https://www.moneycontrol.com/india/stockpricequote/miscellaneous/aurangabaddistillery/AD05
759,Auriferous Aqua Farma Ltd.,https://www.moneycontrol.com/india/stockpricequote/aquaculture/auriferousaquafarma/AAF01
760,Aurionpro Solutions Ltd.,https://www.moneycontrol.com/india/stockpricequote/computerssoftwaremediumsmall/aurionprosolutions/PS12
761,Auro Impex and Chemicals Ltd.,https://www.moneycontrol.com/india/stockpricequote/chemicals/auroimpexchemicals/AIC01
762,Auro Laboratories Ltd.,https://www.moneycontrol.com/india/stockpricequote/pharmaceuticals/aurolaboratories/AL06
763,Aurobindo Pharma Ltd.,https://www.moneycontrol.com/india/stockpricequote/pharmaceuticals/aurobindopharma/AP
764,Auroknit Exports (India) Ltd.,https://www.moneycontrol.com/india/stockpricequote/textileshosieryknitwear/auroknitexportsindia/AEI
765,Auroma Coke Ltd.,https://www.moneycontrol.com/india/stockpricequote/miningminerals/auromacoke/ACL06
766,Auromed Ltd.,https://www.moneycontrol.com/india/stockpricequote/pharmaceuticals/auromed/AL09
767,Aurum Proptech Ltd.,https://www.moneycontrol.com/india/stockpricequote/computerssoftwaremediumsmall/aurumproptech/M19
768,Aurum Soft Systems Ltd.,https://www.moneycontrol.com/india/stockpricequote/computerssoftware/aurumsoftsystems/JS05
769,Aurum PropTech RE Ltd.,https://www.moneycontrol.com/india/stockpricequote/itservicesconsulting/aurumproptechre/APR03
770,Aurum PropTech PP Ltd.,https://www.moneycontrol.com/india/stockpricequote/itservicesconsulting/aurumproptechpp/APP04
771,Ausom Enterprise Ltd.,https://www.moneycontrol.com/india/stockpricequote/financeinvestments/ausomenterprise/CE06
772,Austin Engineering Company Ltd.,https://www.moneycontrol.com/india/stockpricequote/bearings/austinengineeringcompany/AEC04
773,Austral Coke & Projects Ltd.,https://www.moneycontrol.com/india/stockpricequote/miscellaneous/australcokeprojects/ACP02
774,Authum Investment & Infrastructure - RE Ltd.,https://www.moneycontrol.com/india/stockpricequote/authuminvre/authuminvestmentinfrastructurere/AII02
775,Authum Investment & Infrastucture Ltd.,https://www.moneycontrol.com/india/stockpricequote/authuminvest/authuminvestmentinfrastucture/AII01
776,Auto Pins (I) Ltd.,https://www.moneycontrol.com/india/stockpricequote/autoancillaries/autopinsi/API05
777,Auto Products Ltd.,https://www.moneycontrol.com/india/stockpricequote/autoancillaries/autoproducts/AP23
778,Automotive Stampings and Assemblies Ltd.,https://www.moneycontrol.com/india/stockpricequote/autoancillaries/automotivestampingsassemblies/ASA01
779,Auto Tension Ltd.,https://www.moneycontrol.com/india/stockpricequote/autoancillaries/autotension/AT10
780,NIPPON INDIA NIFTY AUTO ETF,https://www.moneycontrol.com/india/stockpricequote/autobees/nipponindianiftyautoetf/NIN01
781,Autoline Industries Ltd.,https://www.moneycontrol.com/india/stockpricequote/autoancillaries/autolineindustries/AI59
782,Autolite (India) Ltd.,https://www.moneycontrol.com/india/stockpricequote/autoancillaries/autoliteindia/AI31
783,Automobile Products of India Ltd.,https://www.moneycontrol.com/india/stockpricequote/auto23wheelers/automobileproductsindia/API06
784,Automotive Axles Ltd.,https://www.moneycontrol.com/india/stockpricequote/autoancillaries/automotiveaxles/AA06
785,Autopal Industries Ltd.,https://www.moneycontrol.com/india/stockpricequote/autoancillaries/autopalindustries/AI32
786,Autoriders Finance Ltd.,https://www.moneycontrol.com/india/stockpricequote/financeleasinghirepurchase/autoridersfinance/AF20
787,Autoriders International Ltd.,https://www.moneycontrol.com/india/stockpricequote/transportlogistics/autoridersinternational/AIL01
788,Avadh Sugar & Energy Ltd.,https://www.moneycontrol.com/india/stockpricequote/sugar/avadhsugarenergy/ASE03
789,AVAILABLE FINANCE Ltd.,https://www.moneycontrol.com/india/stockpricequote/availablefinan/availablefinance/FF02
790,Avalon Technologies Ltd.,https://www.moneycontrol.com/india/stockpricequote/miscellaneous/avalontechnologies/AT27
791,Avance Technologies Ltd.,https://www.moneycontrol.com/india/stockpricequote/computerssoftwaremediumsmall/avancetechnologies/AT18
792,Avantel Ltd.,https://www.moneycontrol.com/india/stockpricequote/computerssoftwaremediumsmall/avantel/A19
793,Avanti Feeds Ltd.,https://www.moneycontrol.com/india/stockpricequote/aquaculture/avantifeeds/AF21
794,Avasara Finance Ltd.,https://www.moneycontrol.com/india/stockpricequote/avasarafinance/avasarafinance/TRC
795,Aveer Foods Ltd.,https://www.moneycontrol.com/india/stockpricequote/miscellaneous/aveerfoods/AF33
796,Avenue Supermarts Ltd.,https://www.moneycontrol.com/india/stockpricequote/retail/avenuesupermarts/AS19
797,Avery India Ltd.,https://www.moneycontrol.com/india/stockpricequote/engineering/averyindia/AI33
798,AVG Logistics Ltd.,https://www.moneycontrol.com/india/stockpricequote/transportlogistics/avglogistics/ALL02
799,AVI Export (India) Ltd.,https://www.moneycontrol.com/india/stockpricequote/foodprocessing/aviexportindia/AVI
800,AVI Industries Ltd.,https://www.moneycontrol.com/india/stockpricequote/miscellaneous/aviindustries/AVI01
801,AVI Photochem Ltd.,https://www.moneycontrol.com/india/stockpricequote/chemicals/aviphotochem/AVI02
802,AVI Polymers Ltd.,https://www.moneycontrol.com/india/stockpricequote/avipolymers/avipolymers/AVI04
803,Avikem Resins Ltd.,https://www.moneycontrol.com/india/stockpricequote/chemicals/avikemresins/AR02
804,Aviva Industries Ltd.,https://www.moneycontrol.com/india/stockpricequote/trading/avivaindustries/AI55
805,Avon Corporation Ltd.,https://www.moneycontrol.com/india/stockpricequote/engineering/avoncorporation/AC10
806,Avon Industries Ltd.,https://www.moneycontrol.com/india/stockpricequote/packaging/avonindustries/AI34
807,Avon Mercantile Ltd.,https://www.moneycontrol.com/india/stockpricequote/financeinvestments/avonmercantile/AML
808,Avonmore Capital & Management Services Ltd.,https://www.moneycontrol.com/india/stockpricequote/financeinvestments/avonmorecapitalmanagementservices/AC19
809,Avro India Ltd.,https://www.moneycontrol.com/india/stockpricequote/avroindia/avroindia/AM09
810,AVS World Trade Ltd.,https://www.moneycontrol.com/india/stockpricequote/miscellaneous/avsworldtrade/AVS01
811,AVSL Industries Ltd.,https://www.moneycontrol.com/india/stockpricequote/avslindustries/avslindustries/AI75
812,AVT Natural Products Ltd.,https://www.moneycontrol.com/india/stockpricequote/edibleoilssolventextraction/avtnaturalproducts/AVT02
813,AVTIL Enterprise Ltd.,https://www.moneycontrol.com/india/stockpricequote/financeinvestments/avtilenterprise/AVT01
814,Awas Ayogen Vittnigam Ltd.,https://www.moneycontrol.com/india/stockpricequote/financehousing/awasayogenvittnigam/AAV
815,Axel Polymers Ltd.,https://www.moneycontrol.com/india/stockpricequote/plastics/axelpolymers/AP24
816,Axis Bank Ltd.,https://www.moneycontrol.com/india/stockpricequote/banksprivatesector/axisbank/AB16
817,Axis Mutual Fund - Gold ETF,https://www.moneycontrol.com/india/stockpricequote/axisgoldetf/axismutualfundgoldetf/AMF02
818,Axis NIFTY Bank ETF,https://www.moneycontrol.com/india/stockpricequote/etf/axisniftybanketf/ANB
819,Axis Nifty AAA Bond Plus SDL Apr 2026 50:50 ETF,https://www.moneycontrol.com/india/stockpricequote/axisbpsetf/axisniftyaaabondplussdlapr20265050etf/AMF04
820,Axiscades Technologies Ltd.,https://www.moneycontrol.com/india/stockpricequote/computerssoftwaremediumsmall/axiscadestechnologies/AXI
821,Axis NIFTY India Consumption ETF,https://www.moneycontrol.com/india/stockpricequote/axiscetf/axisniftyindiaconsumptionetf/ACE02
822,Axis NIFTY Healthcare ETF,https://www.moneycontrol.com/india/stockpricequote/axishcetf/axisniftyhealthcareetf/AHE02
823,AXISILVER Ltd.,https://www.moneycontrol.com/india/stockpricequote/miscellaneous/axisilver/AXISI11193
824,Axis NIFTY 50 ETF,https://www.moneycontrol.com/india/stockpricequote/axisnifty/axisnifty50etf/AET02
825,Axis NIFTY IT ETF,https://www.moneycontrol.com/india/stockpricequote/axistecetf/axisniftyitetf/ATE04
826,Axita Cotton  Ltd.,https://www.moneycontrol.com/india/stockpricequote/textilescottonblended/axitacotton/AC29
827,Axon Finance Ltd.,https://www.moneycontrol.com/india/stockpricequote/computerssoftwaremediumsmall/axonfinance/AI47
828,AXSENSEX Ltd.,https://www.moneycontrol.com/india/stockpricequote/miscellaneous/axsensex/AXSEN14742
829,Axtel Industries Ltd.,https://www.moneycontrol.com/india/stockpricequote/engineering/axtelindustries/AI62
830,Ayepee Lamitubes Ltd.,https://www.moneycontrol.com/india/stockpricequote/miscellaneous/ayepeelamitubes/AL10
831,AYM Syntex Ltd.,https://www.moneycontrol.com/india/stockpricequote/textilesprocessing/aymsyntex/WS01
832,Ayoki Mercan Ltd.,https://www.moneycontrol.com/india/stockpricequote/financeinvestments/ayokimercan/AM08
833,Aztecsoft Ltd.,https://www.moneycontrol.com/india/stockpricequote/computerssoftware/aztecsoft/A13
834,Azure Exim Services Ltd.,https://www.moneycontrol.com/india/stockpricequote/edibleoilssolventextraction/azureeximservices/HC09
835,360 ONE WAM Ltd.,https://www.moneycontrol.com/india/stockpricequote/finance-others/360onewam/IIFLW54277
836,3M India Ltd.,https://www.moneycontrol.com/india/stockpricequote/diversified/3mindia/MI42
