,company,url
0,C & C Constructions Ltd.,https://www.moneycontrol.com/india/stockpricequote/constructioncontractingcivil/ccconstructions/CCC01
1,C Mahendra Exports Ltd.,https://www.moneycontrol.com/india/stockpricequote/diamondcuttingjewellerypreciousmetals/cmahendraexports/ME05
2,Cox & Kings Financial Service Ltd.,https://www.moneycontrol.com/india/stockpricequote/miscellaneous/coxkingsfinancialservice/CKFSL54264
3,C.E. Info Systems Ltd.,https://www.moneycontrol.com/india/stockpricequote/software/ceinfosystemsmapmyindia/CIS02
4,Cable Corporation of India Ltd.,https://www.moneycontrol.com/india/stockpricequote/cablespowerothers/cablecorporationindia/CCI04
5,Cabot India Ltd.,https://www.moneycontrol.com/india/stockpricequote/chemicals/cabotindia/CI21
6,Cadbury India Ltd.,https://www.moneycontrol.com/india/stockpricequote/foodprocessing/cadburyindia/CI
7,Cadsys India Ltd.,https://www.moneycontrol.com/india/stockpricequote/computerssoftwaremediumsmall/cadsysindia/CI51
8,Cairn India Ltd.,https://www.moneycontrol.com/india/stockpricequote/oildrillingandexploration/cairnindia/CI37
9,Calcom Vision Ltd.,https://www.moneycontrol.com/india/stockpricequote/consumergoodselectronic/calcomvision/CV
10,Caldyn Aircon Ltd.,https://www.moneycontrol.com/india/stockpricequote/consumergoodswhitegoods/caldynaircon/CAL01
11,California Software Ltd.,https://www.moneycontrol.com/india/stockpricequote/computerssoftwaremediumsmall/californiasoftware/CS15
12,Cals Refineries Ltd.,https://www.moneycontrol.com/india/stockpricequote/refineries/calsrefineries/CR03
13,Cambridge Technology Enterprises Ltd.,https://www.moneycontrol.com/india/stockpricequote/computerssoftwaremediumsmall/cambridgetechnologyenterprises/CTE
14,Camex Ltd.,https://www.moneycontrol.com/india/stockpricequote/dyespigments/camex/C96
15,Camlin Fine Sciences Ltd.,https://www.moneycontrol.com/india/stockpricequote/chemicals/camlinfinesciences/CFC03
16,Campus Activewear Ltd.,https://www.moneycontrol.com/india/stockpricequote/footwear/campusactivewear/CA07
17,Computer Age Management Services Ltd.,https://www.moneycontrol.com/india/stockpricequote/cams/computeragemanagementservices/CAM
18,Camson Bio Technologies Ltd.,https://www.moneycontrol.com/india/stockpricequote/pesticidesagrochemicals/camsonbiotechnologies/CBT
19,Camson Seeds Ltd.,https://www.moneycontrol.com/india/stockpricequote/miscellaneous/camsonseeds/CS22
20,Can Fin Homes Ltd.,https://www.moneycontrol.com/india/stockpricequote/financehousing/canfinhomes/CFH
21,Cana Glass Ltd.,https://www.moneycontrol.com/india/stockpricequote/glassglassproducts/canaglass/CG01
22,Canara Bank,https://www.moneycontrol.com/india/stockpricequote/bankspublicsector/canarabank/CB06
23,Canara Robeco Gold Exchange Traded Fund Ltd.,https://www.moneycontrol.com/india/stockpricequote/canararobeco/canararobecogoldexchangetradedfund/CRG
24,Canara Steel Ltd.,https://www.moneycontrol.com/india/stockpricequote/steelmediumsmall/canarasteel/CS10
25,Canbay Polyfilms Ltd.,https://www.moneycontrol.com/india/stockpricequote/textilesmanmade/canbaypolyfilms/CP
26,Canbonus Ltd.,https://www.moneycontrol.com/india/stockpricequote/financeinvestments/canbonus/C03
27,Candour Techtex Ltd.,https://www.moneycontrol.com/india/stockpricequote/candourtechtex/candourtechtex/CT09
28,Canexpo Ltd.,https://www.moneycontrol.com/india/stockpricequote/financeinvestments/canexpo/C04
29,Canopy Finance Ltd.,https://www.moneycontrol.com/india/stockpricequote/canopy/canopyfinance/KUV
30,Canopy Securities & Finance Ltd.,https://www.moneycontrol.com/india/stockpricequote/financeinvestments/canopysecuritiesfinance/CSF
31,Canpep 93 Units Ltd.,https://www.moneycontrol.com/india/stockpricequote/financeinvestments/canpep93units/C93
32,Canpep 94 Ltd.,https://www.moneycontrol.com/india/stockpricequote/financeinvestments/canpep94/C94
33,Canpep 95 Ltd.,https://www.moneycontrol.com/india/stockpricequote/financeinvestments/canpep95/C95
34,Canstar (80L) Ltd.,https://www.moneycontrol.com/india/stockpricequote/financeinvestments/canstar80l/C80
35,Canstar Cap Ltd.,https://www.moneycontrol.com/india/stockpricequote/financeinvestments/canstarcap/CC06
36,Cantabil Retail India Ltd.,https://www.moneycontrol.com/india/stockpricequote/retail/cantabilretailindia/CRI01
37,Cantriple MF Ltd.,https://www.moneycontrol.com/india/stockpricequote/financeinvestments/cantriplemf/CMF
38,Cantriple + Ltd.,https://www.moneycontrol.com/india/stockpricequote/financeinvestments/cantriple+/C12
39,Canvay Chemicals Ltd.,https://www.moneycontrol.com/india/stockpricequote/chemicals/canvaychemicals/CC16
40,Capacite Infraprojects Ltd.,https://www.moneycontrol.com/india/stockpricequote/capaciteinfra/capaciteinfraprojects/CI19
41,Capco Industries Ltd.,https://www.moneycontrol.com/india/stockpricequote/miscellaneous/capcoindustries/CI50
42,Capfin India Ltd.,https://www.moneycontrol.com/india/stockpricequote/financeinvestments/capfinindia/CI49
43,Capital First Ltd.,https://www.moneycontrol.com/india/stockpricequote/financegeneral/capitalfirst/FCH
44,Capital India Finance Ltd.,https://www.moneycontrol.com/india/stockpricequote/financeinvestments/capitalindiafinance/BTF04
45,Capital Trade Links Ltd.,https://www.moneycontrol.com/india/stockpricequote/financegeneral/capitaltradelinks/CTL02
46,Capital Trust Ltd.,https://www.moneycontrol.com/india/stockpricequote/financeleasinghirepurchase/capitaltrust/CT
47,Caplin Point Laboratories Ltd.,https://www.moneycontrol.com/india/stockpricequote/pharmaceuticals/caplinpointlaboratories/CPL
48,Capman Financials Ltd.,https://www.moneycontrol.com/india/stockpricequote/financeleasinghirepurchase/capmanfinancials/CF
49,Capri Global Capital Ltd.,https://www.moneycontrol.com/india/stockpricequote/financegeneral/capriglobalcapital/MMF05
50,Capricorn Systems Global Solutions Ltd.,https://www.moneycontrol.com/india/stockpricequote/computerssoftwaremediumsmall/capricornsystemsglobalsolutions/CSG
51,Caprihans India Ltd.,https://www.moneycontrol.com/india/stockpricequote/plastics/caprihansindia/CI25
52,Caprolactum Chemicals Ltd.,https://www.moneycontrol.com/india/stockpricequote/chemicals/caprolactumchemicals/CC26
53,Capsein Bio-Lab Ltd.,https://www.moneycontrol.com/india/stockpricequote/miscellaneous/capseinbiolab/CBL
54,Captain Pipes Ltd.,https://www.moneycontrol.com/india/stockpricequote/plastics/captainpipes/CP12
55,Captain Polyplast Ltd.,https://www.moneycontrol.com/india/stockpricequote/plastics/captainpolyplast/CP09
56,Captain Technocast Ltd.,https://www.moneycontrol.com/india/stockpricequote/miscellaneous/captaintechnocast/CT11
57,Carbon and Che Ltd.,https://www.moneycontrol.com/india/stockpricequote/chemicals/carbonche/CC17
58,Carbon Everflow Ltd.,https://www.moneycontrol.com/india/stockpricequote/electricequipment/carboneverflow/CE01
59,Carborundum Universal Ltd.,https://www.moneycontrol.com/india/stockpricequote/abrasives/carborundumuniversal/CU
60,CARE Ratings Ltd.,https://www.moneycontrol.com/india/stockpricequote/miscellaneous/careratings/CAR
61,Career Point Ltd.,https://www.moneycontrol.com/india/stockpricequote/computerssoftwaretraining/careerpoint/CPI05
62,Carewell Hygiene Products Ltd.,https://www.moneycontrol.com/india/stockpricequote/personalcare/carewellhygieneproducts/CHP01
63,Cargosol Logistics Ltd.,https://www.moneycontrol.com/india/stockpricequote/miscellaneous/cargosollogistics/CL10
64,Cargotrans Maritime Ltd.,https://www.moneycontrol.com/india/stockpricequote/miscellaneous/cargotransmaritime/CM
65,Carnation Industries Ltd.,https://www.moneycontrol.com/india/stockpricequote/castingsforgings/carnationindustries/CI03
66,Carol Info Services Ltd.,https://www.moneycontrol.com/india/stockpricequote/miscellaneous/carolinfoservices/CIS01
67,Carona Ltd.,https://www.moneycontrol.com/india/stockpricequote/leatherproducts/carona/C05
68,Carrier Aircon Ltd.,https://www.moneycontrol.com/india/stockpricequote/consumergoodswhitegoods/carrieraircon/CA
69,CarTrade Tech Ltd.,https://www.moneycontrol.com/india/stockpricequote/automobiledealersdistributors/cartradetech/CT12
70,Carysil Ltd.,https://www.moneycontrol.com/india/stockpricequote/carysil/carysil/AI04
71,Casil Health Products Ltd.,https://www.moneycontrol.com/india/stockpricequote/hospitalsmedicalservices/casilhealthproducts/CHP
72,Caspian Corporate Services Ltd.,https://www.moneycontrol.com/india/stockpricequote/caspian/caspiancorporateservices/ICA
73,Castex Technologies Ltd.,https://www.moneycontrol.com/india/stockpricequote/autoancillaries/castextechnologies/AI49
74,Castrol India Ltd.,https://www.moneycontrol.com/india/stockpricequote/lubricants/castrolindia/CI01
75,Castron Technologies Ltd.,https://www.moneycontrol.com/india/stockpricequote/computerssoftwaremediumsmall/castrontechnologies/CTL01
76,Cat Technologies Ltd.,https://www.moneycontrol.com/india/stockpricequote/computerssoftwaremediumsmall/cattechnologies/CT07
77,Catvision Ltd.,https://www.moneycontrol.com/india/stockpricequote/trading/catvision/CP01
78,Cauvery Software Ltd.,https://www.moneycontrol.com/india/stockpricequote/computerssoftwaremediumsmall/cauverysoftware/CS01
79,Cavalet India Ltd.,https://www.moneycontrol.com/india/stockpricequote/leatherproducts/cavaletindia/CIL02
80,Chandra Bhagat Pharma Ltd.,https://www.moneycontrol.com/india/stockpricequote/cbpl/chandrabhagatpharmalimited/CBPL54293
81,Consolidated Construction Consortium Ltd.,https://www.moneycontrol.com/india/stockpricequote/constructioncontractingcivil/consolidatedconstructionconsortium/CCC02
82,CCL International Ltd.,https://www.moneycontrol.com/india/stockpricequote/trading/cclinternational/CCL03
83,CCL Products India Ltd.,https://www.moneycontrol.com/india/stockpricequote/plantationsteacoffee/cclproductsindia/CC10
84,CCS Infotech Ltd.,https://www.moneycontrol.com/india/stockpricequote/computershardware/ccsinfotech/CCS01
85,CDG PETCHEM Ltd.,https://www.moneycontrol.com/india/stockpricequote/packaging/cdgpetchem/PP31
86,CDR Health Care Ltd.,https://www.moneycontrol.com/india/stockpricequote/hospitalsmedicalservices/cdrhealthcare/CDR
87,CDR Medical Industries Ltd.,https://www.moneycontrol.com/india/stockpricequote/hospitalsmedicalservices/cdrmedicalindustries/CDR01
88,Central Depository Services (India) Ltd.,https://www.moneycontrol.com/india/stockpricequote/financeinvestments/centraldepositoryservicesltd/CDS
89,Ceat Ltd.,https://www.moneycontrol.com/india/stockpricequote/tyres/ceat/C07
90,Cebon India Ltd.,https://www.moneycontrol.com/india/stockpricequote/pharmaceuticals/cebonindia/CI04
91,Ceejay Finance Ltd.,https://www.moneycontrol.com/india/stockpricequote/financegeneral/ceejayfinance/HP07
92,Ceenik Exports (India) Ltd.,https://www.moneycontrol.com/india/stockpricequote/ceenikexports/ceenikexportsindia/CEI
93,Ceeta Industries Ltd.,https://www.moneycontrol.com/india/stockpricequote/ceetaindustrie/ceetaindustries/CI05
94,Ceinsys Tech Ltd.,https://www.moneycontrol.com/india/stockpricequote/computerssoftware/ceinsystech/AI28
95,Celebrity Fashions Ltd.,https://www.moneycontrol.com/india/stockpricequote/textilesreadymadeapparels/celebrityfashions/CFL04
96,Celeste International Ltd.,https://www.moneycontrol.com/india/stockpricequote/textilesprocessing/celesteinternational/CI24
97,Celestial Biolabs Ltd.,https://www.moneycontrol.com/india/stockpricequote/pharmaceuticals/celestialbiolabs/CL05
98,Cell Point India Ltd.,https://www.moneycontrol.com/india/stockpricequote/miscellaneous/cellpointindia/CPI07
99,Cella Space Ltd.,https://www.moneycontrol.com/india/stockpricequote/paper/cellaspacelimited/SSP08
100,Cellulose Products of India Ltd.,https://www.moneycontrol.com/india/stockpricequote/chemicals/celluloseproductsindia/CPI01
101,Cenlub Industries Ltd.,https://www.moneycontrol.com/india/stockpricequote/engineering/cenlubindustries/CI06
102,Centennial Sutures Ltd.,https://www.moneycontrol.com/india/stockpricequote/hospitalsmedicalservices/centennialsutures/CS02
103,Centerac Technologies Ltd.,https://www.moneycontrol.com/india/stockpricequote/computerssoftwaremediumsmall/centeractechnologies/EZC
104,Central Bank of India,https://www.moneycontrol.com/india/stockpricequote/bankspublicsector/centralbankindia/CBO01
105,Central Provinces Railway Company Ltd.,https://www.moneycontrol.com/india/stockpricequote/miscellaneous/centralprovincesrailwaycompany/CPR
106,CRC Carrier Ltd.,https://www.moneycontrol.com/india/stockpricequote/transportlogistics/crccarrier/CRC
107,Centron Industrial Alliance Ltd.,https://www.moneycontrol.com/india/stockpricequote/miscellaneous/centronindustrialalliance/CIA
108,Centrum Capital Ltd.,https://www.moneycontrol.com/india/stockpricequote/financegeneral/centrumcapital/CF09
109,Centum Electronics Ltd.,https://www.moneycontrol.com/india/stockpricequote/electricals/centumelectronics/CE10
110,Centurion Bank of Punjab Ltd.,https://www.moneycontrol.com/india/stockpricequote/banksprivatesector/centurionbankpunjab/CBP01
111,Century Textile and Industries Ltd.,https://www.moneycontrol.com/india/stockpricequote/diversified/centurytextilesindustries/CTI
112,Century Enka Ltd.,https://www.moneycontrol.com/india/stockpricequote/textilesmanmade/centuryenka/CE
113,Century Extrusions Ltd.,https://www.moneycontrol.com/india/stockpricequote/aluminium/centuryextrusions/CE02
114,Century Laminating Company Ltd.,https://www.moneycontrol.com/india/stockpricequote/miscellaneous/centurylaminatingcompany/CLC
115,Century Proteins Ltd.,https://www.moneycontrol.com/india/stockpricequote/vanaspatioils/centuryproteins/CP03
116,Century Sheet Metals (India) Ltd.,https://www.moneycontrol.com/india/stockpricequote/miscellaneous/centurysheetmetalsindia/CSM
117,Century Tubes Ltd.,https://www.moneycontrol.com/india/stockpricequote/steelmediumsmall/centurytubes/CT01
118,Century Plyboards (India) Ltd.,https://www.moneycontrol.com/india/stockpricequote/miscellaneous/centuryplyboards/CP9
119,Cepham Milk Speciality Ltd.,https://www.moneycontrol.com/india/stockpricequote/foodprocessing/cephammilkspeciality/CMS
120,Cepham Organics Ltd.,https://www.moneycontrol.com/india/stockpricequote/pharmaceuticals/cephamorganics/CO
121,Cepham Pharmaceuticals Ltd.,https://www.moneycontrol.com/india/stockpricequote/pharmaceuticals/cephampharmaceuticals/CPL02
122,Cera Sanitaryware Ltd.,https://www.moneycontrol.com/india/stockpricequote/ceramicsgranite/cerasanitaryware/CS18
123,Cerebra Integrated Technologies Ltd.,https://www.moneycontrol.com/india/stockpricequote/computershardware/cerebraintegratedtechnologies/CIT
124,CES Ltd.,https://www.moneycontrol.com/india/stockpricequote/computerssoftware/ceslimited/SIL13
125,CESC Ltd.,https://www.moneycontrol.com/india/stockpricequote/powergenerationdistribution/cesc/CES
126,Cethar Industries Ltd.,https://www.moneycontrol.com/india/stockpricequote/textileshosieryknitwear/cetharindustries/CI22
127,CF Technologies Ltd.,https://www.moneycontrol.com/india/stockpricequote/miscellaneous/cftechnologies/CFT
128,CFF Fluid Control Ltd.,https://www.moneycontrol.com/india/stockpricequote/miscellaneous/cfffluidcontrol/CFC04
129,CFL Capital Financial Services Ltd.,https://www.moneycontrol.com/india/stockpricequote/financeleasinghirepurchase/cflcapitalfinancialservices/CFL01
130,Crompton Greaves Consumer Electricals Ltd.,https://www.moneycontrol.com/india/stockpricequote/electricals/cromptongreavesconsumerelectrical/CGC01
131,CG Impex Ltd.,https://www.moneycontrol.com/india/stockpricequote/diamondcuttingjewellerypreciousmetals/cgimpex/CGI02
132,CG Power and Industrial Solutions Ltd.,https://www.moneycontrol.com/india/stockpricequote/electricequipment/cgpowerindustrialsolutions/CG
133,CG-Vak Software and Exports Ltd.,https://www.moneycontrol.com/india/stockpricequote/computerssoftwaremediumsmall/cgvaksoftwareexports/CGV
134,Capri Global Capital RE Ltd.,https://www.moneycontrol.com/india/stockpricequote/financetermlending/capriglobalcapitalre/CGC02
135,Chadha Paper Ltd.,https://www.moneycontrol.com/india/stockpricequote/paper/chadhapaper/CP08
136,Chain Impex Ltd.,https://www.moneycontrol.com/india/stockpricequote/trading/chainimpex/CIL03
137,Chakan Vegoils Ltd.,https://www.moneycontrol.com/india/stockpricequote/edibleoilssolventextraction/chakanvegoils/CV01
138,Chakkilam Infotech Ltd.,https://www.moneycontrol.com/india/stockpricequote/computerssoftwaremediumsmall/chakkilaminfotech/CI36
139,Chalet Hotels Ltd.,https://www.moneycontrol.com/india/stockpricequote/hotels/chalethotels/CH03
140,Chamak Holdings Ltd.,https://www.moneycontrol.com/india/stockpricequote/steelmediumsmall/chamakholdings/CH02
141,Chaman Lal Setia Exports Ltd.,https://www.moneycontrol.com/india/stockpricequote/foodprocessing/chamanlalsetiaexports/CLS
142,Chaman Metallics Ltd.,https://www.moneycontrol.com/india/stockpricequote/miscellaneous/chamanmetallics/CM06
143,Chambal Breweries and Distilleries Ltd.,https://www.moneycontrol.com/india/stockpricequote/breweriesdistilleries/chambalbreweriesdistilleries/CBD
144,Chambal Fertilizers and Chemicals Ltd.,https://www.moneycontrol.com/india/stockpricequote/fertilisers/chambalfertiliserschemicals/CFC
145,Champagne India Ltd.,https://www.moneycontrol.com/india/stockpricequote/breweriesdistilleries/champagneindia/CI08
146,Champdany Industries Ltd.,https://www.moneycontrol.com/india/stockpricequote/miscellaneous/champdanyindustries/CI09
147,Monotona Securities Ltd.,https://www.moneycontrol.com/india/stockpricequote/financeinvestments/monotonasecurities/MSL01
148,Chand Vanaspati Ltd.,https://www.moneycontrol.com/india/stockpricequote/edibleoilssolventextraction/chandvanaspati/CVL
149,Chandra Prabhu International Ltd.,https://www.moneycontrol.com/india/stockpricequote/trading/chandraprabhuinternational/CPI02
150,Chandra Synthetics Ltd.,https://www.moneycontrol.com/india/stockpricequote/textilesmanmade/chandrasynthetics/CS03
151,Chandrima Mercantiles Ltd.,https://www.moneycontrol.com/india/stockpricequote/chandrimamerca/chandrimamercantiles/CM05
152,Chankya Investments Ltd.,https://www.moneycontrol.com/india/stockpricequote/financeinvestments/chankyainvestments/CIL04
153,Channel Nine Entertainment Ltd.,https://www.moneycontrol.com/india/stockpricequote/mediaentertainment/channelnineentertainment/CNE
154,Charminar Breweries Ltd.,https://www.moneycontrol.com/india/stockpricequote/breweriesdistilleries/charminarbreweries/CB04
155,Charminar Granites Exports Ltd.,https://www.moneycontrol.com/india/stockpricequote/ceramicsgranite/charminargranitesexports/CGE
156,Charminar Steels Ltd.,https://www.moneycontrol.com/india/stockpricequote/steelmediumsmall/charminarsteels/CS04
157,Charms Industries Ltd.,https://www.moneycontrol.com/india/stockpricequote/financeinvestments/charmsindustries/CI30
158,Chartered Capital and Investments Ltd.,https://www.moneycontrol.com/india/stockpricequote/financeinvestments/charteredcapitalinvestments/CCI01
159,Chartered Logistics Ltd.,https://www.moneycontrol.com/india/stockpricequote/transportlogistics/charteredlogistics/CL06
160,Chase Bright Steel Company Ltd.,https://www.moneycontrol.com/india/stockpricequote/steelmediumsmall/chasebrightsteelcompany/CBS
161,CHD Chemicals Ltd.,https://www.moneycontrol.com/india/stockpricequote/trading/chdchemicals/CC01
162,CHD Developers Ltd.,https://www.moneycontrol.com/india/stockpricequote/constructioncontractingcivil/chddevelopers/CHD01
163,Checkpoint Trends Ltd.,https://www.moneycontrol.com/india/stockpricequote/checkpoint/checkpointtrends/RML01
164,Chembond Chemicals Ltd.,https://www.moneycontrol.com/india/stockpricequote/chemicals/chembondchemicals/CC03
165,Chemcel Biotech Ltd.,https://www.moneycontrol.com/india/stockpricequote/pesticidesagrochemicals/chemcelbiotech/CB07
166,Chemcon Speciality Chemicals Ltd.,https://www.moneycontrol.com/india/stockpricequote/specialitychemicals/chemconspecialitychemicals/CSC
167,Chemcrux Enterprises Ltd.,https://www.moneycontrol.com/india/stockpricequote/miscellaneous/chemcruxenterprises/CE03
168,Chemfab Alkalis Ltd.,https://www.moneycontrol.com/india/stockpricequote/chemicals/chemfabalkalis/CA01
169,Chemiequip Ltd.,https://www.moneycontrol.com/india/stockpricequote/dyespigments/chemiequip/C06
170,Chemiesynth (Vapi) Limited,https://www.moneycontrol.com/india/stockpricequote/chemiesynthva/chemiesynthvapilimited/CHEMI53923
171,Cheminor Drugs Ltd.,https://www.moneycontrol.com/india/stockpricequote/pharmaceuticals/cheminordrugs/CD
172,Chemo-Pharma Laboratories Ltd.,https://www.moneycontrol.com/india/stockpricequote/pharmaceuticals/chemopharmalaboratories/CPL01
173,Chemox Chemical Industries Ltd.,https://www.moneycontrol.com/india/stockpricequote/pharmaceuticals/chemoxchemicalindustries/CCI02
174,Chemox Laboratories Ltd.,https://www.moneycontrol.com/india/stockpricequote/pharmaceuticals/chemoxlaboratories/CL
175,Chemox Securities Ltd.,https://www.moneycontrol.com/india/stockpricequote/financeinvestments/chemoxsecurities/CS05
176,Chemplast Sanmar Ltd.,https://www.moneycontrol.com/india/stockpricequote/specialitychemicals/chemplastsanmar/CS23
177,Chemplast(OLD) Ltd.,https://www.moneycontrol.com/india/stockpricequote/petrochemicals/chemplastold/CS06
178,Chemtech Industrial Valves Ltd.,https://www.moneycontrol.com/india/stockpricequote/engineering/chemtechindustrialvalves/CIV
179,Chennai Ferrous Industries Ltd.,https://www.moneycontrol.com/india/stockpricequote/steelpigiron/chennaiferrousindustries/CFI02
180,Chennai Meenakshi Multispeciality Hospital Ltd.,https://www.moneycontrol.com/india/stockpricequote/hospitalsmedicalservices/chennaimeenakshimultispecialityhospital/CMM
181,Chennai Petroleum Corporation Ltd.,https://www.moneycontrol.com/india/stockpricequote/refineries/chennaipetroleumcorporation/CPC02
182,Cheran Constructions Ltd.,https://www.moneycontrol.com/india/stockpricequote/constructioncontractingcivil/cheranconstructions/CCL01
183,Cherry Fashions Ltd.,https://www.moneycontrol.com/india/stockpricequote/textileshosieryknitwear/cherryfashions/CF03
184,Cheslind Textiles Ltd.,https://www.moneycontrol.com/india/stockpricequote/textilesspinningcottonblended/cheslindtextiles/CT03
185,,
186,Chettinad Cement Ltd.,https://www.moneycontrol.com/india/stockpricequote/cementmajor/chettinadcement/CC18
187,Cheviot Company Ltd.,https://www.moneycontrol.com/india/stockpricequote/miscellaneous/cheviotcompany/CC04
188,Chhabra Spinners Ltd.,https://www.moneycontrol.com/india/stockpricequote/textilesspinningcottonblended/chhabraspinners/CS13
189,Chhatar Extraction Ltd.,https://www.moneycontrol.com/india/stockpricequote/edibleoilssolventextraction/chhatarextraction/CEL01
190,Chhattar Industries Ltd.,https://www.moneycontrol.com/india/stockpricequote/edibleoilssolventextraction/chhattarindustries/CIL01
191,CHI Investments Ltd.,https://www.moneycontrol.com/india/stockpricequote/banksprivatesector/chiinvestments/CHI
192,Chicago Pneumatic Ltd.,https://www.moneycontrol.com/india/stockpricequote/compressors/chicagopneumatic/CP04
193,Chicago Software Industries Ltd.,https://www.moneycontrol.com/india/stockpricequote/computerssoftwaremediumsmall/chicagosoftwareindustries/CSI
194,Chinar Exports Ltd.,https://www.moneycontrol.com/india/stockpricequote/miscellaneous/chinarexports/CEL
195,Chiplun Fine Chemicals Ltd.,https://www.moneycontrol.com/india/stockpricequote/pharmaceuticals/chiplunfinechemicals/CFC01
196,Chirau Finance Investment and Leasing Ltd.,https://www.moneycontrol.com/india/stockpricequote/financeinvestments/chiraufinanceinvestmentleasing/CFI01
197,Chisel & Hammer (Mobel) Ltd.,https://www.moneycontrol.com/india/stockpricequote/trading/chiselhammermobel/LL01
198,Chitradurga Spinners Ltd.,https://www.moneycontrol.com/india/stockpricequote/textilesspinningcottonblended/chitradurgaspinners/CS07
199,CHL Ltd.,https://www.moneycontrol.com/india/stockpricequote/hotels/chl/CHL
200,Choice International Ltd.,https://www.moneycontrol.com/india/stockpricequote/financegeneral/choiceinternational/CFS01
201,Choice International RE Ltd.,https://www.moneycontrol.com/india/stockpricequote/financeothers/choiceinternationalre/CIR
202,Chokhani Global Express Ltd.,https://www.moneycontrol.com/india/stockpricequote/couriers/chokhaniglobalexpress/CGE01
203,Chokhani International Ltd.,https://www.moneycontrol.com/india/stockpricequote/shipping/chokhaniinternational/CI10
204,Choksi Imaging Ltd.,https://www.moneycontrol.com/india/stockpricequote/consumergoodselectronic/choksiimaging/SP10
205,Choksi Labs Ltd.,https://www.moneycontrol.com/india/stockpricequote/miscellaneous/choksilabs/CAS
206,Choksi Tube Company Ltd.,https://www.moneycontrol.com/india/stockpricequote/steeltubespipes/choksitubecompany/CTC01
207,Cholamandalam Financial Holdings Ltd.,https://www.moneycontrol.com/india/stockpricequote/miscellaneous/cholamandalamfinancialholdings/TII
208,Cholamandalam Investment and Finance Company Ltd.,https://www.moneycontrol.com/india/stockpricequote/cholainvest/cholamandalaminvestmentfinancecompany/CDB
209,Chordia Food Products Ltd.,https://www.moneycontrol.com/india/stockpricequote/foodprocessing/chordiafoodproducts/CFP
210,CHOTHANI FOODS Ltd.     ,https://www.moneycontrol.com/india/stockpricequote/foodprocessing/chothanifoodsltd/AMM01
211,Chowgule Steamships Ltd.,https://www.moneycontrol.com/india/stockpricequote/shipping/chowgulesteamships/CS09
212,CHPL Industries Ltd.,https://www.moneycontrol.com/india/stockpricequote/miscellaneous/chplindustries/CHP02
213,Chromatic India Ltd.,https://www.moneycontrol.com/india/stockpricequote/dyespigments/chromaticindia/CI31
214,CIAN Agro Industries & Infrastructure Ltd.,https://www.moneycontrol.com/india/stockpricequote/edibleoilssolventextraction/cianagroindustriesinfrastructure/UAC
215,Cian Healthcare Ltd.,https://www.moneycontrol.com/india/stockpricequote/hospitalsmedicalservices/cianhealthcare/CH04
216,Ciba India Ltd.,https://www.moneycontrol.com/india/stockpricequote/chemicals/cibaindia/CI40
217,CIE Automotive India Ltd.,https://www.moneycontrol.com/india/stockpricequote/cieindia/cieautomotiveindia/MF19
218,CIFCO Finance Ltd.,https://www.moneycontrol.com/india/stockpricequote/financeinvestments/cifcofinance/CIF
219,Cigniti Technologies Ltd.,https://www.moneycontrol.com/india/stockpricequote/computerssoftwaremediumsmall/cignititechnologies/CI42
220,CIL Nova Petrochemicals Ltd.,https://www.moneycontrol.com/india/stockpricequote/textilesmanmade/cilnovapetrochemicals/CIL05
221,CIL Securities Ltd.,https://www.moneycontrol.com/india/stockpricequote/financeinvestments/cilsecurities/CIL
222,Cilson Organics Ltd.,https://www.moneycontrol.com/india/stockpricequote/chemicals/cilsonorganics/COL
223,Cimmco Ltd.,https://www.moneycontrol.com/india/stockpricequote/diversified/cimmco/CB02
224,Cindrella Financial Services Ltd.,https://www.moneycontrol.com/india/stockpricequote/cindrellafin/cindrellafinancialservices/CFS02
225,Cindrella Hotels Ltd.,https://www.moneycontrol.com/india/stockpricequote/hotels/cindrellahotels/CH
226,Cineline India Ltd.,https://www.moneycontrol.com/india/stockpricequote/mediaentertainment/cinelineindia/CI38
227,Cinemax India Ltd.,https://www.moneycontrol.com/india/stockpricequote/mediaentertainment/cinemaxindia/CI46
228,Cinerad Communications Ltd.,https://www.moneycontrol.com/india/stockpricequote/cineradcomm/cineradcommunications/CC05
229,Cinevista Ltd.,https://www.moneycontrol.com/india/stockpricequote/mediaentertainment/cinevista/C97
230,Central India Polyesters Ltd.,https://www.moneycontrol.com/india/stockpricequote/textilesmanmade/centralindiapolyesters/CIP
231,Cipla Ltd.,https://www.moneycontrol.com/india/stockpricequote/pharmaceuticals/cipla/C
232,Circuit Systems (India) Ltd.,https://www.moneycontrol.com/india/stockpricequote/electricals/circuitsystemsindia/CSI02
233,Cistro Telelink Ltd.,https://www.moneycontrol.com/india/stockpricequote/trading/cistrotelelink/CT08
234,Citadel Realty and Developers Ltd.,https://www.moneycontrol.com/india/stockpricequote/constructioncontractingrealestate/citadelrealtydevelopers/RPP03
235,Citi Port Financial Services Ltd.,https://www.moneycontrol.com/india/stockpricequote/financeleasinghirepurchase/citiportfinancialservices/CPF
236,Citizen Infoline Ltd.,https://www.moneycontrol.com/india/stockpricequote/miscellaneous/citizeninfoline/CI47
237,Citizen Yarns Ltd.,https://www.moneycontrol.com/india/stockpricequote/textilesspinningcottonblended/citizenyarns/CY
238,Citurgia Biochemicals Ltd.,https://www.moneycontrol.com/india/stockpricequote/chemicals/citurgiabiochemicals/CB03
239,City Lifts (India) Ltd.,https://www.moneycontrol.com/india/stockpricequote/electricequipment/cityliftsindia/CLI
240,City Online Services Ltd.,https://www.moneycontrol.com/india/stockpricequote/computerssoftwaremediumsmall/cityonlineservices/COS
241,City Pulse Multiplex Ltd.,https://www.moneycontrol.com/india/stockpricequote/mediaentertainment/citypulsemultiplex/CPM01
242,City Union Bank Ltd.,https://www.moneycontrol.com/india/stockpricequote/banksprivatesector/cityunionbank/CUB
243,Cityman Ltd.,https://www.moneycontrol.com/india/stockpricequote/textilesreadymadeapparels/cityman/C01
244,CJ Gelatine Products Ltd.,https://www.moneycontrol.com/india/stockpricequote/chemicals/cjgelatineproducts/CJG
245,CKP Leisure Ltd.,https://www.moneycontrol.com/india/stockpricequote/hotels/ckpleisure/CL09
246,CKP Products Ltd.,https://www.moneycontrol.com/india/stockpricequote/foodprocessing/ckpproducts/CP13
247,CL Educate Ltd.,https://www.moneycontrol.com/india/stockpricequote/miscellaneous/cleducate/CE09
248,Clara Industries Ltd.,https://www.moneycontrol.com/india/stockpricequote/packagingmaterialsplasticproducts/claraindustries/CI12
249,Clariant (India) Ltd.,https://www.moneycontrol.com/india/stockpricequote/dyespigments/clariantindia/CI20
250,Claris Lifesciences Ltd.,https://www.moneycontrol.com/india/stockpricequote/pharmaceuticals/clarislifesciences/CL02
251,Clarisis Organics Ltd.,https://www.moneycontrol.com/india/stockpricequote/chemicals/clarisisorganics/CO01
252,Clarity Financial Services Ltd.,https://www.moneycontrol.com/india/stockpricequote/financeinvestments/clarityfinancialservices/CFS04
253,Claro India Ltd.,https://www.moneycontrol.com/india/stockpricequote/chemicals/claroindia/CI13
254,Classic Boitech and Export Ltd.,https://www.moneycontrol.com/india/stockpricequote/miscellaneous/classicboitechexport/CBE
255,Classic Diamonds (India) Ltd.,https://www.moneycontrol.com/india/stockpricequote/diamondcuttingjewellerypreciousmetals/classicdiamondsindia/CDI
256,Classic Electricals Ltd.,https://www.moneycontrol.com/india/stockpricequote/trading/classicelectricals/CE9
257,Classic Filaments Ltd.,https://www.moneycontrol.com/india/stockpricequote/classicfilamen/classicfilaments/CF11
258,Classic Global Finance and Capital Ltd.,https://www.moneycontrol.com/india/stockpricequote/financegeneral/classicglobalfinancecapital/CGF
259,Classic Globe Securities Ltd.,https://www.moneycontrol.com/india/stockpricequote/financeinvestments/classicglobesecurities/CGS
260,Classic Leasing & Finance Ltd.,https://www.moneycontrol.com/india/stockpricequote/classicleasing/classicleasingfinance/CLF
261,Classic Mushrooms Ltd.,https://www.moneycontrol.com/india/stockpricequote/foodprocessing/classicmushrooms/CML02
262,Classic Press (International) Ltd.,https://www.moneycontrol.com/india/stockpricequote/printingstationery/classicpressinternational/CPI03
263,CLC Global Ltd.,https://www.moneycontrol.com/india/stockpricequote/detergents/clcglobal/CLC01
264,Clean Science & Technology Ltd.,https://www.moneycontrol.com/india/stockpricequote/specialitychemicals/cleansciencetechnology/CST
265,Clio Infotech Ltd.,https://www.moneycontrol.com/india/stockpricequote/financeinvestments/clioinfotech/CI43
266,Clutch Auto Ltd.,https://www.moneycontrol.com/india/stockpricequote/autoancillaries/clutchauto/CA02
267,Chandni Machines Ltd.,https://www.moneycontrol.com/india/stockpricequote/miscellaneous/chandnimachines/CHAND54262
268,CMC Ltd.,https://www.moneycontrol.com/india/stockpricequote/computershardware/cmc/CMC
269,CMI Ltd.,https://www.moneycontrol.com/india/stockpricequote/cablestelephone/cmi/CMI
270,CMM Infraprojects  Ltd.,https://www.moneycontrol.com/india/stockpricequote/miscellaneous/cmminfraprojects/CI23
271,CMS Computers Ltd.,https://www.moneycontrol.com/india/stockpricequote/computerssoftwaremediumsmall/cmscomputers/CMS02
272,CMS Info Systems Ltd.,https://www.moneycontrol.com/india/stockpricequote/software/cmsinfosystems/CIS03
273,CMS Infotech Ltd.,https://www.moneycontrol.com/india/stockpricequote/financeinvestments/cmsinfotech/CMS01
274,CNI Research Ltd.,https://www.moneycontrol.com/india/stockpricequote/mediaentertainment/cniresearch/CNI
275,Coal India Ltd.,https://www.moneycontrol.com/india/stockpricequote/miningminerals/coalindia/CI11
276,Coastal Corporation RE Ltd.,https://www.moneycontrol.com/india/stockpricequote/consumerfood/coastalcorporationre/CCR
277,Coastal Corporation Ltd.,https://www.moneycontrol.com/india/stockpricequote/consumerfood/coastalcorporation/CC02
278,Coastal Trawlers Ltd.,https://www.moneycontrol.com/india/stockpricequote/aquaculture/coastaltrawlers/CTL
279,Coastal Papers Ltd.,https://www.moneycontrol.com/india/stockpricequote/paper/coastalpapers/CP05
280,Coastal Roadways Ltd.,https://www.moneycontrol.com/india/stockpricequote/transportlogistics/coastalroadways/CR01
281,Coastal Corporation PP Ltd.,https://www.moneycontrol.com/india/stockpricequote/consumerfood/coastalcorporationpp/CCP
282,Coastal Corporation PP1 Ltd.,https://www.moneycontrol.com/india/stockpricequote/miscellaneous/coastalcorporationpp1/CCP01
283,Cochin Refineries Balmer Lawrie Ltd.,https://www.moneycontrol.com/india/stockpricequote/petrochemicals/cochinrefineriesbalmerlawrie/CRB
284,Cochin Malabar Ltd.,https://www.moneycontrol.com/india/stockpricequote/rubber/cochinmalabar/CM01
285,Cochin Minerals and Rutile Ltd.,https://www.moneycontrol.com/india/stockpricequote/chemicals/cochinmineralsrutile/CMR
286,Cochin Shipyard Ltd.,https://www.moneycontrol.com/india/stockpricequote/cochinshipyard/cochinshipyard/CS
287,Coduras Exports Ltd.,https://www.moneycontrol.com/india/stockpricequote/foodprocessing/codurasexports/CE04
288,Coffee Day Enterprises Ltd.,https://www.moneycontrol.com/india/stockpricequote/foodprocessing/coffeedayenterprises/CDE
289,COFORGE Ltd.,https://www.moneycontrol.com/india/stockpricequote/computerssoftware/coforgelimited/NII02
290,Coimbatore Lakshmi Investment and Finance Ltd.,https://www.moneycontrol.com/india/stockpricequote/financeleasinghirepurchase/coimbatorelakshmiinvestmentfinance/CLI01
291,Coimbatore Popular Spinning Mill Ltd.,https://www.moneycontrol.com/india/stockpricequote/textilesspinningcottonblended/coimbatorepopularspinningmill/CPS
292,Colab Cloud Platforms Ltd.,https://www.moneycontrol.com/india/stockpricequote/miscellaneous/colabcloudplatforms/JSGLE54286
293,Colgate Palmolive (India) Ltd.,https://www.moneycontrol.com/india/stockpricequote/personalcare/colgatepalmoliveindia/CPI
294,Colinz Laboratories Ltd.,https://www.moneycontrol.com/india/stockpricequote/pharmaceuticals/colinzlaboratories/CL01
295,Colorchips New Media Ltd.,https://www.moneycontrol.com/india/stockpricequote/mediaentertainment/colorchipsnewmedia/ME17
296,Comet Glass Ltd.,https://www.moneycontrol.com/india/stockpricequote/glassglassproducts/cometglass/CGL
297,Comfort Infotech Ltd.,https://www.moneycontrol.com/india/stockpricequote/financegeneral/comfortinfotech/CI32
298,Comfort Commotrade Ltd.,https://www.moneycontrol.com/india/stockpricequote/financegeneral/comfortcommotrade/CC
299,Comfort Fincap Ltd.,https://www.moneycontrol.com/india/stockpricequote/financegeneral/comfortfincap/CF10
300,Command Polymers Ltd.,https://www.moneycontrol.com/india/stockpricequote/miscellaneous/commandpolymers/CP14
301,Commercial Syn Bags Ltd.,https://www.moneycontrol.com/india/stockpricequote/packaging/commercialsynbags/CSB01
302,Commex Technology Ltd.,https://www.moneycontrol.com/india/stockpricequote/computerssoftwaremediumsmall/commextechnology/ITP02
303,Compuage Infocom RE Ltd.,https://www.moneycontrol.com/india/stockpricequote/software/compuageinfocomre/CIR01
304,Compact Disc Ltd.,https://www.moneycontrol.com/india/stockpricequote/consumergoodselectronic/compactdisc/CD04
305,Competent Automobiles Company Ltd.,https://www.moneycontrol.com/india/stockpricequote/trading/competentautomobilescompany/CAC
306,Compuage Infocom Ltd.,https://www.moneycontrol.com/india/stockpricequote/computershardware/compuageinfocom/CI29
307,Compucom Software Ltd.,https://www.moneycontrol.com/india/stockpricequote/computerssoftwaremediumsmall/compucomsoftware/CS14
308,Compudyne Winfosys Ltd.,https://www.moneycontrol.com/india/stockpricequote/computerssoftwaremediumsmall/compudynewinfosys/CW
309,Compulink Systems Ltd.,https://www.moneycontrol.com/india/stockpricequote/computerssoftwaremediumsmall/compulinksystems/CS19
310,Computech International Ltd.,https://www.moneycontrol.com/india/stockpricequote/computerssoftwaremediumsmall/computechinternational/CI15
311,Computer Point (India) Ltd.,https://www.moneycontrol.com/india/stockpricequote/computershardware/computerpointindia/CPI04
312,Computer Power India Ltd.,https://www.moneycontrol.com/india/stockpricequote/computerssoftwaremediumsmall/computerpowerindia/CPI06
313,Computerskill Ltd.,https://www.moneycontrol.com/india/stockpricequote/printingstationery/computerskill/C11
314,Comrade Appliances Ltd.,https://www.moneycontrol.com/india/stockpricequote/miscellaneous/comradeappliances/CA09
315,Conart Engineers Ltd.,https://www.moneycontrol.com/india/stockpricequote/constructioncontractingcivil/conartengineers/CE05
316,Concert Capital Ltd.,https://www.moneycontrol.com/india/stockpricequote/financeinvestments/concertcapital/CC07
317,Concert Spices & Exports Ltd.,https://www.moneycontrol.com/india/stockpricequote/foodprocessing/concertspicesexports/CSE01
318,Concord Control Systems Ltd.,https://www.moneycontrol.com/india/stockpricequote/miscellaneous/concordcontrolsystems/CCS
319,Concord Drugs Ltd.,https://www.moneycontrol.com/india/stockpricequote/pharmaceuticals/concorddrugs/CD05
320,Concrete Credit Ltd.,https://www.moneycontrol.com/india/stockpricequote/financeinvestments/concretecredit/CC29
321,Concurrent (India) Infrastructure Ltd.,https://www.moneycontrol.com/india/stockpricequote/computerssoftwaremediumsmall/concurrentindiainfrastructure/KS17
322,Condequip Eng Ltd.,https://www.moneycontrol.com/india/stockpricequote/engineering/condequipeng/CE07
323,Confidence Finance and Trading Ltd.,https://www.moneycontrol.com/india/stockpricequote/financeinvestments/confidencefinancetrading/CTC02
324,Confidence Futuristic Energetech Ltd.,https://www.moneycontrol.com/india/stockpricequote/engineeringheavy/confidencefuturisticenergetech/GIR
325,Confidence Petroleum Ltd.,https://www.moneycontrol.com/india/stockpricequote/miscellaneous/confidencepetroleum/CP10
326,Confro Agro  Ltd.,https://www.moneycontrol.com/india/stockpricequote/foodprocessing/confroagro/CA06
327,Consecutive Investment & Trading Company Ltd.,https://www.moneycontrol.com/india/stockpricequote/financeinvestments/consecutiveinvestmenttradingcompany/CIT01
328,Consolidated Containers Ltd.,https://www.moneycontrol.com/india/stockpricequote/packaging/consolidatedcontainers/CC08
329,Consolidated Fibres and Chemicals Ltd.,https://www.moneycontrol.com/india/stockpricequote/textilesmanmade/consolidatedfibreschemicals/CFC02
330,Consolidated Finvest and Holdings Ltd.,https://www.moneycontrol.com/india/stockpricequote/financegeneral/consolidatedfinvestholdings/CFH01
331,Consolidated Foundations (India) Ltd.,https://www.moneycontrol.com/india/stockpricequote/constructioncontractingcivil/consolidatedfoundationsindia/CFI
332,Consortex Karl Doelitzch Ltd.,https://www.moneycontrol.com/india/stockpricequote/machinetools/consortexkarldoelitzch/CKD
333,Consortium Finance and Leasing Ltd.,https://www.moneycontrol.com/india/stockpricequote/financeleasinghirepurchase/consortiumfinanceleasing/CFL
334,Constronics Infra Ltd.,https://www.moneycontrol.com/india/stockpricequote/hospitalsmedicalservices/constronicsinfralimited/IM03
335,Nippon India ETF Nifty India Consumption,https://www.moneycontrol.com/india/stockpricequote/consumbees/nipponindiaetfniftyindiaconsumption/RMF04
336,Containe Technologies Ltd.,https://www.moneycontrol.com/india/stockpricequote/autoancillariesothers/containetechnologies/CT13
337,Container Corporation of India Ltd.,https://www.moneycontrol.com/india/stockpricequote/transportlogistics/containercorporationindia/CCI
338,Containerway International Lim Ltd.,https://www.moneycontrol.com/india/stockpricequote/containerway/containerwayinternationallim/CONTA54059
339,Contech Software Ltd.,https://www.moneycontrol.com/india/stockpricequote/computerssoftwaremediumsmall/contechsoftware/CS16
340,Contil India Ltd.,https://www.moneycontrol.com/india/stockpricequote/financeinvestments/contilindia/CI41
341,Continental Chemicals Ltd.,https://www.moneycontrol.com/india/stockpricequote/continentchem/continentalchemicals/CC09
342,Continental Construction Ltd.,https://www.moneycontrol.com/india/stockpricequote/constructioncontractingcivil/continentalconstruction/CC11
343,Continental Petroleums Ltd.,https://www.moneycontrol.com/india/stockpricequote/lubricants/continentalpetroleums/CP06
344,Continental Securities Ltd.,https://www.moneycontrol.com/india/stockpricequote/continentalsec/continentalsecurities/CS21
345,Continental Seeds And Chemicals Ltd.,https://www.moneycontrol.com/india/stockpricequote/miscellaneous/continentalseedsandchemicalsltd/CSA
346,Continental Valve Ltd.,https://www.moneycontrol.com/india/stockpricequote/engineering/continentalvalve/CVL01
347,Continental Controls Ltd.,https://www.moneycontrol.com/india/stockpricequote/electricequipment/continentalcontrols/CC15
348,Control Print Ltd.,https://www.moneycontrol.com/india/stockpricequote/trading/controlprint/CP11
349,Conway Printers Ltd.,https://www.moneycontrol.com/india/stockpricequote/miscellaneous/conwayprinters/CP07
350,Cool Caps Industries Ltd.,https://www.moneycontrol.com/india/stockpricequote/plasticspetbottelsjarscontainers/coolcapsindustries/CCI03
351,Coral Hub Ltd.,https://www.moneycontrol.com/india/stockpricequote/computerssoftwaremediumsmall/coralhub/VIT02
352,Coral India Finance and Housing Ltd.,https://www.moneycontrol.com/india/stockpricequote/financehousing/coralindiafinancehousing/CIF02
353,Coral Laboratories Ltd.,https://www.moneycontrol.com/india/stockpricequote/pharmaceuticals/corallaboratories/CL03
354,Coral Newsprints Ltd.,https://www.moneycontrol.com/india/stockpricequote/coralnewsprint/coralnewsprints/CN
355,Cords Cable Industries Ltd.,https://www.moneycontrol.com/india/stockpricequote/cablespowerothers/cordscableindustries/CCI07
356,CORE Education & Technologies Ltd.,https://www.moneycontrol.com/india/stockpricequote/computerssoftwaretraining/coreeducationtechnologies/CPT
357,Core Healthcare Ltd.,https://www.moneycontrol.com/india/stockpricequote/pharmaceuticals/corehealthcare/CH01
358,Core Organics Ltd.,https://www.moneycontrol.com/india/stockpricequote/chemicals/coreorganics/CO02
359,Coromandal Biotech Industries (India) Ltd.,https://www.moneycontrol.com/india/stockpricequote/miscellaneous/coromandalbiotechindustriesindia/CBI
360,Coromandel Agro Products and Oils Ltd.,https://www.moneycontrol.com/india/stockpricequote/edibleoilssolventextraction/coromandelagroproductsoils/CAP01
361,Coromandel Engineering Company Ltd.,https://www.moneycontrol.com/india/stockpricequote/engineering/coromandelengineeringcompany/CEC
362,Coromandel Granite Co Ltd.,https://www.moneycontrol.com/india/stockpricequote/miscellaneous/coromandelgraniteco/CGC
363,Coromandel International Ltd.,https://www.moneycontrol.com/india/stockpricequote/fertilisers/coromandelinternational/CI45
364,Coromandel Pharmaceuticals Ltd.,https://www.moneycontrol.com/india/stockpricequote/pharmaceuticals/coromandelpharmaceuticals/CPL03
365,Corporate Courier and Cargo Ltd.,https://www.moneycontrol.com/india/stockpricequote/couriers/corporatecouriercargo/CC13
366,Corporate Merchant Bankers  Ltd.,https://www.moneycontrol.com/india/stockpricequote/miscellaneous/corporatemerchantbankers/CMB
367,Corporation Bank,https://www.moneycontrol.com/india/stockpricequote/bankspublicsector/corporationbank/CB
368,Cosboard Industries Ltd.,https://www.moneycontrol.com/india/stockpricequote/paper/cosboardindustries/CI17
369,Cosco (India) Ltd.,https://www.moneycontrol.com/india/stockpricequote/rubber/coscoindia/CI18
370,Cosmic CRF Ltd.,https://www.moneycontrol.com/india/stockpricequote/miscellaneous/cosmiccrf/CC12
371,Cosmo Ferrites Ltd.,https://www.moneycontrol.com/india/stockpricequote/electricals/cosmoferrites/CF07
372,Cosmo First Ltd.,https://www.moneycontrol.com/india/stockpricequote/plastics/cosmofirst/CF08
373,Cosmos Apparels Ltd.,https://www.moneycontrol.com/india/stockpricequote/textileshosieryknitwear/cosmosapparels/CA03
374,Cosmos Leather Exports Ltd.,https://www.moneycontrol.com/india/stockpricequote/leatherproducts/cosmosleatherexports/CLE
375,Cospower Engineering Ltd.,https://www.moneycontrol.com/india/stockpricequote/cospower/cospowerengineering/CE11
376,Cosy Mercantile Ltd.,https://www.moneycontrol.com/india/stockpricequote/miscellaneous/cosymercantile/CML
377,COSYN Ltd.,https://www.moneycontrol.com/india/stockpricequote/computerssoftwaremediumsmall/cosyn/CSS01
378,Country Club Hospitality & Holidays Ltd.,https://www.moneycontrol.com/india/stockpricequote/hotels/countryclubhospitalityholidays/CCI06
379,Country Condos Ltd.,https://www.moneycontrol.com/india/stockpricequote/countrycondos/countrycondos/CC28
380,Conventry Coil O Matic (Haryana) Ltd.,https://www.moneycontrol.com/india/stockpricequote/autoancillaries/conventrycoilomaticharyana/CCO
381,Coventry Spring and Engineering Ltd.,https://www.moneycontrol.com/india/stockpricequote/autoancillaries/coventryspringengineering/CSE
382,Cox & Kings Ltd.,https://www.moneycontrol.com/india/stockpricequote/miscellaneous/coxkings/CK
383,CPEC Ltd.,https://www.moneycontrol.com/india/stockpricequote/engineering/cpec/CPE
384,CPSE ETF,https://www.moneycontrol.com/india/stockpricequote/cpseetf/cpseetf/CPS01
385,Craftsman Automation Ltd.,https://www.moneycontrol.com/india/stockpricequote/engineering/craftsmanautomation/CA04
386,Crane Infrastructure Ltd.,https://www.moneycontrol.com/india/stockpricequote/constructioncontractingrealestate/craneinfrastructure/CI48
387,Cranes Software International Ltd.,https://www.moneycontrol.com/india/stockpricequote/computerssoftwaremediumsmall/cranessoftwareinternational/CSI01
388,Cranex Ltd.,https://www.moneycontrol.com/india/stockpricequote/engineeringheavy/cranex/C08
389,Cravatex Ltd.,https://www.moneycontrol.com/india/stockpricequote/trading/cravatex/C09
390,Crayons Advertising Ltd.,https://www.moneycontrol.com/india/stockpricequote/miscellaneous/crayonsadvertising/CA08
391,Crazy Infotech Ltd.,https://www.moneycontrol.com/india/stockpricequote/computerssoftwaremediumsmall/crazyinfotech/CI35
392,CRB Capital Market Ltd.,https://www.moneycontrol.com/india/stockpricequote/financeinvestments/crbcapitalmarket/CRB03
393,CRB Capital Markets Ltd.,https://www.moneycontrol.com/india/stockpricequote/financeinvestments/crbcapitalmarkets/CRB01
394,CRB Corporation Ltd.,https://www.moneycontrol.com/india/stockpricequote/miscellaneous/crbcorporation/CRB04
395,CRB Share Custodian Services Ltd.,https://www.moneycontrol.com/india/stockpricequote/financeinvestments/crbsharecustodianservices/CRB05
396,Creative Castings  Ltd.,https://www.moneycontrol.com/india/stockpricequote/engineering/creativecastings/CC30
397,Creative Eye Ltd.,https://www.moneycontrol.com/india/stockpricequote/mediaentertainment/creativeeye/CE08
398,Creative Merchants Ltd.,https://www.moneycontrol.com/india/stockpricequote/trading/creativemerchants/CM04
399,Creative Newtech Ltd.,https://www.moneycontrol.com/india/stockpricequote/miscellaneous/creativenewtech/CPD
400,Credence Sound and Vision Ltd.,https://www.moneycontrol.com/india/stockpricequote/mediaentertainment/credencesoundvision/CSV
401,CREDENT GLOBAL FINANCE Ltd.,https://www.moneycontrol.com/india/stockpricequote/credentglobal/credentglobalfinance/OC11
402,Credential Finance Ltd.,https://www.moneycontrol.com/india/stockpricequote/financegeneral/credentialfinance/CFL02
403,CreditAccess Grameen Ltd.,https://www.moneycontrol.com/india/stockpricequote/creditaccessgr/creditaccessgrameen/CG03
404,Crescent Colorcoat Systems Ltd.,https://www.moneycontrol.com/india/stockpricequote/paper/crescentcolorcoatsystems/CCS03
405,Crescent Leasing Ltd.,https://www.moneycontrol.com/india/stockpricequote/financeinvestments/crescentleasing/CL07
406,CRESSANDA SOLUTIONS RE Ltd.,https://www.moneycontrol.com/india/stockpricequote/iteducation/cressandasolutionsre/CSR
407,Cressanda Solution Ltd.,https://www.moneycontrol.com/india/stockpricequote/computerssoftwaremediumsmall/cressandasolution/CS17
408,Crest Animation Studios Ltd.,https://www.moneycontrol.com/india/stockpricequote/mediaentertainment/crestanimationstudios/CAS01
409,Crest Paper Mills Ltd.,https://www.moneycontrol.com/india/stockpricequote/paper/crestpapermills/CPM
410,Crest Ventures Ltd.,https://www.moneycontrol.com/india/stockpricequote/financehousing/crestventures/SR
411,Crestchem Ltd.,https://www.moneycontrol.com/india/stockpricequote/chemicals/crestchem/C10
412,Crester Securities Ltd.,https://www.moneycontrol.com/india/stockpricequote/financeinvestments/crestersecurities/CS11
413,Crestworld Marine Ltd.,https://www.moneycontrol.com/india/stockpricequote/aquaculture/crestworldmarine/CML01
414,Crew B.O.S. Products Ltd.,https://www.moneycontrol.com/india/stockpricequote/leatherproducts/crewbosproducts/CBO
415,Crimson Metal Engineering Company Ltd.,https://www.moneycontrol.com/india/stockpricequote/steeltubespipes/crimsonmetalengineeringcompany/SSS04
416,CRISIL Ltd.,https://www.moneycontrol.com/india/stockpricequote/miscellaneous/crisil/CRI
417,Croissance Ltd.,https://www.moneycontrol.com/india/stockpricequote/petrochemicals/croissance/MPL02
418,Cromakem Ltd.,https://www.moneycontrol.com/india/stockpricequote/engineering/cromakem/CL04
419,Croslands Research Laboratories Ltd.,https://www.moneycontrol.com/india/stockpricequote/pharmaceuticals/croslandsresearchlaboratories/CRL
420,Cross Country H Ltd.,https://www.moneycontrol.com/india/stockpricequote/hotels/crosscountryh/CCH
421,Crown Lifters Ltd.,https://www.moneycontrol.com/india/stockpricequote/diversified/crownlifters/CL08
422,Crown Television Ltd.,https://www.moneycontrol.com/india/stockpricequote/domesticappliances/crowntelevision/CT04
423,CRP Risk Management Ltd Ltd.,https://www.moneycontrol.com/india/stockpricequote/miscellaneous/crpriskmanagementltd/CRM
424,Cryptogen Agro Industries Ltd.,https://www.moneycontrol.com/india/stockpricequote/foodprocessing/cryptogenagroindustries/CAI
425,Crystal Agritech Ltd.,https://www.moneycontrol.com/india/stockpricequote/miscellaneous/crystalagritech/CAL
426,Crystal Cable Industries Ltd.,https://www.moneycontrol.com/india/stockpricequote/cablespowerothers/crystalcableindustries/CCI05
427,Crystal Credits Corporation Ltd.,https://www.moneycontrol.com/india/stockpricequote/financeinvestments/crystalcreditscorporation/CCC
428,Crystal Software Solutuions Ltd.,https://www.moneycontrol.com/india/stockpricequote/computerssoftwaremediumsmall/crystalsoftwaresolutuions/CSS02
429,CSB Bank Ltd.,https://www.moneycontrol.com/india/stockpricequote/banksprivatesector/csbbank/CB05
430,CSJ Technologies Ltd.,https://www.moneycontrol.com/india/stockpricequote/miscellaneous/csjtechnologies/CSJ
431,CSL Finance Ltd.,https://www.moneycontrol.com/india/stockpricequote/financeleasinghirepurchase/cslfinance/CSL01
432,CT Cotton Yarn Ltd.,https://www.moneycontrol.com/india/stockpricequote/textilesspinningcottonblended/ctcottonyarn/CTC
433,CTR Manufacturing Industries Ltd.,https://www.moneycontrol.com/india/stockpricequote/engineering/ctrmanufacturingindustries/CTR
434,CUBEINVIT Ltd.,https://www.moneycontrol.com/india/stockpricequote/miscellaneous/cubeinvit/CUBEI15078
435,Cubex Tubings Ltd.,https://www.moneycontrol.com/india/stockpricequote/metalsnonferrous/cubextubings/CT05
436,Cubical Financial Services Ltd.,https://www.moneycontrol.com/india/stockpricequote/cubicalfinser/cubicalfinancialservices/CFS03
437,Cuddapah Spinning Mills Ltd.,https://www.moneycontrol.com/india/stockpricequote/textilesspinningcottonblended/cuddapahspinningmills/CSM01
438,Cummins India Ltd.,https://www.moneycontrol.com/india/stockpricequote/engines/cumminsindia/CI02
439,Cupid Ltd.,https://www.moneycontrol.com/india/stockpricequote/miscellaneous/cupid/CR02
440,Cupid Trades Ltd.,https://www.moneycontrol.com/india/stockpricequote/trading/cupidtrades/CT06
441,Cura Technologies Ltd.,https://www.moneycontrol.com/india/stockpricequote/computerssoftwaremediumsmall/curatechnologies/SS48
442,Curefast Remedies Ltd.,https://www.moneycontrol.com/india/stockpricequote/pharmaceuticals/curefastremedies/CRL01
443,Cutfast Abrasive Tools Ltd.,https://www.moneycontrol.com/india/stockpricequote/electricequipment/cutfastabrasivetools/CAT
444,CV Steels Ltd.,https://www.moneycontrol.com/india/stockpricequote/steelmediumsmall/cvsteels/CVS
445,Cvil Infra Ltd.,https://www.moneycontrol.com/india/stockpricequote/financeinvestments/cvilinfra/CVI
446,CWD Ltd.,https://www.moneycontrol.com/india/stockpricequote/electronicgoods/cwd/C15
447,Cyanamid Agro Ltd.,https://www.moneycontrol.com/india/stockpricequote/pesticidesagrochemicals/cyanamidagro/CA05
448,Cyber Media (India) Ltd.,https://www.moneycontrol.com/india/stockpricequote/mediaentertainment/cybermediaindia/CMI01
449,Cyber Media Research and Services Ltd.,https://www.moneycontrol.com/india/stockpricequote/miscellaneous/cybermediaresearchservices/CMR01
450,Cyberscape Multimedia Ltd.,https://www.moneycontrol.com/india/stockpricequote/computerssoftwaremediumsmall/cyberscapemultimedia/CM03
451,Cyberspace Multimedia Ltd.,https://www.moneycontrol.com/india/stockpricequote/computerssoftwaremediumsmall/cyberspacemultimedia/CM02
452,Cyberspace Infosys Ltd.,https://www.moneycontrol.com/india/stockpricequote/computerssoftwaremediumsmall/cyberspaceinfosys/CI07
453,Cybertech Systems and Software Ltd.,https://www.moneycontrol.com/india/stockpricequote/computerssoftwaremediumsmall/cybertechsystemssoftware/CSS
454,Cyberwave Internet Solutions Ltd.,https://www.moneycontrol.com/india/stockpricequote/computerssoftwaremediumsmall/cyberwaveinternetsolutions/CIS
455,Cyient Ltd.,https://www.moneycontrol.com/india/stockpricequote/computerssoftware/cyient/IE07
456,Cyient DLM Ltd.,https://www.moneycontrol.com/india/stockpricequote/miscellaneous/cyientdlm/CD02
