,company,url
0,I Power Solutions Ltd.,https://www.moneycontrol.com/india/stockpricequote/computerssoftware/ipowersolutions/IPS01
1,,
2,IB Industries Ltd.,https://www.moneycontrol.com/india/stockpricequote/steelmediumsmall/ibindustries/IBI
3,IB Infotech Enterprises Ltd.,https://www.moneycontrol.com/india/stockpricequote/foodprocessing/ibinfotechenterprises/IB
4,IBMFNIFTY Ltd.,https://www.moneycontrol.com/india/stockpricequote/miscellaneous/ibmfnifty/IBMFN9937
5,IBP Company Ltd.,https://www.moneycontrol.com/india/stockpricequote/refineries/ibpcompany/IBP
6,Iccon Oil and Specialities Ltd.,https://www.moneycontrol.com/india/stockpricequote/lubricants/icconoilspecialities/IOS
7,ICDS Ltd.,https://www.moneycontrol.com/india/stockpricequote/financeleasinghirepurchase/icds/ICD
8,ICE Make Refrigeration Ltd.,https://www.moneycontrol.com/india/stockpricequote/miscellaneous/icemakerefrigeration/IMR
9,ICES Software Ltd.,https://www.moneycontrol.com/india/stockpricequote/computerssoftware/icessoftware/IS08
10,Ichalkaranji Soya Ltd.,https://www.moneycontrol.com/india/stockpricequote/edibleoilssolventextraction/ichalkaranjisoya/IS
11,ICICI Bank Ltd.,https://www.moneycontrol.com/india/stockpricequote/banksprivatesector/icicibank/ICI02
12,ICICI Bank (PP) Ltd.,https://www.moneycontrol.com/india/stockpricequote/banksprivatesector/icicibankpp/IB05
13,ICICI Lombard General Insurance Company Ltd.,https://www.moneycontrol.com/india/stockpricequote/icicilombard/icicilombardgeneralinsurancecompany/ILG
14,ICICI Power Ltd.,https://www.moneycontrol.com/india/stockpricequote/financeinvestments/icicipower/ICI04
15,ICICI PP Ltd.,https://www.moneycontrol.com/india/stockpricequote/financeinvestments/icicipp/ICI08
16,ICICI Premier Ltd.,https://www.moneycontrol.com/india/stockpricequote/financeinvestments/icicipremier/ICI03
17,ICICI Prudential Life Insurance Company Ltd.,https://www.moneycontrol.com/india/stockpricequote/financegeneral/iciciprudentiallifeinsurancecompany/IPL01
18,ICICI Securities Ltd.,https://www.moneycontrol.com/india/stockpricequote/miscellaneous/icicisecuritiesltd/ISL04
19,ICICI10GS Ltd.,https://www.moneycontrol.com/india/stockpricequote/miscellaneous/icici10gs/ICICI13143
20,ICICI Prudential Nifty 5 Yr Benchmark G-SEC ETF,https://www.moneycontrol.com/india/stockpricequote/etf/iciciprudentialnifty5yrbenchmarkgsecetf/IPN01
21,ICICI Prudential Nifty Alpha Low Volatility 30 ETF,https://www.moneycontrol.com/india/stockpricequote/icicialplv/iciciprudentialniftyalphalowvolatility30etf/IPA01
22,ICICI Prudential Nifty Auto ETF,https://www.moneycontrol.com/india/stockpricequote/etf/iciciprudentialniftyautoetf/IPN
23,ICICI Prudential Nifty Bank ETF,https://www.moneycontrol.com/india/stockpricequote/icicibankn/iciciprudentialniftybanketf/IPB01
24,ICICI Prudential Nifty Private Bank ETF,https://www.moneycontrol.com/india/stockpricequote/icicibankp/iciciprudentialniftyprivatebanketf/ICICI11386
25,ICICI PRUDENTIAL NIFTY COMMODITIES ETF,https://www.moneycontrol.com/india/stockpricequote/etf/iciciprudentialniftycommoditiesetf/IPN05
26,ICICI Prudential Nifty Consumption ETF,https://www.moneycontrol.com/india/stockpricequote/iciciconsu/iciciprudentialniftyconsumptionetf/IPC03
27,ICICI PRU NIFTY FIN SER EX-BANK ETF,https://www.moneycontrol.com/india/stockpricequote/etf/icicipruniftyfinserexbanketf/IPN04
28,ICICI Prudential Nifty FMCG ETF,https://www.moneycontrol.com/india/stockpricequote/icicifmcg/iciciprudentialniftyfmcgetf/IPF01
29,ICICI PRUDENTIAL NIFTY INFRASTRUCTURE ETF,https://www.moneycontrol.com/india/stockpricequote/etf/iciciprudentialniftyinfrastructureetf/IPN02
30,ICICI Prudential S&P BSE Liquid Rate ETF,https://www.moneycontrol.com/india/stockpricequote/iciciliq/iciciprudentialspbseliquidrateetf/ICICI4838
31,ICICI Prudential Nifty 100 Low Volatility 30 ETF,https://www.moneycontrol.com/india/stockpricequote/icicilovol/iciciprudentialnifty100lowvolatility30etf/ICICI21254
32,ICICI Prudential Nifty Midcap 150 ETF,https://www.moneycontrol.com/india/stockpricequote/icicim150/iciciprudentialniftymidcap150etf/ICICI17152
33,ICICI Prudential S&P BSE Midcap Select ETF,https://www.moneycontrol.com/india/stockpricequote/icicimcap/iciciprudentialspbsemidcapselectetf/ICI14
34,ICICI Prudential Nifty 200 Momentum 30 ETF,https://www.moneycontrol.com/india/stockpricequote/etf/iciciprudentialnifty200momentum30etf/IPN03
35,ICICI Prudential Nifty 50 ETF,https://www.moneycontrol.com/india/stockpricequote/icicinifty/iciciprudentialnifty50etf/ICI11
36,ICICI Prudential Nifty50 Value 20 ETF,https://www.moneycontrol.com/india/stockpricequote/icicinv20/iciciprudentialnifty50value20etf/ICI13
37,ICICI Prudential Nifty Healthcare ETF,https://www.moneycontrol.com/india/stockpricequote/icicipharm/iciciprudentialniftyhealthcareetf/IPH
38,ICICI Prudential S&P BSE Sensex ETF,https://www.moneycontrol.com/india/stockpricequote/icicisensx/iciciprudentialspbsesensexetf/ICI09
39,ICICI Prudential Silver ETF,https://www.moneycontrol.com/india/stockpricequote/etf/iciciprudentialsilveretf/IPS02
40,ICICI Prudential Nifty IT ETF,https://www.moneycontrol.com/india/stockpricequote/icicitech/iciciprudentialniftyitetf/IPI03
41,Icicon Electronics Ltd.,https://www.moneycontrol.com/india/stockpricequote/electricals/iciconelectronics/IE
42,ICON Biopharma And Healthcare Ltd.,https://www.moneycontrol.com/india/stockpricequote/pharmaceuticals/iconbiopharmaandhealthcare/ICO
43,ICP Securities Ltd.,https://www.moneycontrol.com/india/stockpricequote/financeinvestments/icpsecurities/ICP
44,ICRA Ltd.,https://www.moneycontrol.com/india/stockpricequote/miscellaneous/icra/ICR
45,ICSA India Ltd.,https://www.moneycontrol.com/india/stockpricequote/computerssoftware/icsaindia/ICS
46,IDBI Bank Ltd.,https://www.moneycontrol.com/india/stockpricequote/idbibank/idbibank/IDB05
47,IDBI Div I NIT 95 Ltd.,https://www.moneycontrol.com/india/stockpricequote/financeinvestments/idbidivinit95/IDB04
48,IDBI Gold ETF,https://www.moneycontrol.com/india/stockpricequote/idbigoldetf/idbigoldetf/IDB01
49,IDBI Gold Exchange Traded Fund Ltd.,https://www.moneycontrol.com/india/stockpricequote/idbigoldetf/idbigoldexchangetradedfund/IDB06
50,IDBI Grow I NIT 95 Ltd.,https://www.moneycontrol.com/india/stockpricequote/financeinvestments/idbigrowinit95/IDB03
51,IDBI MF-Tax I NIT96 Ltd.,https://www.moneycontrol.com/india/stockpricequote/financeinvestments/idbimftaxinit96/IDB02
52,Ideaforge Technology Ltd.,https://www.moneycontrol.com/india/stockpricequote/miscellaneous/ideaforgetechnology/IT07
53,Ideal Carpets Ltd.,https://www.moneycontrol.com/india/stockpricequote/textilesgeneral/idealcarpets/IC03
54,Ideal Hotels and Industries Ltd.,https://www.moneycontrol.com/india/stockpricequote/hotels/idealhotelsindustries/IHI
55,Ideal Space Solutions Ltd.,https://www.moneycontrol.com/india/stockpricequote/computerssoftwaremediumsmall/idealspacesolutions/ISS01
56,IDFC Ltd.,https://www.moneycontrol.com/india/stockpricequote/idfc/idfc/IDF
57,IDFC First Bank Ltd.,https://www.moneycontrol.com/india/stockpricequote/banksprivatesector/idfcfirstbank/IDF01
58,IDFC Mutual Fund - IDFC Nifty ETF,https://www.moneycontrol.com/india/stockpricequote/idfcmf/idfcmutualfundidfcniftyetf/IDF02
59,IDI Ltd.,https://www.moneycontrol.com/india/stockpricequote/chemicals/idi/IDI
60,IDL-Salzbau (India) Ltd.,https://www.moneycontrol.com/india/stockpricequote/chemicals/idlsalzbauindia/IDL01
61,IEC Education Ltd.,https://www.moneycontrol.com/india/stockpricequote/computerssoftwaremediumsmall/ieceducation/IEC02
62,IEL Ltd.,https://www.moneycontrol.com/india/stockpricequote/edibleoilssolventextraction/iel/IE02
63,Indian Energy Exchange Ltd.,https://www.moneycontrol.com/india/stockpricequote/diversified/indianenergyexchange/IEE
64,IFB Agro Industries Ltd.,https://www.moneycontrol.com/india/stockpricequote/breweriesdistilleries/ifbagroindustries/IFB
65,IFB Finance Ltd.,https://www.moneycontrol.com/india/stockpricequote/financeinvestments/ifbfinance/IFB01
66,IFB Industries Ltd.,https://www.moneycontrol.com/india/stockpricequote/consumergoodswhitegoods/ifbindustries/IFB02
67,IFB Venture Capital Finance Ltd.,https://www.moneycontrol.com/india/stockpricequote/financeinvestments/ifbventurecapitalfinance/IFB04
68,IFCI Ltd.,https://www.moneycontrol.com/india/stockpricequote/financetermlendinginstitutions/ifci/IFC02
69,IFCI010811B Ltd.,https://www.moneycontrol.com/india/stockpricequote/ifci010811b/ifci010811b/IFC03
70,IFCI010811D Ltd.,https://www.moneycontrol.com/india/stockpricequote/financetermlendinginstitutions/ifci010811d/IFC04
71,IFGL Refractories Ltd.,https://www.moneycontrol.com/india/stockpricequote/cementproductsbuildingmaterials/ifglrefractories/IFG
72,IFL Enterprises Ltd.,https://www.moneycontrol.com/india/stockpricequote/iflenterprises/iflenterprises/IE03
73,IFL Promoters Ltd.,https://www.moneycontrol.com/india/stockpricequote/financeinvestments/iflpromoters/IF01
74,IFSL Ltd.,https://www.moneycontrol.com/india/stockpricequote/financegeneral/ifsl/IFS05
75,IG Petrochemicals Ltd.,https://www.moneycontrol.com/india/stockpricequote/chemicals/igpetrochemicals/IGP
76,Igarashi Motors Ltd.,https://www.moneycontrol.com/india/stockpricequote/electricequipment/igarashimotors/IM01
77,iGATE Global Solutions Ltd.,https://www.moneycontrol.com/india/stockpricequote/computerssoftware/igateglobalsolutions/IG03
78,IGC Foils Ltd.,https://www.moneycontrol.com/india/stockpricequote/trading/igcfoils/IGC02
79,IGGI Highway Motels Ltd.,https://www.moneycontrol.com/india/stockpricequote/hotels/iggihighwaymotels/IGG
80,Iggi Resorts International Ltd.,https://www.moneycontrol.com/india/stockpricequote/hotels/iggiresortsinternational/IRI02
81,Indraprastha Gas Ltd.,https://www.moneycontrol.com/india/stockpricequote/oildrillingandexploration/indraprasthagas/IG04
82,IIFL Finance Ltd.,https://www.moneycontrol.com/india/stockpricequote/financegeneral/iiflfinance/II15
83,IIFL Mutual Fund - IIFL NIFTY ETF,https://www.moneycontrol.com/india/stockpricequote/financeinvestments/iiflmutualfundiiflniftyetf/IIF
84,IIISLNCDI Ltd.,https://www.moneycontrol.com/india/stockpricequote/miscellaneous/iiislncdi/III
85,IIISLNCDII Ltd.,https://www.moneycontrol.com/india/stockpricequote/miscellaneous/iiislncdii/III01
86,IIISLNCDIII2 Ltd.,https://www.moneycontrol.com/india/stockpricequote/miscellaneous/iiislncdiii2/III02
87,IITL Projects Ltd.,https://www.moneycontrol.com/india/stockpricequote/financeinvestments/iitlprojects/IGP02
88,IKF Finance Ltd.,https://www.moneycontrol.com/india/stockpricequote/financeinvestments/ikffinance/IKF
89,IKF Technologies Ltd.,https://www.moneycontrol.com/india/stockpricequote/computerssoftwaremediumsmall/ikftechnologies/IKF01
90,IKIO Lighting Ltd.,https://www.moneycontrol.com/india/stockpricequote/miscellaneous/ikiolighting/IL01
91,ILandFS Investment Managers Ltd.,https://www.moneycontrol.com/india/stockpricequote/financeinvestments/ilandfsinvestmentmanagers/ILF02
92,ILandFS Engineering and Construction Company Ltd.,https://www.moneycontrol.com/india/stockpricequote/constructioncontractingcivil/ilandfsengineeringconstructioncompany/MI50
93,ILandFS Transportation Networks Ltd.,https://www.moneycontrol.com/india/stockpricequote/infrastructuregeneral/ilandfstransportationnetworks/ITN
94,IM+ Capitals Ltd.,https://www.moneycontrol.com/india/stockpricequote/financeleasinghirepurchase/im+capitals/BCA
95,Imagicaaworld Entertainment Ltd.,https://www.moneycontrol.com/india/stockpricequote/imagicaaworld/imagicaaworldentertainment/AE01
96,IMAP Technologies Ltd.,https://www.moneycontrol.com/india/stockpricequote/computerssoftwaremediumsmall/imaptechnologies/IMA01
97,IMC Finance Ltd.,https://www.moneycontrol.com/india/stockpricequote/financeinvestments/imcfinance/IMC
98,IMEC Services Ltd.,https://www.moneycontrol.com/india/stockpricequote/steelcrhrstrips/imecserviceslimited/RSA
99,IMP Powers Ltd.,https://www.moneycontrol.com/india/stockpricequote/electricequipment/imppowers/IMP02
100,Impex Ferro Tech Ltd.,https://www.moneycontrol.com/india/stockpricequote/miningminerals/impexferrotech/IFT
101,In House Productions Ltd.,https://www.moneycontrol.com/india/stockpricequote/computerssoftwaremediumsmall/inhouseproductions/IHP01
102,Inalsa Ltd.,https://www.moneycontrol.com/india/stockpricequote/consumergoodselectronic/inalsa/I01
103,Inani Marbles Ltd.,https://www.moneycontrol.com/india/stockpricequote/ceramicsgranite/inanimarbles/IM
104,Inani Securities Ltd.,https://www.moneycontrol.com/india/stockpricequote/financeinvestments/inanisecurities/IS06
105,Incab Industries Ltd.,https://www.moneycontrol.com/india/stockpricequote/cablespowerothers/incabindustries/IIL
106,Incap Ltd.,https://www.moneycontrol.com/india/stockpricequote/electricals/incap/I10
107,Incap Financial Services Ltd.,https://www.moneycontrol.com/india/stockpricequote/financeinvestments/incapfinancialservices/IFS04
108,Inceptum Enterprises Ltd.,https://www.moneycontrol.com/india/stockpricequote/trading/inceptumenterprises/AE17
109,Incon Engineers Ltd.,https://www.moneycontrol.com/india/stockpricequote/inconengineers/inconengineers/IE05
110,Incorporated Engineers Ltd.,https://www.moneycontrol.com/india/stockpricequote/engineering/incorporatedengineers/IE01
111,Incredible Industries Ltd.,https://www.moneycontrol.com/india/stockpricequote/steelmediumsmall/incredibleindustries/AI67
112,Industrial and Prudential Investment Company Ltd.,https://www.moneycontrol.com/india/stockpricequote/financeinvestments/industrialprudentialinvestmentcompany/IPI
113,Indbank Housing Ltd.,https://www.moneycontrol.com/india/stockpricequote/financehousing/indbankhousing/IH
114,Ind Cement Cap Ltd.,https://www.moneycontrol.com/india/stockpricequote/financeleasinghirepurchase/indcementcap/ICC05
115,Industrial Credit & Investment Corporation Ltd.,https://www.moneycontrol.com/india/stockpricequote/financeinvestments/industrialcreditinvestmentcorporation/ICI01
116,Ind Jyoti (A) Ltd.,https://www.moneycontrol.com/india/stockpricequote/financeinvestments/indjyotia/IJA
117,Ind Jyoti (B) Ltd.,https://www.moneycontrol.com/india/stockpricequote/financeinvestments/indjyotib/IJB
118,India Motor Parts and Accessories Ltd.,https://www.moneycontrol.com/india/stockpricequote/trading/indiamotorpartsaccessories/IMP03
119,Ind Navratna Ltd.,https://www.moneycontrol.com/india/stockpricequote/financeinvestments/indnavratna/IN
120,Ind Prakash (A) Ltd.,https://www.moneycontrol.com/india/stockpricequote/financeinvestments/indprakasha/IPA
121,Ind Prakash (B) Ltd.,https://www.moneycontrol.com/india/stockpricequote/financeinvestments/indprakashb/IPB
122,Ind Ratna (rolledover) Ltd.,https://www.moneycontrol.com/india/stockpricequote/financeinvestments/indratnarolledover/IR04
123,IND Renewable Energy Ltd.,https://www.moneycontrol.com/india/stockpricequote/consumergoodselectronic/indrenewableenergy/VPI03
124,Ind Sagar Ltd.,https://www.moneycontrol.com/india/stockpricequote/financeinvestments/indsagar/IS01
125,Ind Tra Deco Ltd.,https://www.moneycontrol.com/india/stockpricequote/trading/indtradeco/ITD
126,IND-AGIV Commerce Ltd.,https://www.moneycontrol.com/india/stockpricequote/trading/indagivcommerce/IND
127,Ind-Swift Ltd.,https://www.moneycontrol.com/india/stockpricequote/pharmaceuticals/indswift/IS02
128,Ind-Swift Laboratories Ltd.,https://www.moneycontrol.com/india/stockpricequote/pharmaceuticals/indswiftlaboratories/ISL
129,Indabrator Ltd.,https://www.moneycontrol.com/india/stockpricequote/castingsforgings/indabrator/I02
130,Indag Products Ltd.,https://www.moneycontrol.com/india/stockpricequote/pesticidesagrochemicals/indagproducts/IP
131,Indag Rubber Ltd.,https://www.moneycontrol.com/india/stockpricequote/rubber/indagrubber/IR
132,Indage Restaurants and Leisure Ltd.,https://www.moneycontrol.com/india/stockpricequote/foodprocessing/indagerestaurantsleisure/IRL
133,Indage Vintners Ltd.,https://www.moneycontrol.com/india/stockpricequote/breweriesdistilleries/indagevintners/IV01
134,Indian Aluminium Company Ltd.,https://www.moneycontrol.com/india/stockpricequote/aluminium/indianaluminiumcompany/IAC
135,Indbank Merchant Banking Services Ltd.,https://www.moneycontrol.com/india/stockpricequote/financegeneral/indbankmerchantbankingservices/IMB
136,Indeen Alloys Ltd.,https://www.moneycontrol.com/india/stockpricequote/miningminerals/indeenalloys/IAL
137,Indergiri Finance Ltd.,https://www.moneycontrol.com/india/stockpricequote/financeleasinghirepurchase/indergirifinance/IF06
138,India Castor Ltd.,https://www.moneycontrol.com/india/stockpricequote/miscellaneous/indiacastor/IC02
139,India Cements Ltd.,https://www.moneycontrol.com/india/stockpricequote/cementmajor/indiacements/IC
140,India Finsec Ltd.,https://www.moneycontrol.com/india/stockpricequote/financeinvestments/indiafinsec/IF07
141,India Foils Ltd.,https://www.moneycontrol.com/india/stockpricequote/aluminium/indiafoils/IF02
142,India Forge and Drop Stampings Ltd.,https://www.moneycontrol.com/india/stockpricequote/castingsforgings/indiaforgedropstampings/IFD
143,India Gelatine and Chemicals Ltd.,https://www.moneycontrol.com/india/stockpricequote/chemicals/indiagelatinechemicals/IGC01
144,India Glycols Ltd.,https://www.moneycontrol.com/india/stockpricequote/chemicals/indiaglycols/IG
145,India Green Reality Ltd.,https://www.moneycontrol.com/india/stockpricequote/constructioncontractingcivil/indiagreenreality/IGR
146,India Grid Trust NCD Ltd.,https://www.moneycontrol.com/india/stockpricequote/powergenerationdistribution/indiagridtrustncd/IGT02
147,India Grid Trust RE Ltd.,https://www.moneycontrol.com/india/stockpricequote/powergenerationdistribution/indiagridtrustre/IGT01
148,India Gypsum Ltd.,https://www.moneycontrol.com/india/stockpricequote/miscellaneous/indiagypsum/IG01
149,India Home Loans Ltd.,https://www.moneycontrol.com/india/stockpricequote/financehousing/indiahomeloans/IHL01
150,India Infraspace Ltd.,https://www.moneycontrol.com/india/stockpricequote/constructioncontractingcivil/indiainfraspace/GI04
151,India Infusion Ltd.,https://www.moneycontrol.com/india/stockpricequote/pharmaceuticals/indiainfusion/II01
152,India International Marketing Centre Ltd.,https://www.moneycontrol.com/india/stockpricequote/miscellaneous/indiainternationalmarketingcentre/IIM
153,India Lease Development Ltd.,https://www.moneycontrol.com/india/stockpricequote/financeleasinghirepurchase/indialeasedevelopment/ILD
154,India Nippon Electricals Ltd.,https://www.moneycontrol.com/india/stockpricequote/autoancillaries/indianipponelectricals/INE
155,India Pesticides Ltd.,https://www.moneycontrol.com/india/stockpricequote/pesticidesagrochemicals/indiapesticides/IP10
156,India Poly Ltd.,https://www.moneycontrol.com/india/stockpricequote/textilesprocessing/indiapoly/IP01
157,India Polyfibres Ltd.,https://www.moneycontrol.com/india/stockpricequote/textilesmanmade/indiapolyfibres/IP02
158,India Radiators Ltd.,https://www.moneycontrol.com/india/stockpricequote/autoancillaries/indiaradiators/IR03
159,India Rubber Ltd.,https://www.moneycontrol.com/india/stockpricequote/rubber/indiarubber/IR01
160,India Securities Ltd.,https://www.moneycontrol.com/india/stockpricequote/financeleasinghirepurchase/indiasecurities/IS03
161,India Steamships Company Ltd.,https://www.moneycontrol.com/india/stockpricequote/shipping/indiasteamshipscompany/ISC
162,India Steel Works Ltd.,https://www.moneycontrol.com/india/stockpricequote/steelmediumsmall/indiasteelworks/ISW
163,India Sucrose Ltd.,https://www.moneycontrol.com/india/stockpricequote/sugar/indiasucrose/IS9
164,India Sugars and Refineries Ltd.,https://www.moneycontrol.com/india/stockpricequote/sugar/indiasugarsrefineries/ISR
165,India Tourism Development Corporation Ltd.,https://www.moneycontrol.com/india/stockpricequote/hotels/indiatourismdevelopmentcorporation/ITD02
166,Indiabulls Financial Services Ltd.,https://www.moneycontrol.com/india/stockpricequote/financegeneral/indiabullsfinancialservices/IFS03
167,Indiabulls Enterprises Ltd.,https://www.moneycontrol.com/india/stockpricequote/miscellaneous/indiabullsenterprises/IE10
168,Indiabulls Housing Finance Ltd.,https://www.moneycontrol.com/india/stockpricequote/financehousing/indiabullshousingfinance/IHF01
169,Indiabulls Real Estate Ltd.,https://www.moneycontrol.com/india/stockpricequote/constructioncontractingrealestate/indiabullsrealestate/IRE01
170,Indiaco Ventures Ltd.,https://www.moneycontrol.com/india/stockpricequote/financeinvestments/indiacoventures/IV
171,Indiamart Intermesh Ltd.,https://www.moneycontrol.com/india/stockpricequote/miscellaneous/indiamartintermesh/II12
172,Indian Acrylics Ltd.,https://www.moneycontrol.com/india/stockpricequote/textilesmanmade/indianacrylics/IA05
173,Indian Bank,https://www.moneycontrol.com/india/stockpricequote/bankspublicsector/indianbank/IB04
174,Indian Bright Steel Company Ltd.,https://www.moneycontrol.com/india/stockpricequote/indianbright/indianbrightsteelcompany/IBS
175,Indian Card Clothing Ltd.,https://www.moneycontrol.com/india/stockpricequote/textilesmachinery/indiancardclothing/ICC01
176,Indian Charge Chrome Ltd.,https://www.moneycontrol.com/india/stockpricequote/miningminerals/indianchargechrome/ICC02
177,Indian Electro Chemicals Ltd.,https://www.moneycontrol.com/india/stockpricequote/chemicals/indianelectrochemicals/IEC01
178,Indian Express Newspapers Ltd.,https://www.moneycontrol.com/india/stockpricequote/mediaentertainment/indianexpressnewspapers/IEN
179,Indian Food Fermentations Ltd.,https://www.moneycontrol.com/india/stockpricequote/foodprocessing/indianfoodfermentations/IFF
180,Indian Hotels RE Ltd.,https://www.moneycontrol.com/india/stockpricequote/hotelresortrestaurants/indianhotelsre/IHR
181,Indian Hotels Company Ltd.,https://www.moneycontrol.com/india/stockpricequote/hotels/indianhotelscompany/IHC
182,Indian Hume Pipe Company Ltd.,https://www.moneycontrol.com/india/stockpricequote/cementproductsbuildingmaterials/indianhumepipecompany/IHP
183,Indian Infotech and Software Ltd.,https://www.moneycontrol.com/india/stockpricequote/computerssoftwaremediumsmall/indianinfotechsoftware/IL02
184,Indian Link Chain Manufacturers Ltd.,https://www.moneycontrol.com/india/stockpricequote/chemicals/indianlinkchainmanufacturers/ILC
185,Indian Magnetics Ltd.,https://www.moneycontrol.com/india/stockpricequote/consumergoodselectronic/indianmagnetics/IML
186,Indian Maize and Chemicals Ltd.,https://www.moneycontrol.com/india/stockpricequote/pharmaceuticals/indianmaizechemicals/IMC01
187,Indian Marine Freight Container Manufacturing Ltd.,https://www.moneycontrol.com/india/stockpricequote/engineering/indianmarinefreightcontainermanufacturing/BLF01
188,Indian Metals & Ferro Alloys Ltd.,https://www.moneycontrol.com/india/stockpricequote/miningminerals/indianmetalsferroalloys/IMF01
189,Indian Polyfins Ltd.,https://www.moneycontrol.com/india/stockpricequote/textilesweaving/indianpolyfins/IPL
190,Indian Resort Hotels Ltd.,https://www.moneycontrol.com/india/stockpricequote/hotels/indianresorthotels/IRH
191,Indian Seamless Finance Ltd.,https://www.moneycontrol.com/india/stockpricequote/financeinvestments/indianseamlessfinance/ISF
192,Indian Seamless Metal Tubes Ltd.,https://www.moneycontrol.com/india/stockpricequote/steeltubespipes/indianseamlessmetaltubes/ISM
193,Indian Steel Rolling Mills Ltd.,https://www.moneycontrol.com/india/stockpricequote/steelmediumsmall/indiansteelrollingmills/ISR01
194,Indian Terrain Fashions Ltd.,https://www.moneycontrol.com/india/stockpricequote/textilesreadymadeapparels/indianterrainfashions/ITF
195,Indian Toners and Developers Ltd.,https://www.moneycontrol.com/india/stockpricequote/dyespigments/indiantonersdevelopers/ITD01
196,Indiana Diary Specialities Ltd.,https://www.moneycontrol.com/india/stockpricequote/foodprocessing/indianadiaryspecialities/IDS
197,IndiaNivesh Ltd.,https://www.moneycontrol.com/india/stockpricequote/financeinvestments/indianivesh/SML02
198,Indigo Paints Ltd.,https://www.moneycontrol.com/india/stockpricequote/paints/indigopaints/IP08
199,IndiGrid InvIT Fund Ltd.,https://www.moneycontrol.com/india/stockpricequote/powergenerationdistribution/indigridinvitfund/IIF01
200,INDINFR Ltd.,https://www.moneycontrol.com/india/stockpricequote/miscellaneous/indinfr/INDIN2892
201,Inditalia Refon Ltd.,https://www.moneycontrol.com/india/stockpricequote/packaging/inditaliarefon/IR02
202,Indo American Cement Corporation Ltd.,https://www.moneycontrol.com/india/stockpricequote/cementmini/indoamericancementcorporation/IAC01
203,Indo American Optics Ltd.,https://www.moneycontrol.com/india/stockpricequote/glassglassproducts/indoamericanoptics/IAO
204,Indo Amines Ltd.,https://www.moneycontrol.com/india/stockpricequote/chemicals/indoamines/IA
205,Indo Aquatics Ltd.,https://www.moneycontrol.com/india/stockpricequote/aquaculture/indoaquatics/IA01
206,Indo Asian Finance Ltd.,https://www.moneycontrol.com/india/stockpricequote/financeleasinghirepurchase/indoasianfinance/IAF01
207,Indo Biotech Foods Ltd.,https://www.moneycontrol.com/india/stockpricequote/foodprocessing/indobiotechfoods/IBF
208,Indo Bonito Multinational Ltd.,https://www.moneycontrol.com/india/stockpricequote/miscellaneous/indobonitomultinational/IBM01
209,Indo Borax and Chemicals Ltd.,https://www.moneycontrol.com/india/stockpricequote/chemicals/indoboraxchemicals/IBC
210,Indo Bosch Gems and Jewellery Ltd.,https://www.moneycontrol.com/india/stockpricequote/diamondcuttingjewellerypreciousmetals/indoboschgemsjewellery/IBG
211,Indo Britain Agro Farms Ltd.,https://www.moneycontrol.com/india/stockpricequote/miscellaneous/indobritainagrofarms/IBA
212,Indo Cotspin Ltd.,https://www.moneycontrol.com/india/stockpricequote/indocotspin/indocotspin/IC9
213,Indo Count Industries Ltd.,https://www.moneycontrol.com/india/stockpricequote/textilesspinningcottonblended/indocountindustries/ICI07
214,Indo Credit Capital Ltd.,https://www.moneycontrol.com/india/stockpricequote/financeleasinghirepurchase/indocreditcapital/ICC03
215,Indo Dutch Proteins Ltd.,https://www.moneycontrol.com/india/stockpricequote/foodprocessing/indodutchproteins/IDP
216,Indo Euro Indchem Ltd.,https://www.moneycontrol.com/india/stockpricequote/chemicals/indoeuroindchem/RP15
217,Indo Flogates Ltd.,https://www.moneycontrol.com/india/stockpricequote/constructioncontractingcivil/indoflogates/IF03
218,Indo French Biotech Enterprises Ltd.,https://www.moneycontrol.com/india/stockpricequote/miscellaneous/indofrenchbiotechenterprises/IFB05
219,Indo Germa Products Ltd.,https://www.moneycontrol.com/india/stockpricequote/trading/indogermaproducts/IGP01
220,Indo Gulf Fertilizers Ltd.,https://www.moneycontrol.com/india/stockpricequote/fertilisers/indogulffertilizers/IGF02
221,Indo Gulf Industries Ltd.,https://www.moneycontrol.com/india/stockpricequote/chemicals/indogulfindustries/IGI
222,Indo Japan Photo Film Company Ltd.,https://www.moneycontrol.com/india/stockpricequote/consumergoodselectronic/indojapanphotofilmcompany/IJP
223,Indo Korea Exports Ltd.,https://www.moneycontrol.com/india/stockpricequote/leatherproducts/indokoreaexports/IKE
224,Indo Pacific Projects Ltd.,https://www.moneycontrol.com/india/stockpricequote/computerssoftwaremediumsmall/indopacificprojects/IPS
225,Indo Power Cables Ltd.,https://www.moneycontrol.com/india/stockpricequote/cablespowerothers/indopowercables/IPC02
226,Indo Rama Synthetics (India) Ltd.,https://www.moneycontrol.com/india/stockpricequote/textilesspinningsyntheticblended/indoramasyntheticsindia/IRS
227,Indo Rama Textiles Ltd.,https://www.moneycontrol.com/india/stockpricequote/textilesspinningsyntheticblended/indoramatextiles/IRT
228,Indo Swiss Exports Ltd.,https://www.moneycontrol.com/india/stockpricequote/leatherproducts/indoswissexports/ISE
229,Indo Tech Transformers Ltd.,https://www.moneycontrol.com/india/stockpricequote/powertransmissionequipment/indotechtransformers/ITT02
230,Indo Thai Securities Ltd.,https://www.moneycontrol.com/india/stockpricequote/financegeneral/indothaisecurities/ITS
231,Indo US Bio-Tech Ltd.,https://www.moneycontrol.com/india/stockpricequote/miscellaneous/indousbiotech/IUB
232,Indo Vanillon Chemicals Ltd.,https://www.moneycontrol.com/india/stockpricequote/chemicals/indovanillonchemicals/IVC
233,Indo-Asian Projects Ltd.,https://www.moneycontrol.com/india/stockpricequote/constructioncontractinghousing/indoasianprojects/IAP01
234,Indo-Global Enterprises Ltd.,https://www.moneycontrol.com/india/stockpricequote/indoglobalent/indoglobalenterprises/IGE
235,Indo-Maxwell Ltd.,https://www.moneycontrol.com/india/stockpricequote/electricals/indomaxwell/IML01
236,Indo-National Ltd.,https://www.moneycontrol.com/india/stockpricequote/drycells/indonational/NBC
237,Indowind Energy RE Ltd.,https://www.moneycontrol.com/india/stockpricequote/powergenerationdistribution/indowindenergyre/IER02
238,Indoco Remedies Ltd.,https://www.moneycontrol.com/india/stockpricequote/pharmaceuticals/indocoremedies/IR05
239,Indokem Ltd.,https://www.moneycontrol.com/india/stockpricequote/dyespigments/indokem/I08
240,Indong Tea Company Ltd.,https://www.moneycontrol.com/india/stockpricequote/teacoffee/indongteacompany/ITC02
241,Indore Wire Company Ltd.,https://www.moneycontrol.com/india/stockpricequote/steelmediumsmall/indorewirecompany/IWC
242,Indosolar Ltd.,https://www.moneycontrol.com/india/stockpricequote/miscellaneous/indosolar/I03
243,Indostar Capital Finance  Ltd.,https://www.moneycontrol.com/india/stockpricequote/financegeneral/indostarcapitalfinance/ICF
244,Indra Industries Ltd.,https://www.moneycontrol.com/india/stockpricequote/miscellaneous/indraindustries/II18
245,Indraprastha Medical Corporation Ltd.,https://www.moneycontrol.com/india/stockpricequote/hospitalsmedicalservices/indraprasthamedicalcorporation/IMC03
246,Indrayani Biotech Ltd.,https://www.moneycontrol.com/india/stockpricequote/miscellaneous/indrayanibiotech/IB01
247,Indsil Hydro Power and Manganese Ltd.,https://www.moneycontrol.com/india/stockpricequote/miningminerals/indsilhydropowermanganese/IHP02
248,Indsoya Ltd.,https://www.moneycontrol.com/india/stockpricequote/financeinvestments/indsoya/I14
249,Inducon India Ltd.,https://www.moneycontrol.com/india/stockpricequote/miscellaneous/induconindia/II11
250,Inducto Steel Ltd.,https://www.moneycontrol.com/india/stockpricequote/steelmediumsmall/inductosteel/IS07
251,Indus Fila Ltd.,https://www.moneycontrol.com/india/stockpricequote/textilesprocessing/indusfila/IF08
252,Indus Finance Ltd.,https://www.moneycontrol.com/india/stockpricequote/financeleasinghirepurchase/indusfinance/SF21
253,Indus Foods Ltd.,https://www.moneycontrol.com/india/stockpricequote/aquaculture/indusfoods/IF04
254,Indus Networks Ltd.,https://www.moneycontrol.com/india/stockpricequote/computerssoftwaremediumsmall/indusnetworks/IN02
255,INDUS TOWERS Ltd.,https://www.moneycontrol.com/india/stockpricequote/telecommunicationsequipment/industowers/BI14
256,IndusInd Bank Ltd.,https://www.moneycontrol.com/india/stockpricequote/banksprivatesector/indusindbank/IIB
257,Indusmin Foods Ltd.,https://www.moneycontrol.com/india/stockpricequote/foodprocessing/indusminfoods/IF05
258,Industrial Cables (India) Ltd.,https://www.moneycontrol.com/india/stockpricequote/cablespowerothers/industrialcablesindia/ICI05
259,Industrial Investment Trust Ltd.,https://www.moneycontrol.com/india/stockpricequote/financeinvestments/industrialinvestmenttrust/IIT01
260,Industrial Oxygen Company Ltd.,https://www.moneycontrol.com/india/stockpricequote/chemicals/industrialoxygencompany/IOC01
261,Industrial Progressive (India) Ltd.,https://www.moneycontrol.com/india/stockpricequote/foodprocessing/industrialprogressiveindia/IPI01
262,Inertia Steel Ltd.,https://www.moneycontrol.com/india/stockpricequote/miscellaneous/inertiasteel/IS12
263,Infar (India)  Ltd.,https://www.moneycontrol.com/india/stockpricequote/miscellaneous/infarindia/II10
264,Infibeam Avenues Ltd.,https://www.moneycontrol.com/india/stockpricequote/infibeamavenue/infibeamavenues/IIL03
265,Infinite Computer Solutions India Ltd.,https://www.moneycontrol.com/india/stockpricequote/computerssoftware/infinitecomputersolutionsindia/ICS01
266,Infinium Pharmachem Ltd.,https://www.moneycontrol.com/india/stockpricequote/miscellaneous/infiniumpharmachem/IP12
267,Inflame Appliances Ltd.,https://www.moneycontrol.com/india/stockpricequote/consumergoodselectronic/inflameapplianceslimited/INFLA54108
268,Info Drive Software Ltd.,https://www.moneycontrol.com/india/stockpricequote/computerssoftwaremediumsmall/infodrivesoftware/IDS01
269,Info Edge India Ltd.,https://www.moneycontrol.com/india/stockpricequote/miscellaneous/infoedgeindia/IEI01
270,InfoBeans Technologies Ltd.,https://www.moneycontrol.com/india/stockpricequote/computerssoftwaremediumsmall/infobeanstechnologies/IT05
271,Infollion Research Services Ltd.,https://www.moneycontrol.com/india/stockpricequote/miscellaneous/infollionresearchservices/IRS02
272,Infomedia Press Ltd.,https://www.moneycontrol.com/india/stockpricequote/printingstationery/infomediapress/I13
273,Information Technology Ltd.,https://www.moneycontrol.com/india/stockpricequote/computerssoftwaremediumsmall/informationtechnology/IT01
274,Infosys Ltd.,https://www.moneycontrol.com/india/stockpricequote/computerssoftware/infosys/IT
275,Infra Industries Ltd.,https://www.moneycontrol.com/india/stockpricequote/plastics/infraindustries/II03
276,Nippon India ETF Nifty Infrastructure BeES,https://www.moneycontrol.com/india/stockpricequote/infrabees/nipponindiaetfniftyinfrastructurebees/IBE
277,Infronics Systems Ltd.,https://www.moneycontrol.com/india/stockpricequote/infronicssyst/infronicssystems/IS14
278,ING Vysya Bank Ltd.,https://www.moneycontrol.com/india/stockpricequote/banksprivatesector/ingvysyabank/ING
279,Ingersoll Rand (India) Ltd.,https://www.moneycontrol.com/india/stockpricequote/compressors/ingersollrandindia/IRI01
280,Inlac Granston Ltd.,https://www.moneycontrol.com/india/stockpricequote/ceramicsgranite/inlacgranston/IG02
281,Inland Printers Ltd.,https://www.moneycontrol.com/india/stockpricequote/printingstationery/inlandprinters/IP03
282,Innocorp Ltd.,https://www.moneycontrol.com/india/stockpricequote/innocorp/innocorp/I12
283,Innokaiz India Ltd.,https://www.moneycontrol.com/india/stockpricequote/miscellaneous/innokaizindia/II19
284,Innovana Thinklabs Ltd.,https://www.moneycontrol.com/india/stockpricequote/computerssoftware/innovanathinklabs/IT06
285,Innovassynth Investments Ltd.,https://www.moneycontrol.com/india/stockpricequote/financeinvestments/innovassynthinvestments/II17
286,Innovation Software Exports Ltd.,https://www.moneycontrol.com/india/stockpricequote/computerssoftwaremediumsmall/innovationsoftwareexports/ISE01
287,Innovative Foods Ltd.,https://www.moneycontrol.com/india/stockpricequote/aquaculture/innovativefoods/IM02
288,Innovative Ideals and Services India Ltd.,https://www.moneycontrol.com/india/stockpricequote/innovativeidea/innovativeidealsservicesindia/IIS
289,Innovative Print Forms Ltd.,https://www.moneycontrol.com/india/stockpricequote/printingstationery/innovativeprintforms/IPF
290,Innovative Tech Pack Ltd.,https://www.moneycontrol.com/india/stockpricequote/plastics/innovativetechpack/ITP
291,Innovative Tyres & Tubes Ltd.,https://www.moneycontrol.com/india/stockpricequote/miscellaneous/innovativetyrestubes/ITT01
292,Innovators Facade Systems Ltd.,https://www.moneycontrol.com/india/stockpricequote/constructioncontractingcivil/innovatorsfacadesystems/IFS02
293,Innoventive Industries Ltd.,https://www.moneycontrol.com/india/stockpricequote/steeltubespipes/innoventiveindustries/II02
294,Kayton Trade & Finance Ltd.,https://www.moneycontrol.com/india/stockpricequote/financeinvestments/kaytontradefinance/KTF
295,Innovision e.Commerce Ltd.,https://www.moneycontrol.com/india/stockpricequote/financeinvestments/innovisionecommerce/IC07
296,Inox Leasing and Finance Ltd.,https://www.moneycontrol.com/india/stockpricequote/financeleasinghirepurchase/inoxleasingfinance/ILF01
297,INOX Leisure Ltd.,https://www.moneycontrol.com/india/stockpricequote/mediaentertainment/inoxleisure/INO01
298,Inox Wind Ltd.,https://www.moneycontrol.com/india/stockpricequote/powergenerationdistribution/inoxwind/IW
299,Inox Wind Energy Ltd.,https://www.moneycontrol.com/india/stockpricequote/powergenerationdistribution/inoxwindenergy/IWE
300,Inox Green Energy Services Ltd.,https://www.moneycontrol.com/india/stockpricequote/miscellaneous/inoxgreenenergyservices/IGE01
301,Insecticides India Ltd.,https://www.moneycontrol.com/india/stockpricequote/pesticidesagrochemicals/insecticidesindia/II16
302,Insilco Ltd.,https://www.moneycontrol.com/india/stockpricequote/chemicals/insilco/I04
303,Insolation Energy Ltd.,https://www.moneycontrol.com/india/stockpricequote/miscellaneous/insolationenergy/IE09
304,Inspirisys Solutions Ltd.,https://www.moneycontrol.com/india/stockpricequote/computerssoftwaremediumsmall/inspirisyssolutions/AF29
305,Insta Finance Ltd.,https://www.moneycontrol.com/india/stockpricequote/financeinvestments/instafinance/SDF
306,International Constructions Ltd.,https://www.moneycontrol.com/india/stockpricequote/intconstructio/internationalconstructions/SUBCA9666
307,Intec Capital Ltd.,https://www.moneycontrol.com/india/stockpricequote/financeleasinghirepurchase/inteccapital/IS05
308,Intech International Ltd.,https://www.moneycontrol.com/india/stockpricequote/electricals/intechinternational/II05
309,Intecon (India) Ltd.,https://www.moneycontrol.com/india/stockpricequote/computershardware/inteconindia/IIL01
310,Integrated Finance Company Ltd.,https://www.moneycontrol.com/india/stockpricequote/financeleasinghirepurchase/integratedfinancecompany/IFC01
311,Integrated Financial Services Ltd.,https://www.moneycontrol.com/india/stockpricequote/financegeneral/integratedfinancialservices/IFS
312,Integrated Proteins Ltd.,https://www.moneycontrol.com/india/stockpricequote/integproteins/integratedproteins/IP04
313,Integrated Rubian Exports Ltd.,https://www.moneycontrol.com/india/stockpricequote/aquaculture/integratedrubianexports/IRE
314,Integrated Hitech Ltd.,https://www.moneycontrol.com/india/stockpricequote/computerssoftwaremediumsmall/integratedhitech/IH01
315,Integra Capital Management Ltd.,https://www.moneycontrol.com/india/stockpricequote/financeleasinghirepurchase/integracapitalmanagement/ICM
316,Integra Engineering India Ltd.,https://www.moneycontrol.com/india/stockpricequote/textilesmachinery/integraengineeringindia/SE06
317,Integra Essentia Ltd.,https://www.moneycontrol.com/india/stockpricequote/integraessenti/integraessentia/IGT
318,Integra India Group Company Ltd.,https://www.moneycontrol.com/india/stockpricequote/electricequipment/integraindiagroupcompany/IHC01
319,Integra Switchgear Ltd.,https://www.moneycontrol.com/india/stockpricequote/electricequipment/integraswitchgear/ISL01
320,Integra Telecommunication & Software Ltd.,https://www.moneycontrol.com/india/stockpricequote/computerssoftwaremediumsmall/integratelecommunicationsoftware/ITS01
321,Integral Knit Co Ltd.,https://www.moneycontrol.com/india/stockpricequote/textilesprocessing/integralknitco/IKC
322,Integrated Capital Services Ltd.,https://www.moneycontrol.com/india/stockpricequote/financeinvestments/integratedcapitalservices/ICS02
323,Integrated Digital Info Services Ltd.,https://www.moneycontrol.com/india/stockpricequote/computerssoftwaremediumsmall/integrateddigitalinfoservices/IDI03
324,Integrated Enterprises Ltd.,https://www.moneycontrol.com/india/stockpricequote/financeinvestments/integratedenterprises/IE04
325,Integrated Personnel Services Ltd.,https://www.moneycontrol.com/india/stockpricequote/miscellaneous/integratedpersonnelservices/IPS03
326,Integrated Technologies Ltd.,https://www.moneycontrol.com/india/stockpricequote/integratedtech/integratedtechnologies/IT02
327,Integrated Thermoplastics Ltd.,https://www.moneycontrol.com/india/stockpricequote/plastics/integratedthermoplastics/IT03
328,Intellect Design Arena Ltd.,https://www.moneycontrol.com/india/stockpricequote/computerssoftware/intellectdesignarena/IDA
329,Intellivate Capital Ventures Ltd.,https://www.moneycontrol.com/india/stockpricequote/plastics/intellivatecapitalventures/ICV
330,Intellvisions Software Ltd.,https://www.moneycontrol.com/india/stockpricequote/computerssoftwaremediumsmall/intellvisionssoftware/IS11
331,Intense Technologies Ltd.,https://www.moneycontrol.com/india/stockpricequote/computerssoftwaremediumsmall/intensetechnologies/FI17
332,Inter Globe Finance Ltd.,https://www.moneycontrol.com/india/stockpricequote/financeinvestments/interglobefinance/IGF01
333,Inter State Oil Carrier Ltd.,https://www.moneycontrol.com/india/stockpricequote/transportlogistics/interstateoilcarrier/ISO
334,Interactive Financial Services Ltd.,https://www.moneycontrol.com/india/stockpricequote/financeinvestments/interactivefinancialserviceslimited/IFS06
335,Interads Export Ltd.,https://www.moneycontrol.com/india/stockpricequote/trading/interadsexport/IEL01
336,Intercorp Industries Ltd.,https://www.moneycontrol.com/india/stockpricequote/trading/intercorpindustries/II09
337,Intercraft Ltd.,https://www.moneycontrol.com/india/stockpricequote/textilesreadymadeapparels/intercraft/I05
338,Interface Financial Services Ltd.,https://www.moneycontrol.com/india/stockpricequote/financegeneral/interfacefinancialservices/IFS01
339,Interglobe Aviation Ltd.,https://www.moneycontrol.com/india/stockpricequote/transportlogistics/interglobeaviation/IA04
340,Interlink Exports Ltd.,https://www.moneycontrol.com/india/stockpricequote/breweriesdistilleries/interlinkexports/IEL
341,Interlink Petroleum Ltd.,https://www.moneycontrol.com/india/stockpricequote/oildrillingandexploration/interlinkpetroleum/IP05
342,Interworld Digital Ltd.,https://www.moneycontrol.com/india/stockpricequote/computerssoftwaremediumsmall/interworlddigital/ID
343,International Bestfoods Ltd.,https://www.moneycontrol.com/india/stockpricequote/edibleoilssolventextraction/internationalbestfoods/IB02
344,International Catalysts Ltd.,https://www.moneycontrol.com/india/stockpricequote/miningminerals/internationalcatalysts/IC04
345,International Ceramics Ltd.,https://www.moneycontrol.com/india/stockpricequote/ceramicsgranite/internationalceramics/ICL
346,International Combustion (India) Ltd.,https://www.moneycontrol.com/india/stockpricequote/engineeringheavy/internationalcombustionindia/ICI06
347,International Conveyors Ltd.,https://www.moneycontrol.com/india/stockpricequote/miscellaneous/internationalconveyors/IC05
348,International Data Management Ltd.,https://www.moneycontrol.com/india/stockpricequote/computershardware/internationaldatamanagement/IDM
349,International Diamond Services Ltd.,https://www.moneycontrol.com/india/stockpricequote/diamondcuttingjewellerypreciousmetals/internationaldiamondservices/IDS02
350,International Hometex Ltd.,https://www.moneycontrol.com/india/stockpricequote/textilesgeneral/internationalhometex/IH02
351,International Housing Finance Ltd.,https://www.moneycontrol.com/india/stockpricequote/financehousing/internationalhousingfinance/IHF
352,International Securities Ltd.,https://www.moneycontrol.com/india/stockpricequote/financeinvestments/internationalsecurities/ISL02
353,International Travel House Ltd.,https://www.moneycontrol.com/india/stockpricequote/miscellaneous/internationaltravelhouse/ITH
354,Intrasoft Technologies Ltd.,https://www.moneycontrol.com/india/stockpricequote/retail/intrasofttechnologies/IT04
355,Intron Ltd.,https://www.moneycontrol.com/india/stockpricequote/consumergoodswhitegoods/intron/I06
356,Inventure Growth and Securities Ltd.,https://www.moneycontrol.com/india/stockpricequote/financeinvestments/inventuregrowthsecurities/IGS
357,Invesco India Gold Exchange Traded Fund Ltd.,https://www.moneycontrol.com/india/stockpricequote/invescogetf/invescoindiagoldexchangetradedfund/RGE
358,Invesco India Nifty Exchange Traded Fund Ltd.,https://www.moneycontrol.com/india/stockpricequote/invescoindian/invescoindianiftyexchangetradedfund/IIN
359,Investment and Precision Castings Ltd.,https://www.moneycontrol.com/india/stockpricequote/castingsforgings/investmentprecisioncastings/IPC01
360,Indian Overseas Bank,https://www.moneycontrol.com/india/stockpricequote/bankspublicsector/indianoverseasbank/IOB
361,Indian Oil Corporation Ltd.,https://www.moneycontrol.com/india/stockpricequote/refineries/indianoilcorporation/IOC
362,ICL Organic Dairy Products Lim Ltd.,https://www.moneycontrol.com/india/stockpricequote/iodpl/iclorganicdairyproductslim/ICLOR54293
363,IOL Chemicals and Pharmaceuticals Ltd.,https://www.moneycontrol.com/india/stockpricequote/pharmaceuticals/iolchemicalspharmaceuticals/IOL01
364,IOL Netcom Ltd.,https://www.moneycontrol.com/india/stockpricequote/computerssoftwaremediumsmall/iolnetcom/IOL02
365,Ion Exchange (India) Ltd.,https://www.moneycontrol.com/india/stockpricequote/engineering/ionexchangeindia/IEI
366,Iota Chemiculture Ltd.,https://www.moneycontrol.com/india/stockpricequote/chemicals/iotachemiculture/IC06
367,IP Rings Ltd.,https://www.moneycontrol.com/india/stockpricequote/autoancillaries/iprings/IPR
368,Ipca Laboratories Ltd.,https://www.moneycontrol.com/india/stockpricequote/pharmaceuticals/ipcalaboratories/IL
369,Indian Petrochemicals Corporation Ltd.,https://www.moneycontrol.com/india/stockpricequote/petrochemicals/indianpetrochemicalscorporation/IPC
370,ICICI Prudential S&P BSE 500 ETF,https://www.moneycontrol.com/india/stockpricequote/iprubse500etf/iciciprudentialspbse500etf/ICICI3001
371,ICICI Prudential Gold ETF,https://www.moneycontrol.com/india/stockpricequote/iprugoldetf/iciciprudentialgoldetf/ICI10
372,ICICI Prudential Nifty 100 ETF,https://www.moneycontrol.com/india/stockpricequote/iprunf100etf/iciciprudentialnifty100etf/ICI12
373,ICICI Prudential Nifty Next 50 ETF,https://www.moneycontrol.com/india/stockpricequote/iprunxt50etf/iciciprudentialniftynext50etf/ICICI4529
374,IQ Infotech Ltd.,https://www.moneycontrol.com/india/stockpricequote/computerssoftwaremediumsmall/iqinfotech/IQI
375,IRB Infrastructure Developers Ltd.,https://www.moneycontrol.com/india/stockpricequote/infrastructuregeneral/irbinfrastructuredevelopers/IID01
376,IRB InvIT Ltd.,https://www.moneycontrol.com/india/stockpricequote/constructioncontractingcivil/irbinvit/II04
377,IRBIT Ltd.,https://www.moneycontrol.com/india/stockpricequote/miscellaneous/irbit/IRBIT14806
378,Ircon International  Ltd.,https://www.moneycontrol.com/india/stockpricequote/engineeringheavy/irconinternational/II07
379,Indian Railway Catering & Tourism Corporation Ltd.,https://www.moneycontrol.com/india/stockpricequote/miscellaneous/irctcindianrailwaycateringtourismcorp/IRC
380,Indian Railway Finance Corporation Ltd.,https://www.moneycontrol.com/india/stockpricequote/financenbfc/indianrailwayfinancecorporation/IRF
381,IRIS Business Services Ltd.,https://www.moneycontrol.com/india/stockpricequote/irisbusinesss/irisbusinessservices/IBS01
382,Iris Clothings  Ltd.,https://www.moneycontrol.com/india/stockpricequote/irisclothings/irisclothings/IC01
383,Irmac Services India Ltd.,https://www.moneycontrol.com/india/stockpricequote/computerssoftwaremediumsmall/irmacservicesindia/ISI
384,Ironwood Education Ltd.,https://www.moneycontrol.com/india/stockpricequote/computerssoftwaretraining/ironwoodeducation/MJP01
385,ISF Ltd.,https://www.moneycontrol.com/india/stockpricequote/financeleasinghirepurchase/isf/ISF01
386,Ishaan Infrastructures And Shelters  Ltd.,https://www.moneycontrol.com/india/stockpricequote/ishaaninfrastr/ishaaninfrastructuresandshelters/IIA
387,Ishan Dyes and Chemicals Ltd.,https://www.moneycontrol.com/india/stockpricequote/chemicals/ishandyeschemicals/IDC
388,Ishan International Ltd.,https://www.moneycontrol.com/india/stockpricequote/engineeringindustrialequipments/ishaninternational/II14
389,Ishita Drugs and Industries Ltd.,https://www.moneycontrol.com/india/stockpricequote/pharmaceuticals/ishitadrugsindustries/IDI02
390,Ishwar Medical Services Ltd.,https://www.moneycontrol.com/india/stockpricequote/hospitalsmedicalservices/ishwarmedicalservices/IMS
391,IIFL Securities Ltd.,https://www.moneycontrol.com/india/stockpricequote/isl/iiflsecuritieslimited/IIFLS54277
392,ISL Consulting Ltd.,https://www.moneycontrol.com/india/stockpricequote/financeinvestments/islconsulting/ISL03
393,ISMT Ltd.,https://www.moneycontrol.com/india/stockpricequote/steelrolling/ismt/ISM01
394,Ispat Profiles (India) Ltd.,https://www.moneycontrol.com/india/stockpricequote/steelrolling/ispatprofilesindia/IPI02
395,ISPL Industries Ltd.,https://www.moneycontrol.com/india/stockpricequote/fasteners/isplindustries/ISP01
396,IST Ltd.,https://www.moneycontrol.com/india/stockpricequote/autoancillaries/ist/IST
397,iStreet Network Ltd.,https://www.moneycontrol.com/india/stockpricequote/miscellaneous/istreetnetwork/PP22
398,Iswarshakti Holdings and Traders Ltd.,https://www.moneycontrol.com/india/stockpricequote/financeinvestments/iswarshaktiholdingstraders/IHT
399,Italian Jewellery Manufacturing Company Ltd.,https://www.moneycontrol.com/india/stockpricequote/diamondcuttingjewellerypreciousmetals/italianjewellerymanufacturingcompany/IJM
400,NIPPON INDIA ETF NIFTY IT,https://www.moneycontrol.com/india/stockpricequote/itbees/nipponindiaetfniftyit/NIE01
401,ITC Ltd.,https://www.moneycontrol.com/india/stockpricequote/itc/itc/ITC
402,ITC Bhadrachalam Ltd.,https://www.moneycontrol.com/india/stockpricequote/paper/itcbhadrachalam/ITC04
403,ITC Classic Finance Ltd.,https://www.moneycontrol.com/india/stockpricequote/financeinvestments/itcclassicfinance/ITC03
404,ITC Hotels Ltd.,https://www.moneycontrol.com/india/stockpricequote/hotels/itchotels/ITC01
405,ITCONS E Solutions Ltd.,https://www.moneycontrol.com/india/stockpricequote/miscellaneous/itconsesolutions/IS04
406,ITD Cementation India Ltd.,https://www.moneycontrol.com/india/stockpricequote/constructioncontractingcivil/itdcementationindia/ITD03
407,ITI Ltd.,https://www.moneycontrol.com/india/stockpricequote/telecommunicationsequipment/iti/ITI
408,ITL Finlease And Securities Ltd.,https://www.moneycontrol.com/india/stockpricequote/financeleasinghirepurchase/itlfinleaseandsecurities/ITL01
409,ITL Industries Ltd.,https://www.moneycontrol.com/india/stockpricequote/machinetools/itlindustries/ITL
410,ITT Ltd.,https://www.moneycontrol.com/india/stockpricequote/computerssoftwaremediumsmall/itt/ITT
411,ITW Signode Ltd.,https://www.moneycontrol.com/india/stockpricequote/packaging/itwsignode/ITW
412,IVP Ltd.,https://www.moneycontrol.com/india/stockpricequote/vanaspatioils/ivp/IVP
413,IVRCL Assets and Holdings Ltd.,https://www.moneycontrol.com/india/stockpricequote/constructioncontractingcivil/ivrclassetsholdings/IP07
414,Iykot Hitech Toolroom Ltd.,https://www.moneycontrol.com/india/stockpricequote/engineering/iykothitechtoolroom/IHT01
415,IZMO Ltd.,https://www.moneycontrol.com/india/stockpricequote/computerssoftwaremediumsmall/izmo/LM02
