,company,url
0,K C C Software Ltd.,https://www.moneycontrol.com/india/stockpricequote/computerssoftwaremediumsmall/kccsoftware/KCC02
1,K Dhandapani and Company Ltd.,https://www.moneycontrol.com/india/stockpricequote/trading/kdhandapanicompany/KDC
2,K K Fincorp Ltd.,https://www.moneycontrol.com/india/stockpricequote/kkfincorp/kkfincorp/KII01
3,K&R Rail Enginerring Ltd.,https://www.moneycontrol.com/india/stockpricequote/krrailengine/krrailenginerring/GCI02
4,K.P. Energy  Ltd.,https://www.moneycontrol.com/india/stockpricequote/miscellaneous/kpenergy/KEL04
5,K.R.Foods Ltd.,https://www.moneycontrol.com/india/stockpricequote/miscellaneous/krfoods/KRF
6,Kaarya Facilities & Services Ltd.,https://www.moneycontrol.com/india/stockpricequote/miscellaneous/kaaryafacilitiesservices/KFS05
7,Kaashyap Technologies Ltd.,https://www.moneycontrol.com/india/stockpricequote/computerssoftwaremediumsmall/kaashyaptechnologies/KT05
8,Kabra Agro Industries Ltd.,https://www.moneycontrol.com/india/stockpricequote/vanaspatioils/kabraagroindustries/KAI
9,Kabra Commercial Ltd.,https://www.moneycontrol.com/india/stockpricequote/trading/kabracommercial/KC16
10,Kabra Drugs Ltd.,https://www.moneycontrol.com/india/stockpricequote/pharmaceuticals/kabradrugs/KD
11,Kabra Extrusion Technik Ltd.,https://www.moneycontrol.com/india/stockpricequote/engineeringheavy/kabraextrusiontechnik/KET
12,Kabsons Industries Ltd.,https://www.moneycontrol.com/india/stockpricequote/miscellaneous/kabsonsindustries/KI12
13,Kailash Auto Finance Ltd.,https://www.moneycontrol.com/india/stockpricequote/financeleasinghirepurchase/kailashautofinance/KAF
14,Kaira Can Company Ltd.,https://www.moneycontrol.com/india/stockpricequote/packaging/kairacancompany/KCC01
15,,
16,Kajal Synthetics & Silk Mills Ltd.,https://www.moneycontrol.com/india/stockpricequote/financegeneral/kajalsyntheticssilkmills/KSS01
17,Kajaria Ceramics Ltd.,https://www.moneycontrol.com/india/stockpricequote/ceramicsgranite/kajariaceramics/KC06
18,Kakatiya Cements Ltd.,https://www.moneycontrol.com/india/stockpricequote/cementmini/kakatiyacements/KC01
19,Kakatiya Textiles Ltd.,https://www.moneycontrol.com/india/stockpricequote/textilesspinningcottonblended/kakatiyatextiles/KT
20,Kalindee Rail Nirman (Engineers) Ltd.,https://www.moneycontrol.com/india/stockpricequote/engineering/kalindeerailnirmanengineers/KRN
21,Kalinga Cement Ltd.,https://www.moneycontrol.com/india/stockpricequote/cementmini/kalingacement/KC02
22,Kallam Textiles Ltd.,https://www.moneycontrol.com/india/stockpricequote/textilesspinningcottonblended/kallamtextiles/KSM
23,Kallam Textiles RE Ltd.,https://www.moneycontrol.com/india/stockpricequote/textilespinning/kallamtextilesre/KTR
24,Kalpa Commercial Ltd.,https://www.moneycontrol.com/india/stockpricequote/trading/kalpacommercial/KC15
25,Kalpavriksha Industries Ltd.,https://www.moneycontrol.com/india/stockpricequote/miscellaneous/kalpavrikshaindustries/KI22
26,Kalptaru Papers Ltd.,https://www.moneycontrol.com/india/stockpricequote/paper/kalptarupapers/KP13
27,Kals Information Systems Ltd.,https://www.moneycontrol.com/india/stockpricequote/computerssoftwaremediumsmall/kalsinformationsystems/KIS
28,Kalyan Capitals Ltd.,https://www.moneycontrol.com/india/stockpricequote/kalyancapitals/kalyancapitals/AMI
29,Kalyan Jewellers India Ltd.,https://www.moneycontrol.com/india/stockpricequote/diamondjewellery/kalyanjewellersindia/KJI01
30,Kalyan Marine & Agro Products Ltd.,https://www.moneycontrol.com/india/stockpricequote/aquaculture/kalyanmarineagroproducts/KMA
31,Kalyani Commercials Ltd.,https://www.moneycontrol.com/india/stockpricequote/autoancillaries/kalyanicommercials/KC18
32,Kalyani Forge Ltd.,https://www.moneycontrol.com/india/stockpricequote/castingsforgings/kalyaniforge/KF02
33,Kalyani Investment Company Ltd.,https://www.moneycontrol.com/india/stockpricequote/financeinvestments/kalyaniinvestmentcompany/KIC04
34,Kalyani Refineries Ltd.,https://www.moneycontrol.com/india/stockpricequote/miscellaneous/kalyanirefineries/KR
35,Kalyani Seamless Tubes Ltd.,https://www.moneycontrol.com/india/stockpricequote/steelmediumsmall/kalyaniseamlesstubes/KST
36,Kalyani Steels Ltd.,https://www.moneycontrol.com/india/stockpricequote/steelrolling/kalyanisteels/KS01
37,Kalyanpur Cements Ltd.,https://www.moneycontrol.com/india/stockpricequote/cementmajor/kalyanpurcements/KCL01
38,Kamadgiri Fashion Ltd.,https://www.moneycontrol.com/india/stockpricequote/textilesweaving/kamadgirifashion/KS02
39,Kamakshi Housing Finance Ltd.,https://www.moneycontrol.com/india/stockpricequote/financehousing/kamakshihousingfinance/KHF
40,Kamal Overseas Ltd.,https://www.moneycontrol.com/india/stockpricequote/miscellaneous/kamaloverseas/KO03
41,Kamala Tea Company Ltd.,https://www.moneycontrol.com/india/stockpricequote/plantationsteacoffee/kamalateacompany/KTC01
42,Kamaldeep Synthetic Ltd.,https://www.moneycontrol.com/india/stockpricequote/textilesprocessing/kamaldeepsynthetic/KSL03
43,Kamanwala Housing Construction Ltd.,https://www.moneycontrol.com/india/stockpricequote/constructioncontractinghousing/kamanwalahousingconstruction/KHC01
44,Kamar Chemicals and Industries Ltd.,https://www.moneycontrol.com/india/stockpricequote/chemicals/kamarchemicalsindustries/KCI03
45,Kamat Hotels (India) Ltd.,https://www.moneycontrol.com/india/stockpricequote/hotels/kamathotelsindia/KHI
46,Kamdhenu Ltd.,https://www.moneycontrol.com/india/stockpricequote/steelmediumsmall/kamdhenu/KI24
47,Kameshwari Industries Ltd.,https://www.moneycontrol.com/india/stockpricequote/cementmini/kameshwariindustries/KIL03
48,Kamini Ispat Ltd.,https://www.moneycontrol.com/india/stockpricequote/steelmediumsmall/kaminiispat/KIL04
49,Kamdhenu Ventures Ltd.,https://www.moneycontrol.com/india/stockpricequote/miscellaneous/kamdhenuventures/KV04
50,Kampani Consultants Limitd Ltd.,https://www.moneycontrol.com/india/stockpricequote/financeinvestments/kampaniconsultantslimitd/KCL
51,Kamper Concast Ltd.,https://www.moneycontrol.com/india/stockpricequote/steelmediumsmall/kamperconcast/KC10
52,Kanaiya Foods(I) Ltd.,https://www.moneycontrol.com/india/stockpricequote/foodprocessing/kanaiyafoodsi/KFI02
53,Kanakdhara Steel Ltd.,https://www.moneycontrol.com/india/stockpricequote/steelmediumsmall/kanakdharasteel/KSL01
54,Kanan Steels Ltd.,https://www.moneycontrol.com/india/stockpricequote/steelmediumsmall/kanansteels/KSL02
55,Kanani Industries Ltd.,https://www.moneycontrol.com/india/stockpricequote/diamondcuttingjewellerypreciousmetals/kananiindustries/KI26
56,Kanchan International Ltd.,https://www.moneycontrol.com/india/stockpricequote/domesticappliances/kanchaninternational/KI03
57,Kanchi Karpooram Ltd.,https://www.moneycontrol.com/india/stockpricequote/chemicals/kanchikarpooram/KK01
58,Kanco Enterprises Ltd.,https://www.moneycontrol.com/india/stockpricequote/textilescottonblended/kancoenterprises/KE08
59,Kanco Tea and Industries Ltd.,https://www.moneycontrol.com/india/stockpricequote/plantationsteacoffee/kancoteaindustries/KTI05
60,Kandagiri Spinning Mills Ltd.,https://www.moneycontrol.com/india/stockpricequote/textilesspinningcottonblended/kandagirispinningmills/KSM01
61,Kandarp Digi Smart BPO Ltd.,https://www.moneycontrol.com/india/stockpricequote/miscellaneous/kandarpdigismartbpo/KDS
62,Kandhari Rubbers Ltd.,https://www.moneycontrol.com/india/stockpricequote/miscellaneous/kandharirubbers/KR01
63,Kanel Industries Ltd.,https://www.moneycontrol.com/india/stockpricequote/edibleoilssolventextraction/kanelindustries/KOE02
64,Kanha Vanaspati Ltd.,https://www.moneycontrol.com/india/stockpricequote/vanaspatioils/kanhavanaspati/KV
65,Kanika Infocom Global Ltd.,https://www.moneycontrol.com/india/stockpricequote/computerssoftwaremediumsmall/kanikainfocomglobal/KIG
66,Kanishk Steel Industries Ltd.,https://www.moneycontrol.com/india/stockpricequote/steelrolling/kanishksteelindustries/KSI01
67,Kankariya Chemical Industries Ltd.,https://www.moneycontrol.com/india/stockpricequote/paper/kankariyachemicalindustries/KCI05
68,Kanohar Electricals Ltd.,https://www.moneycontrol.com/india/stockpricequote/electricequipment/kanoharelectricals/KEL
69,Kanoria Chemicals and Industries Ltd.,https://www.moneycontrol.com/india/stockpricequote/chemicals/kanoriachemicalsindustries/KCI01
70,Kanoria Dyechem Ltd.,https://www.moneycontrol.com/india/stockpricequote/dyespigments/kanoriadyechem/KD01
71,Kanoria Industries Ltd.,https://www.moneycontrol.com/india/stockpricequote/cementmini/kanoriaindustries/KI04
72,Kanoria Petroproducts Ltd.,https://www.moneycontrol.com/india/stockpricequote/trading/kanoriapetroproducts/KP05
73,Kanoria Plastchem Ltd.,https://www.moneycontrol.com/india/stockpricequote/plastics/kanoriaplastchem/KP01
74,Kanpur Plastipacks Ltd.,https://www.moneycontrol.com/india/stockpricequote/packaging/kanpurplastipacks/KP02
75,Kanpur Plastipack Limited,https://www.moneycontrol.com/india/stockpricequote/kanpurplastipa/kanpurplastipacklimited/KANPR89014
76,Kansai Nerolac Paints Ltd.,https://www.moneycontrol.com/india/stockpricequote/paintsvarnishes/kansainerolacpaints/KNP
77,Kanthal Bimetals Ltd.,https://www.moneycontrol.com/india/stockpricequote/steelmediumsmall/kanthalbimetals/KB01
78,Kanumanek Trading Company Ltd.,https://www.moneycontrol.com/india/stockpricequote/financeinvestments/kanumanektradingcompany/KTC02
79,Kanungo Financiers Ltd.,https://www.moneycontrol.com/india/stockpricequote/kanungofinanci/kanungofinanciers/KF18
80,Kanva Finance Ltd.,https://www.moneycontrol.com/india/stockpricequote/financeinvestments/kanvafinance/KF04
81,Kanva Hydro Chem Ltd.,https://www.moneycontrol.com/india/stockpricequote/chemicals/kanvahydrochem/KHC
82,Kapil Cotex Ltd.,https://www.moneycontrol.com/india/stockpricequote/kapilcotexltd/kapilcotex/KCL02
83,Kapil Raj Finance Ltd.,https://www.moneycontrol.com/india/stockpricequote/financegeneral/kapilrajfinancelimited/KRF01
84,Kappac Pharma Ltd.,https://www.moneycontrol.com/india/stockpricequote/pharmaceuticals/kappacpharma/KP03
85,Kaprinas Pharmaceuticals and Chemicals Ltd.,https://www.moneycontrol.com/india/stockpricequote/pharmaceuticals/kaprinaspharmaceuticalschemicals/KPC
86,Kapston Services Ltd.,https://www.moneycontrol.com/india/stockpricequote/kapstonservice/kapstonservices/KFM
87,Kar Mobiles Ltd.,https://www.moneycontrol.com/india/stockpricequote/autoancillaries/karmobiles/KM06
88,Karamchand Harichand Steels Ltd.,https://www.moneycontrol.com/india/stockpricequote/steelmediumsmall/karamchandharichandsteels/KHS01
89,Karan Fibres and Fabrics Ltd.,https://www.moneycontrol.com/india/stockpricequote/textilesprocessing/karanfibresfabrics/KFF
90,Karan Finance Ltd.,https://www.moneycontrol.com/india/stockpricequote/financeinvestments/karanfinance/KFL
91,Karan Industries Ltd.,https://www.moneycontrol.com/india/stockpricequote/packaging/karanindustries/KI05
92,Karan Woo-Sin Ltd.,https://www.moneycontrol.com/india/stockpricequote/textilessyntheticsilk/karanwoosin/KWS
93,Kareems Silk International Ltd.,https://www.moneycontrol.com/india/stockpricequote/textilessyntheticsilk/kareemssilkinternational/KSI04
94,Kareems Spun Silk Ltd.,https://www.moneycontrol.com/india/stockpricequote/textilessyntheticsilk/kareemsspunsilk/KSS
95,Karishma Floriculture Ltd.,https://www.moneycontrol.com/india/stockpricequote/miscellaneous/karishmafloriculture/KF05
96,Karma Energy Ltd.,https://www.moneycontrol.com/india/stockpricequote/powergenerationdistribution/karmaenergy/KE9
97,Karma Industries Ltd.,https://www.moneycontrol.com/india/stockpricequote/printingstationery/karmaindustries/KI29
98,Karnataka Bank Ltd.,https://www.moneycontrol.com/india/stockpricequote/banksprivatesector/karnatakabank/KB04
99,Karnataka Financial Services Ltd.,https://www.moneycontrol.com/india/stockpricequote/financeleasinghirepurchase/karnatakafinancialservices/KFS
100,Karnataka Welding Products Ltd.,https://www.moneycontrol.com/india/stockpricequote/electrodesgraphite/karnatakaweldingproducts/KWP
101,Karnavati Alfa International Ltd.,https://www.moneycontrol.com/india/stockpricequote/packaging/karnavatialfainternational/KAI01
102,Karnavati Finance Ltd.,https://www.moneycontrol.com/india/stockpricequote/financeinvestments/karnavatifinance/KF09
103,Karnavati Spinners Ltd.,https://www.moneycontrol.com/india/stockpricequote/textilesspinningcottonblended/karnavatispinners/KS03
104,Karnimata Cold Storage Ltd.,https://www.moneycontrol.com/india/stockpricequote/miscellaneous/karnimatacoldstorage/KCS01
105,Kartik Investments Trust Ltd.,https://www.moneycontrol.com/india/stockpricequote/financeinvestments/kartikinvestmentstrust/KIT
106,Karur KCP Packagings Ltd.,https://www.moneycontrol.com/india/stockpricequote/packaging/karurkcppackagings/KKC
107,Karur Vysya Bank Ltd.,https://www.moneycontrol.com/india/stockpricequote/banksprivatesector/karurvysyabank/KVB
108,Karuturi Global Ltd.,https://www.moneycontrol.com/india/stockpricequote/miscellaneous/karuturiglobal/KG03
109,Kashiram Pannalal Industries Ltd.,https://www.moneycontrol.com/india/stockpricequote/textilesprocessing/kashirampannalalindustries/KPI03
110,Kashyap Fiscal Services Ltd.,https://www.moneycontrol.com/india/stockpricequote/financeinvestments/kashyapfiscalservices/KFS01
111,Kashyap Tele-Medicines Ltd.,https://www.moneycontrol.com/india/stockpricequote/kashyaptele/kashyaptelemedicines/JO02
112,Kasi Housing and Development Ltd.,https://www.moneycontrol.com/india/stockpricequote/constructioncontractingcivil/kasihousingdevelopment/KHD
113,Kaslow Traders Ltd.,https://www.moneycontrol.com/india/stockpricequote/miscellaneous/kaslowtraders/KT04
114,Kasturi Finance and Investments Ltd.,https://www.moneycontrol.com/india/stockpricequote/financeleasinghirepurchase/kasturifinanceinvestments/KFI
115,Katare Spinning Mills Ltd.,https://www.moneycontrol.com/india/stockpricequote/textilesspinningcottonblended/katarespinningmills/KSM02
116,Kausambi Vanijya Ltd.,https://www.moneycontrol.com/india/stockpricequote/miscellaneous/kausambivanijya/KV03
117,Kaushalya Infrastructure Development Corporation Ltd.,https://www.moneycontrol.com/india/stockpricequote/constructioncontractingcivil/kaushalyainfrastructuredevelopmentcorporation/KID
118,Kaveri Engineering Industries Ltd.,https://www.moneycontrol.com/india/stockpricequote/engineering/kaveriengineeringindustries/KEI01
119,Kaveri Seed Company Ltd.,https://www.moneycontrol.com/india/stockpricequote/miscellaneous/kaveriseedcompany/KSC01
120,Kavini Ispat Ltd.,https://www.moneycontrol.com/india/stockpricequote/castingsforgings/kaviniispat/KIL01
121,Kavveri Telecom Products Ltd.,https://www.moneycontrol.com/india/stockpricequote/telecommunicationsequipment/kavveritelecomproducts/KTP
122,Kay Power and Paper Ltd.,https://www.moneycontrol.com/india/stockpricequote/paper/kaypowerpaper/KPP02
123,Kaya Ltd.,https://www.moneycontrol.com/india/stockpricequote/miscellaneous/kaya/K03
124,Kaycee Industries Ltd.,https://www.moneycontrol.com/india/stockpricequote/electricequipment/kayceeindustries/KI16
125,Kayel Syntex Ltd.,https://www.moneycontrol.com/india/stockpricequote/textilesprocessing/kayelsyntex/KS04
126,Kaynes Technology India Ltd.,https://www.moneycontrol.com/india/stockpricequote/miscellaneous/kaynestechnologyindia/KTI
127,Kaytee Cotsynth Industries Ltd.,https://www.moneycontrol.com/india/stockpricequote/textilesspinningcottonblended/kayteecotsynthindustries/KCI04
128,KBC Global Ltd.,https://www.moneycontrol.com/india/stockpricequote/kbcglobal/kbcglobal/KC19
129,KBS India Ltd.,https://www.moneycontrol.com/india/stockpricequote/financeinvestments/kbsindia/KBS
130,KC Textiles Ltd.,https://www.moneycontrol.com/india/stockpricequote/textilesspinningcottonblended/kctextiles/KCT
131,KCCL Plastic Ltd.,https://www.moneycontrol.com/india/stockpricequote/packaging/kcclplastic/KCC
132,KCD Industries India Ltd.,https://www.moneycontrol.com/india/stockpricequote/kcdindustries/kcdindustriesindia/RII01
133,KCD Industries India RE Ltd.,https://www.moneycontrol.com/india/stockpricequote/miscellaneous/kcdindustriesindiare/KII02
134,KCK Industries Ltd.,https://www.moneycontrol.com/india/stockpricequote/textilesapparel/kckindustries/KI13
135,KCL Infra Projects Ltd.,https://www.moneycontrol.com/india/stockpricequote/kclinfra/kclinfraprojects/KC11
136,KCL Infra Projects RE Ltd.,https://www.moneycontrol.com/india/stockpricequote/infrastructure/kclinfraprojectsre/KIP01
137,KCP Ltd.,https://www.moneycontrol.com/india/stockpricequote/cementmajor/kcp/KCP
138,KCP Sugar Ind Corp Ltd.,https://www.moneycontrol.com/india/stockpricequote/sugar/kcpsugarindcorp/KCP01
139,KDDL Ltd.,https://www.moneycontrol.com/india/stockpricequote/miscellaneous/kddl/KDD
140,KDDL RE Ltd.,https://www.moneycontrol.com/india/stockpricequote/miscellaneous/kddlre/KR03
141,KDJ Holidayscapes and Resorts Ltd.,https://www.moneycontrol.com/india/stockpricequote/financeleasinghirepurchase/kdjholidayscapesresorts/GFI
142,KDL Biotech Ltd.,https://www.moneycontrol.com/india/stockpricequote/pharmaceuticals/kdlbiotech/KDL
143,KEC International Ltd.,https://www.moneycontrol.com/india/stockpricequote/powertransmissionequipment/kecinternational/KEC04
144,Kedia Agglomerated Marbles Ltd.,https://www.moneycontrol.com/india/stockpricequote/miscellaneous/kediaagglomeratedmarbles/KAM
145,Kedia Chemical Industries Ltd.,https://www.moneycontrol.com/india/stockpricequote/pesticidesagrochemicals/kediachemicalindustries/KCI02
146,Kedia Construction Ltd.,https://www.moneycontrol.com/india/stockpricequote/constructioncontractingcivil/kediaconstruction/KC14
147,Kedia Continental Ltd.,https://www.moneycontrol.com/india/stockpricequote/edibleoilssolventextraction/kediacontinental/KC09
148,Kedia Distilleries Ltd.,https://www.moneycontrol.com/india/stockpricequote/breweriesdistilleries/kediadistilleries/KD02
149,Kedia Infotech Ltd.,https://www.moneycontrol.com/india/stockpricequote/computerssoftwaremediumsmall/kediainfotech/KI21
150,Kedia Vanaspati Ltd.,https://www.moneycontrol.com/india/stockpricequote/miscellaneous/kediavanaspati/KV01
151,Keerthi Industries Ltd.,https://www.moneycontrol.com/india/stockpricequote/cementmini/keerthiindustries/KI27
152,Keerti Knowledge & Skills Ltd.,https://www.moneycontrol.com/india/stockpricequote/computerssoftware/keertiknowledgeskills/KKS
153,KEI Industries Ltd.,https://www.moneycontrol.com/india/stockpricequote/cablespowerothers/keiindustries/KEI
154,KANORIA ENERGY & INFRASTRUCTURE Ltd.,https://www.moneycontrol.com/india/stockpricequote/cementproductsbuildingmaterials/kanoriaenergyinfrastructure/AI74
155,Kellton Tech Solutions Ltd.,https://www.moneycontrol.com/india/stockpricequote/computerssoftwaremediumsmall/kelltontechsolutions/VMF
156,KELTECH Energies Ltd.,https://www.moneycontrol.com/india/stockpricequote/chemicals/keltechenergies/KEL03
157,Kelvin Fincap Ltd.,https://www.moneycontrol.com/india/stockpricequote/financeinvestments/kelvinfincap/DS06
158,Kemicare Products Ltd.,https://www.moneycontrol.com/india/stockpricequote/edibleoilssolventextraction/kemicareproducts/KPL
159,Kemistar Corporation Ltd.,https://www.moneycontrol.com/india/stockpricequote/chemicals/kemistarcorporation/IA02
160,Kemp and Company Ltd.,https://www.moneycontrol.com/india/stockpricequote/plastics/kempcompany/KC12
161,Kemrock Industries and Exports Ltd.,https://www.moneycontrol.com/india/stockpricequote/plastics/kemrockindustriesexports/KIE
162,Kemwell International Ltd.,https://www.moneycontrol.com/india/stockpricequote/hospitalsmedicalservices/kemwellinternational/KI06
163,Ken Financial Services Ltd.,https://www.moneycontrol.com/india/stockpricequote/financeleasinghirepurchase/kenfinancialservices/KFS02
164,Kengold (India) Ltd.,https://www.moneycontrol.com/india/stockpricequote/foodprocessing/kengoldindia/KI07
165,Kennametal India Ltd.,https://www.moneycontrol.com/india/stockpricequote/machinetools/kennametalindia/WI06
166,Kenvi Jewels Ltd.,https://www.moneycontrol.com/india/stockpricequote/miscellaneous/kenvijewelslimited/KJ
167,Kera Sinter Ltd.,https://www.moneycontrol.com/india/stockpricequote/ceramicsgranite/kerasinter/KSL
168,Kerala Ayurveda Ltd.,https://www.moneycontrol.com/india/stockpricequote/pharmaceuticals/keralaayurveda/KA01
169,Kerala Rubber & Reclaims Ltd.,https://www.moneycontrol.com/india/stockpricequote/miscellaneous/keralarubberreclaims/KRR
170,Kernex Microsystems (India) Ltd.,https://www.moneycontrol.com/india/stockpricequote/computerssoftwaremediumsmall/kernexmicrosystemsindia/KMI
171,Kesar Enterprises Ltd.,https://www.moneycontrol.com/india/stockpricequote/sugar/kesarenterprises/KE01
172,Kesar Greenfield International Ltd.,https://www.moneycontrol.com/india/stockpricequote/foodprocessing/kesargreenfieldinternational/KGI
173,Kesar India Ltd.,https://www.moneycontrol.com/india/stockpricequote/constructionresidentialcommercialcomplexes/kesarindia/KI20
174,Kesar Petroproducts Ltd.,https://www.moneycontrol.com/india/stockpricequote/chemicals/kesarpetroproducts/KP04
175,Kesar Terminals and Infrastructure Ltd.,https://www.moneycontrol.com/india/stockpricequote/miscellaneous/kesarterminalsinfrastructure/KTI04
176,Kesari Printers Ltd.,https://www.moneycontrol.com/india/stockpricequote/printingstationery/kesariprinters/KP08
177,Kesharia Spinners Ltd.,https://www.moneycontrol.com/india/stockpricequote/textilesspinningcottonblended/keshariaspinners/KS05
178,Shri Keshav Cements And Infra Ltd.,https://www.moneycontrol.com/india/stockpricequote/cementmini/shrikeshavcementsandinfra/KU
179,Kesoram Industries Ltd.,https://www.moneycontrol.com/india/stockpricequote/diversified/kesoramindustries/KI08
180,Kesoram Industries PP Ltd.,https://www.moneycontrol.com/india/stockpricequote/diversifiedchemicals/kesoramindustriespp/KIP
181,Kesoram Industries RE Ltd.,https://www.moneycontrol.com/india/stockpricequote/diversified/kesoramindustriesre/KIR
182,KEW Industries Ltd.,https://www.moneycontrol.com/india/stockpricequote/autoancillaries/kewindustries/KEW01
183,Kewal Kiran Clothing Ltd.,https://www.moneycontrol.com/india/stockpricequote/retail/kewalkiranclothing/KKC02
184,Key Corporation Ltd.,https://www.moneycontrol.com/india/stockpricequote/financeleasinghirepurchase/keycorporation/KC04
185,Keynote Financial Services Ltd.,https://www.moneycontrol.com/india/stockpricequote/financegeneral/keynotefinancialservices/KCS
186,Keytuo Chemicals Ltd.,https://www.moneycontrol.com/india/stockpricequote/paintsvarnishes/keytuochemicals/KCL04
187,KFA Corporation Ltd.,https://www.moneycontrol.com/india/stockpricequote/computerssoftwaremediumsmall/kfacorporation/KFA
188,KFin Technologies Ltd.,https://www.moneycontrol.com/india/stockpricequote/miscellaneous/kfintechnologies/KT07
189,KG Denim Ltd.,https://www.moneycontrol.com/india/stockpricequote/textilesdenim/kgdenim/KGD
190,KG Petrochem Ltd.,https://www.moneycontrol.com/india/stockpricequote/plastics/kgpetrochem/KGP
191,KGN Agro Internationals Ltd.,https://www.moneycontrol.com/india/stockpricequote/edibleoilssolventextraction/kgnagrointernationals/KGN
192,KGN Enterprises Ltd.,https://www.moneycontrol.com/india/stockpricequote/vanaspatioils/kgnenterprises/KGN02
193,KGN Industries Ltd.,https://www.moneycontrol.com/india/stockpricequote/financeinvestments/kgnindustries/KGN01
194,Khadim India Ltd.,https://www.moneycontrol.com/india/stockpricequote/leatherproducts/khadimindialimited/KIL
195,Khaitan (India) Ltd.,https://www.moneycontrol.com/india/stockpricequote/trading/khaitanindia/KI18
196,Khaitan Chemicals and Fertilizers Ltd.,https://www.moneycontrol.com/india/stockpricequote/fertilisers/khaitanchemicalsfertilizers/KCF
197,Khaitan Electricals Ltd.,https://www.moneycontrol.com/india/stockpricequote/domesticappliances/khaitanelectricals/KE02
198,Khaitan Overseas Ltd.,https://www.moneycontrol.com/india/stockpricequote/financeinvestments/khaitanoverseas/KO02
199,Khaitan Paper Machines Ltd.,https://www.moneycontrol.com/india/stockpricequote/metalsnonferrous/khaitanpapermachines/KPM
200,Khandelwal Ext Ltd.,https://www.moneycontrol.com/india/stockpricequote/khandelext/khandelwalext/KE07
201,Khandelwal Hermann Electronics Ltd.,https://www.moneycontrol.com/india/stockpricequote/electricals/khandelwalhermannelectronics/KHE
202,Khandwala Securities Ltd.,https://www.moneycontrol.com/india/stockpricequote/financegeneral/khandwalasecurities/KS15
203,Khatau Ltd.,https://www.moneycontrol.com/india/stockpricequote/textilescompositemills/khatau/K
204,Khator Fibre and Fabrics Ltd.,https://www.moneycontrol.com/india/stockpricequote/textilesweaving/khatorfibrefabrics/KFF01
205,Khemani Distributors & Marketing Ltd.,https://www.moneycontrol.com/india/stockpricequote/foodprocessing/khemanidistributorsmarketing/KDM
206,Khemsons Global Ltd.,https://www.moneycontrol.com/india/stockpricequote/financeinvestments/khemsonsglobal/KG
207,KHFM Hospitality and Facility Management Services Ltd.,https://www.moneycontrol.com/india/stockpricequote/khfmhospitalit/khfmhospitalityfacilitymanagementservices/KHF01
208,KHFM Hospitality & Facility Management Ser. RE Ltd.,https://www.moneycontrol.com/india/stockpricequote/hotelresortrestaurants/khfmhospitalityfacilitymanagementserre/KHF02
209,Khoday India Ltd.,https://www.moneycontrol.com/india/stockpricequote/breweriesdistilleries/khodayindia/KI19
210,Khodiyar Industries Ltd.,https://www.moneycontrol.com/india/stockpricequote/plastics/khodiyarindustries/KI15
211,Khoobsurat Ltd.,https://www.moneycontrol.com/india/stockpricequote/textilesgeneral/khoobsurat/K02
212,KHSL Ltd.,https://www.moneycontrol.com/india/stockpricequote/constructioncontractingcivil/khsl/KHS
213,Khyati Multimedia Entertainment Ltd.,https://www.moneycontrol.com/india/stockpricequote/hotels/khyatimultimediaentertainment/KME
214,KIC Metaliks Ltd.,https://www.moneycontrol.com/india/stockpricequote/castingsforgings/kicmetaliks/KIC03
215,Kids Medical Systems Ltd.,https://www.moneycontrol.com/india/stockpricequote/miscellaneous/kidsmedicalsystemsltd/KMS01
216,Kiduja India Ltd.,https://www.moneycontrol.com/india/stockpricequote/kidujaindia/kidujaindia/KI28
217,KIEV Finance Ltd.,https://www.moneycontrol.com/india/stockpricequote/financeinvestments/kievfinance/KIE01
218,KIFS Financial Services Ltd.,https://www.moneycontrol.com/india/stockpricequote/financegeneral/kifsfinancialservices/KIF03
219,Kilburn Chemicals Ltd.,https://www.moneycontrol.com/india/stockpricequote/chemicals/kilburnchemicals/KC
220,Kilburn Engineering Ltd.,https://www.moneycontrol.com/india/stockpricequote/engineeringheavy/kilburnengineering/KE03
221,Kilburn Office Automation Ltd.,https://www.moneycontrol.com/india/stockpricequote/computershardware/kilburnofficeautomation/KOA
222,Kilitch Drugs (India) Ltd.,https://www.moneycontrol.com/india/stockpricequote/pharmaceuticals/kilitchdrugsindia/KDI
223,Killick Nixon Ltd.,https://www.moneycontrol.com/india/stockpricequote/paintsvarnishes/killicknixon/KN
224,Kilpest India Ltd.,https://www.moneycontrol.com/india/stockpricequote/pesticidesagrochemicals/kilpestindia/KI17
225,Kimia Biosciences Ltd.,https://www.moneycontrol.com/india/stockpricequote/pharmaceuticals/kimiabiosciences/LO
226,Kinetic Captial Finance Ltd.,https://www.moneycontrol.com/india/stockpricequote/financeinvestments/kineticcaptialfinance/KCF01
227,Kinetic Engineering Ltd.,https://www.moneycontrol.com/india/stockpricequote/auto23wheelers/kineticengineering/KE
228,Kinetic Motor Company Ltd.,https://www.moneycontrol.com/india/stockpricequote/auto23wheelers/kineticmotorcompany/KMC
229,Kinetic Trust Ltd.,https://www.moneycontrol.com/india/stockpricequote/kinetictrust/kinetictrust/KT01
230,Kingfa Science & Technology Ltd.,https://www.moneycontrol.com/india/stockpricequote/plastics/kingfasciencetechnology/HSS
231,Kingfisher Airlines Ltd.,https://www.moneycontrol.com/india/stockpricequote/transportlogistics/kingfisherairlines/KA02
232,Kings India Chem Corp Ltd.,https://www.moneycontrol.com/india/stockpricequote/chemicals/kingsindiachemcorp/KIC02
233,Kings Infra Ventures Ltd.,https://www.moneycontrol.com/india/stockpricequote/aquaculture/kingsinfraventures/VAF01
234,Kings International Aqua Marine Exports Ltd.,https://www.moneycontrol.com/india/stockpricequote/aquaculture/kingsinternationalaquamarineexports/KIA
235,Kinjal Finance Ltd.,https://www.moneycontrol.com/india/stockpricequote/financeinvestments/kinjalfinance/KF06
236,Kinjal Metals Ltd.,https://www.moneycontrol.com/india/stockpricequote/steelmediumsmall/kinjalmetals/KM
237,KIOCL Ltd.,https://www.moneycontrol.com/india/stockpricequote/steelspongeiron/kiocl/KIO
238,Kiran Overseas Exports Ltd.,https://www.moneycontrol.com/india/stockpricequote/miscellaneous/kiranoverseasexports/KOE01
239,Kiran Print Pack Ltd.,https://www.moneycontrol.com/india/stockpricequote/printingstationery/kiranprintpack/KPP01
240,Kiran Syntex Ltd.,https://www.moneycontrol.com/india/stockpricequote/textilesspinningsyntheticblended/kiransyntex/KS07
241,Kiran Vyapar Ltd.,https://www.moneycontrol.com/india/stockpricequote/financeinvestments/kiranvyapar/KV02
242,Kiri Industries Ltd.,https://www.moneycontrol.com/india/stockpricequote/dyespigments/kiriindustries/KDC01
243,Kirloskar Electric Co Ltd.,https://www.moneycontrol.com/india/stockpricequote/electricequipment/kirloskarelectricco/KEC02
244,Kirloskar Ferrous Industries (Warrants) Ltd.,https://www.moneycontrol.com/india/stockpricequote/steelpigiron/kirloskarferrousindustrieswarrants/KFI03
245,Kirloskar Brothers Ltd.,https://www.moneycontrol.com/india/stockpricequote/pumps/kirloskarbrothers/KB02
246,Kirloskar Ferrous Industries Ltd.,https://www.moneycontrol.com/india/stockpricequote/steelpigiron/kirloskarferrousindustries/KFI01
247,Kirloskar Industries Ltd.,https://www.moneycontrol.com/india/stockpricequote/kirloskarind/kirloskarindustries/KOE
248,Kirloskar Brothers Investments Ltd.,https://www.moneycontrol.com/india/stockpricequote/financegeneral/kirloskarbrothersinvestments/KBI01
249,Kirloskar Investment and Finance Ltd.,https://www.moneycontrol.com/india/stockpricequote/financeleasinghirepurchase/kirloskarinvestmentfinance/KIF
250,Kirloskar Multimedia Ltd.,https://www.moneycontrol.com/india/stockpricequote/mediaentertainment/kirloskarmultimedia/KM04
251,Kirloskar Oil Engines Ltd.,https://www.moneycontrol.com/india/stockpricequote/engines/kirloskaroilengines/KOE03
252,Kirloskar Pneumatic Company Ltd.,https://www.moneycontrol.com/india/stockpricequote/compressors/kirloskarpneumaticcompany/KGK
253,Kisan Mouldings Ltd.,https://www.moneycontrol.com/india/stockpricequote/plastics/kisanmouldings/KM01
254,Kitex Garments Ltd.,https://www.moneycontrol.com/india/stockpricequote/textilesreadymadeapparels/kitexgarments/KG01
255,Kitply Industries Ltd.,https://www.moneycontrol.com/india/stockpricequote/miscellaneous/kitplyindustries/KI11
256,Kitti Steels Ltd.,https://www.moneycontrol.com/india/stockpricequote/steelmediumsmall/kittisteels/KS08
257,KJ International Ltd.,https://www.moneycontrol.com/india/stockpricequote/foodprocessing/kjinternational/KJI
258,KJMC Corporate Advisors (India) Ltd.,https://www.moneycontrol.com/india/stockpricequote/financeinvestments/kjmccorporateadvisorsindia/KJM01
259,KJMC Financial Services Ltd.,https://www.moneycontrol.com/india/stockpricequote/kjmcfinser/kjmcfinancialservices/KJM
260,Kkalpana Industries Ltd.,https://www.moneycontrol.com/india/stockpricequote/plastics/kkalpanaindustries/KI30
261,Kkalpana Plastick Ltd.,https://www.moneycontrol.com/india/stockpricequote/diamondcuttingjewellerypreciousmetals/kkalpanaplastick/SG01
262,KKV Agro Powers Ltd.,https://www.moneycontrol.com/india/stockpricequote/powergenerationdistribution/kkvagropowers/KAP
263,KLG Capital Services Ltd.,https://www.moneycontrol.com/india/stockpricequote/financeinvestments/klgcapitalservices/KLG01
264,KLG Systel Ltd.,https://www.moneycontrol.com/india/stockpricequote/computerssoftwaremediumsmall/klgsystel/KLG
265,KLJ Plastics Ltd.,https://www.moneycontrol.com/india/stockpricequote/packaging/kljplastics/KLJ
266,Kovilpatti Lakshmi Roller Flour Mills  Ltd.,https://www.moneycontrol.com/india/stockpricequote/foodprocessing/kovilpattilakshmirollerflourmills/KLR
267,KM Capital Ltd.,https://www.moneycontrol.com/india/stockpricequote/financeinvestments/kmcapital/KMC01
268,KM Sugar Mills Ltd.,https://www.moneycontrol.com/india/stockpricequote/sugar/kmsugarmills/KMS
269,KMC Speciality Hospitals Ltd.,https://www.moneycontrol.com/india/stockpricequote/hospitalsmedicalservices/kmcspecialityhospitals/KMC03
270,KMF Ltd.,https://www.moneycontrol.com/india/stockpricequote/financeinvestments/kmf/KMF01
271,KMF Builders and Developers Ltd.,https://www.moneycontrol.com/india/stockpricequote/constructioncontractinghousing/kmfbuildersdevelopers/KMF02
272,KMG Milk Food Ltd.,https://www.moneycontrol.com/india/stockpricequote/foodprocessing/kmgmilkfood/RDA
273,KMS Medisurgi Ltd.,https://www.moneycontrol.com/india/stockpricequote/miscellaneous/kmsmedisurgi/KM05
274,KN Agri Resources Ltd.,https://www.moneycontrol.com/india/stockpricequote/vegetableoilsproducts/knagriresources/KAR
275,KND Engineering Technologies Ltd.,https://www.moneycontrol.com/india/stockpricequote/constructioncontractingcivil/kndengineeringtechnologies/KND
276,Knitworth Exports Ltd.,https://www.moneycontrol.com/india/stockpricequote/textileshosieryknitwear/knitworthexports/KEL01
277,Knowledge Marine & Engineering Works Ltd.,https://www.moneycontrol.com/india/stockpricequote/miscellaneous/knowledgemarineengineeringworks/KME01
278,KNR Constructions Ltd.,https://www.moneycontrol.com/india/stockpricequote/constructioncontractingcivil/knrconstructions/KC13
279,Koa Tools India Ltd.,https://www.moneycontrol.com/india/stockpricequote/engineering/koatoolsindia/KTI03
280,Kobo Biotech Ltd.,https://www.moneycontrol.com/india/stockpricequote/chemicals/kobobiotech/AO02
281,Kocher OIls Mills Ltd.,https://www.moneycontrol.com/india/stockpricequote/edibleoilssolventextraction/kocheroilsmills/KOI
282,Kochi Refineries Ltd.,https://www.moneycontrol.com/india/stockpricequote/refineries/kochirefineries/KR04
283,Kodak India Ltd.,https://www.moneycontrol.com/india/stockpricequote/consumergoodselectronic/kodakindia/KI
284,Koffee Break Pictures Ltd.,https://www.moneycontrol.com/india/stockpricequote/textilesreadymadeapparels/koffeebreakpictures/KBP
285,Kohinoor Broadcast Corporation Ltd.,https://www.moneycontrol.com/india/stockpricequote/mediaentertainment/kohinoorbroadcastcorporation/KBC
286,Kohinoor Foods Ltd.,https://www.moneycontrol.com/india/stockpricequote/foodprocessing/kohinoorfoods/KF15
287,Kohinoor Techno Engineers Ltd.,https://www.moneycontrol.com/india/stockpricequote/trading/kohinoortechnoengineers/AIN
288,Kojam Fininvest Ltd.,https://www.moneycontrol.com/india/stockpricequote/financeinvestments/kojamfininvest/KF14
289,Kokuyo Camlin Ltd.,https://www.moneycontrol.com/india/stockpricequote/diversified/kokuyocamlin/C02
290,Kolar Biotech Ltd.,https://www.moneycontrol.com/india/stockpricequote/computerssoftwaremediumsmall/kolarbiotech/KIT01
291,Kolte-Patil Developers Ltd.,https://www.moneycontrol.com/india/stockpricequote/constructioncontractingrealestate/koltepatildevelopers/KD07
292,Koluthara Exports Ltd.,https://www.moneycontrol.com/india/stockpricequote/aquaculture/kolutharaexports/KE06
293,Kome-On Communication Ltd.,https://www.moneycontrol.com/india/stockpricequote/mediaentertainment/komeoncommunication/KOC
294,Konar Organics Ltd.,https://www.moneycontrol.com/india/stockpricequote/pharmaceuticals/konarorganics/KO
295,Konark Synthetics Ltd.,https://www.moneycontrol.com/india/stockpricequote/textilesprocessing/konarksynthetics/KS09
296,Kongarar Integrated Fibres Ltd.,https://www.moneycontrol.com/india/stockpricequote/textilesspinningcottonblended/kongararintegratedfibres/KIF01
297,Kangarar Textiles Ltd.,https://www.moneycontrol.com/india/stockpricequote/textilesspinningcottonblended/kangarartextiles/KT02
298,Konkan Tyres Ltd.,https://www.moneycontrol.com/india/stockpricequote/miscellaneous/konkantyres/KT03
299,Kopran Ltd.,https://www.moneycontrol.com/india/stockpricequote/pharmaceuticals/kopran/K01
300,Koratla Leasefin India Ltd.,https://www.moneycontrol.com/india/stockpricequote/financeinvestments/koratlaleasefinindia/KLI
301,Koratla Textiles India Ltd.,https://www.moneycontrol.com/india/stockpricequote/textileshosieryknitwear/koratlatextilesindia/KTI02
302,Kore Digital Ltd.,https://www.moneycontrol.com/india/stockpricequote/miscellaneous/koredigital/KD05
303,Kore Foods Ltd.,https://www.moneycontrol.com/india/stockpricequote/foodprocessing/korefoods/PC06
304,KOTAK NIFTY ALPHA 50 ETF,https://www.moneycontrol.com/india/stockpricequote/etf/kotakniftyalpha50etf/KNA
305,Kotak Mahindra MF-Kotak Banking ETF-Dividend PO,https://www.moneycontrol.com/india/stockpricequote/kotakbketf/kotakmahindramfkotakbankingetfdividendpo/KMM03
306,Kotak IT ETF,https://www.moneycontrol.com/india/stockpricequote/etf/kotakitetf/KIE02
307,Kotak Mahindra Bank Ltd.,https://www.moneycontrol.com/india/stockpricequote/banksprivatesector/kotakmahindrabank/KMB
308,Kotak Mutual Fund - Gold Exchange Traded Fund Ltd.,https://www.moneycontrol.com/india/stockpricequote/kotakmfgetf/kotakmutualfundgoldexchangetradedfund/KMF03
309,Kotak Mahindra Mutual Fund - Nifty ETF,https://www.moneycontrol.com/india/stockpricequote/kotakniftyetf/kotakmahindramutualfundniftyetf/KMM01
310,Kotak NV 20 ETF,https://www.moneycontrol.com/india/stockpricequote/kotaknv20etf/kotaknv20etf/KNV
311,Kotak Mahindra MF - Kotak PSU Bank ETF,https://www.moneycontrol.com/india/stockpricequote/kotakpsubketf/kotakmahindramfkotakpsubanketf/KMM
312,Kotak Sensex ETF,https://www.moneycontrol.com/india/stockpricequote/kotaksensex/kotaksensexetf/KSE01
313,KOTAKCONS Ltd.,https://www.moneycontrol.com/india/stockpricequote/miscellaneous/kotakcons/KOTAK10512
314,KOTAKLIQ Ltd.,https://www.moneycontrol.com/india/stockpricequote/miscellaneous/kotakliq/KOTAK13950
315,KOTAKLOVOL Ltd.,https://www.moneycontrol.com/india/stockpricequote/miscellaneous/kotaklovol/KOTAK8632
316,KOTAKMID50 Ltd.,https://www.moneycontrol.com/india/stockpricequote/miscellaneous/kotakmid50/KOTAK8077
317,KOTAKMNC Ltd.,https://www.moneycontrol.com/india/stockpricequote/miscellaneous/kotakmnc/KOTAK10676
318,KOTAKSILVE Ltd.,https://www.moneycontrol.com/india/stockpricequote/miscellaneous/kotaksilve/KOTAK13082
319,Kothari Fermentation and Biochem Ltd.,https://www.moneycontrol.com/india/stockpricequote/foodprocessing/kotharifermentationbiochem/KFB
320,Kothari Global Ltd.,https://www.moneycontrol.com/india/stockpricequote/edibleoilssolventextraction/kothariglobal/KG02
321,Kothari Industrial Corporation Ltd.,https://www.moneycontrol.com/india/stockpricequote/diversified/kothariindustrialcorporation/KIC01
322,Kothari Petrochem Ltd.,https://www.moneycontrol.com/india/stockpricequote/trading/kotharipetrochem/KP12
323,Kothari Pioneer Bluechip Ltd.,https://www.moneycontrol.com/india/stockpricequote/financeinvestments/kotharipioneerbluechip/KPB
324,Kothari Products Ltd.,https://www.moneycontrol.com/india/stockpricequote/cigarettes/kothariproducts/KP06
325,Kothari Sugars and Chemicals Ltd.,https://www.moneycontrol.com/india/stockpricequote/sugar/kotharisugarschemicals/KSC
326,Kothari World Finance Ltd.,https://www.moneycontrol.com/india/stockpricequote/financeinvestments/kothariworldfinance/GIT01
327,Kotia Enterprises Ltd.,https://www.moneycontrol.com/india/stockpricequote/pumps/kotiaenterprises/IPP
328,Kotyark Industries Ltd.,https://www.moneycontrol.com/india/stockpricequote/renewables/kotyarkindustries/KI10
329,Koutons Retail India Ltd.,https://www.moneycontrol.com/india/stockpricequote/retail/koutonsretailindia/KRI
330,Kovai Medical Center and Hospital Ltd.,https://www.moneycontrol.com/india/stockpricequote/hospitalsmedicalservices/kovaimedicalcenterhospital/KMC02
331,Kovalam Investment & Trading Co. Ltd.,https://www.moneycontrol.com/india/stockpricequote/financeinvestments/kovalaminvestmenttradingco/KIT03
332,KP Gelatine Ltd.,https://www.moneycontrol.com/india/stockpricequote/chemicals/kpgelatine/KPG
333,Kalpataru Projects International Ltd.,https://www.moneycontrol.com/india/stockpricequote/powertransmissionequipment/kalpataruprojectsinternational/KPT
334,KPIT Technologies Ltd.,https://www.moneycontrol.com/india/stockpricequote/kpittech/kpittechnologies/KPITT54265
335,KPR Mill Ltd.,https://www.moneycontrol.com/india/stockpricequote/textilesreadymadeapparels/kprmill/M15
336,KPR Teleproducts Ltd.,https://www.moneycontrol.com/india/stockpricequote/plastics/kprteleproducts/KPR
337,KPT Industries Ltd.,https://www.moneycontrol.com/india/stockpricequote/machinetools/kptindustries/KPT01
338,K.R. Steel Union Ltd.,https://www.moneycontrol.com/india/stockpricequote/steelmediumsmall/krsteelunion/KRS
339,Kranti Industries Ltd.,https://www.moneycontrol.com/india/stockpricequote/machinetools/krantiindustries/KI02
340,Kratos Energy & Infrastructure Ltd.,https://www.moneycontrol.com/india/stockpricequote/financeinvestments/kratosenergyinfrastructure/DV
341,KRBL Ltd.,https://www.moneycontrol.com/india/stockpricequote/foodprocessing/krbl/KRB01
342,Krebs Biochemicals & Industries Ltd.,https://www.moneycontrol.com/india/stockpricequote/pharmaceuticals/krebsbiochemicalsindustries/KBI
343,Kreon Finnancial Services Ltd.,https://www.moneycontrol.com/india/stockpricequote/financeleasinghirepurchase/kreonfinnancialservices/KFS04
344,Kretto Syscon Ltd.,https://www.moneycontrol.com/india/stockpricequote/personalcare/krettosyscon/IO
345,Kridhan Infra Ltd.,https://www.moneycontrol.com/india/stockpricequote/miscellaneous/kridhaninfra/RSI02
346,Krimpex Synthetics Ltd.,https://www.moneycontrol.com/india/stockpricequote/trading/krimpexsynthetics/KS11
347,Kripal Sprin Ltd.,https://www.moneycontrol.com/india/stockpricequote/autoancillaries/kripalsprin/KS13
348,Kriptol Industries Ltd.,https://www.moneycontrol.com/india/stockpricequote/dyespigments/kriptolindustries/RI40
349,Krishana Fabrics Ltd.,https://www.moneycontrol.com/india/stockpricequote/textilesgeneral/krishanafabrics/KF17
350,Krishana Phoschem Ltd.,https://www.moneycontrol.com/india/stockpricequote/miscellaneous/krishanaphoschem/KP11
351,Krishanveer Forge Ltd.,https://www.moneycontrol.com/india/stockpricequote/castingsforgings/krishanveerforge/RF03
352,Krishca Strapping Solutions Ltd.,https://www.moneycontrol.com/india/stockpricequote/miscellaneous/krishcastrappingsolutions/KSS02
353,Krishival Foods Ltd.,https://www.moneycontrol.com/india/stockpricequote/miscellaneous/krishivalfoods/EC04
354,Krishna Capital and Securities Ltd.,https://www.moneycontrol.com/india/stockpricequote/financeinvestments/krishnacapitalsecurities/KCS02
355,Krishna Defence And Allied Industries Ltd.,https://www.moneycontrol.com/india/stockpricequote/krishnadefence/krishnadefenceandalliedindustries/KDA
356,Krishna Engineering Works Ltd.,https://www.moneycontrol.com/india/stockpricequote/castingsforgings/krishnaengineeringworks/KEW
357,Krishna Ferro Products Ltd.,https://www.moneycontrol.com/india/stockpricequote/steelmediumsmall/krishnaferroproducts/KFP
358,Krishna Filaments Ltd.,https://www.moneycontrol.com/india/stockpricequote/textilesmanmade/krishnafilaments/KF08
359,Krishna Institute of Medical Sciences Ltd.,https://www.moneycontrol.com/india/stockpricequote/hospitalhealthcareservices/krishnainstitutemedicalsciences/KIo01
360,Krishna Lifestyle Technologies Ltd.,https://www.moneycontrol.com/india/stockpricequote/textileshosieryknitwear/krishnalifestyletechnologies/KLT01
361,Krishna Plastochem Ltd.,https://www.moneycontrol.com/india/stockpricequote/chemicals/krishnaplastochem/KP07
362,Shri Krishna Prasadam Ltd.,https://www.moneycontrol.com/india/stockpricequote/trading/shrikrishnaprasadam/SKP02
363,Krishna Synthetics Ltd.,https://www.moneycontrol.com/india/stockpricequote/textilesprocessing/krishnasynthetics/KS12
364,Krishna Ventures Ltd.,https://www.moneycontrol.com/india/stockpricequote/trading/krishnaventures/MTA02
365,Krisn Information Technologies Ltd.,https://www.moneycontrol.com/india/stockpricequote/computerssoftwaremediumsmall/krisninformationtechnologies/KIT02
366,Krisons Electronics Systems Ltd.,https://www.moneycontrol.com/india/stockpricequote/consumergoodselectronic/krisonselectronicssystems/KES
367,Kriti Industries (India) Ltd.,https://www.moneycontrol.com/india/stockpricequote/plastics/kritiindustriesindia/KII
368,Kriti Nutrients Ltd.,https://www.moneycontrol.com/india/stockpricequote/edibleoilssolventextraction/kritinutrients/KN01
369,Kritika Wires Ltd.,https://www.moneycontrol.com/india/stockpricequote/kritikawires/kritikawires/KW
370,KRM International Ltd.,https://www.moneycontrol.com/india/stockpricequote/leatherproducts/krminternational/KRM
371,Krsnaa Diagnostics Ltd.,https://www.moneycontrol.com/india/stockpricequote/hospitalhealthcareservices/krsnaadiagnostics/KD03
372,Krypton Industries Ltd.,https://www.moneycontrol.com/india/stockpricequote/tyres/kryptonindustries/KI14
373,Krystal Knitwear Ltd.,https://www.moneycontrol.com/india/stockpricequote/textilesprocessing/krystalknitwear/KK
374,Krystal Poly-Fab Ltd.,https://www.moneycontrol.com/india/stockpricequote/textilesprocessing/krystalpolyfab/KPF
375,KS Oils Ltd.,https://www.moneycontrol.com/india/stockpricequote/edibleoilssolventextraction/ksoils/KSO
376,KSB Ltd.,https://www.moneycontrol.com/india/stockpricequote/pumps/ksb/KSB
377,KSE Ltd.,https://www.moneycontrol.com/india/stockpricequote/edibleoilssolventextraction/kse/KSE
378,Kshitij Investments Ltd.,https://www.moneycontrol.com/india/stockpricequote/financeinvestments/kshitijinvestments/KIL05
379,Kshitij Polyline  Ltd.,https://www.moneycontrol.com/india/stockpricequote/kshitijpolylin/kshitijpolyline/KP14
380,KSK Energy Ventures Ltd.,https://www.moneycontrol.com/india/stockpricequote/powergenerationdistribution/kskenergyventures/KEV
381,KSL & Industries Ltd.,https://www.moneycontrol.com/india/stockpricequote/textileshosieryknitwear/kslindustries/KSL04
382,KSolves India Ltd.,https://www.moneycontrol.com/india/stockpricequote/software/ksolvesindia/KI09
383,KSS Ltd.,https://www.moneycontrol.com/india/stockpricequote/mediaentertainment/kss/GPM
384,Kuantum Papers Ltd.,https://www.moneycontrol.com/india/stockpricequote/paper/kuantumpapers/ABC07
385,Kuber Auto General Finance and Leasing Ltd.,https://www.moneycontrol.com/india/stockpricequote/financeinvestments/kuberautogeneralfinanceleasing/KAG
386,Kuber Floritech Ltd.,https://www.moneycontrol.com/india/stockpricequote/miscellaneous/kuberfloritech/KFL01
387,Kuber Udyog Ltd.,https://www.moneycontrol.com/india/stockpricequote/financegeneral/kuberudyog/KU01
388,Kuberan Global Edu Solutions Ltd.,https://www.moneycontrol.com/india/stockpricequote/kuberanglobal/kuberanglobaledusolutions/KGE
389,Kukar Sons (Indo French) Exports Ltd.,https://www.moneycontrol.com/india/stockpricequote/personalcare/kukarsonsindofrenchexports/KSI02
390,Kumaka Industries Ltd.,https://www.moneycontrol.com/india/stockpricequote/chemicals/kumakaindustries/AOI
391,Kumar Wire Cloth Manufacturing Company Ltd.,https://www.moneycontrol.com/india/stockpricequote/textilesgeneral/kumarwireclothmanufacturingcompany/KWC
392,Kumars Cotex Ltd.,https://www.moneycontrol.com/india/stockpricequote/textilesspinningcottonblended/kumarscotex/KC08
393,Kumars Metallurgical Ltd.,https://www.moneycontrol.com/india/stockpricequote/steelspongeiron/kumarsmetallurgical/KM03
394,Kumbhat Financial Services Ltd.,https://www.moneycontrol.com/india/stockpricequote/financeleasinghirepurchase/kumbhatfinancialservices/KFS03
395,Kunal Engineering Company Ltd.,https://www.moneycontrol.com/india/stockpricequote/engineering/kunalengineeringcompany/KEC01
396,Kunal Overseas Ltd.,https://www.moneycontrol.com/india/stockpricequote/diamondcuttingjewellerypreciousmetals/kunaloverseas/KO01
397,Kunststoffe Industries Ltd.,https://www.moneycontrol.com/india/stockpricequote/plastics/kunststoffeindustries/KI23
398,Kusam Electrical Industries Ltd.,https://www.moneycontrol.com/india/stockpricequote/consumergoodselectronic/kusamelectricalindustries/KEI02
399,Kush Industries Ltd.,https://www.moneycontrol.com/india/stockpricequote/kushindustries/kushindustries/SNS
400,Kushal  Ltd.,https://www.moneycontrol.com/india/stockpricequote/diversified/kushal/KT06
401,Kushal Diamonds Ltd.,https://www.moneycontrol.com/india/stockpricequote/diamondcuttingjewellerypreciousmetals/kushaldiamonds/KD04
402,Kusum Agrotech Ltd.,https://www.moneycontrol.com/india/stockpricequote/edibleoilssolventextraction/kusumagrotech/KA
403,Kusum Ingots and Alloys Ltd.,https://www.moneycontrol.com/india/stockpricequote/steelmediumsmall/kusumingotsalloys/KIA01
404,Kusum Ingots & Alloys Ltd.,https://www.moneycontrol.com/india/stockpricequote/steelmediumsmall/kusumingotsalloys/KIA02
405,Kusum Iron & Steel Ltd.,https://www.moneycontrol.com/india/stockpricequote/steelmediumsmall/kusumironsteel/KIS01
406,Kutch Minerals Ltd.,https://www.moneycontrol.com/india/stockpricequote/miningminerals/kutchminerals/KM02
407,Kutch Salt & Allied Industries Ltd.,https://www.moneycontrol.com/india/stockpricequote/foodprocessing/kutchsaltalliedindustries/KSA
408,Kuwer Industries Ltd.,https://www.moneycontrol.com/india/stockpricequote/packaging/kuwerindustries/KIL02
409,Kwality Ltd.,https://www.moneycontrol.com/india/stockpricequote/foodprocessing/kwality/KDI01
410,Kwality Credit & Leasing Ltd.,https://www.moneycontrol.com/india/stockpricequote/financeinvestments/kwalitycreditleasing/KCL03
411,Kwality Pharmaceuticals Ltd.,https://www.moneycontrol.com/india/stockpricequote/pharmaceuticals/kwalitypharmaceuticals/KP
412,Kyra Landscapes Ltd.,https://www.moneycontrol.com/india/stockpricequote/constructioncontractingrealestate/kyralandscapes/TC10
413,KZ Leasing and Finance Ltd.,https://www.moneycontrol.com/india/stockpricequote/financeleasinghirepurchase/kzleasingfinance/KZL
