,company,url
0,P A Seafood Exports Ltd.,https://www.moneycontrol.com/india/stockpricequote/aquaculture/paseafoodexports/PAS
1,Procter and Gamble Hygiene and Health Care Ltd.,https://www.moneycontrol.com/india/stockpricequote/personalcare/proctergamblehygienehealthcare/PGH
2,P B Films Ltd.,https://www.moneycontrol.com/india/stockpricequote/mediaentertainment/pbfilms/F01
3,P E Analytics Ltd.,https://www.moneycontrol.com/india/stockpricequote/itservicesconsulting/peanalytics/A21
4,P M Telelinnks Ltd.,https://www.moneycontrol.com/india/stockpricequote/steelcrhrstrips/pmtelelinnks/PMT01
5,P R Cements Ltd.,https://www.moneycontrol.com/india/stockpricequote/cementmini/prcements/PRC01
6,Paam Drugs and Pharmaceuticals Ltd.,https://www.moneycontrol.com/india/stockpricequote/pharmaceuticals/paamdrugspharmaceuticals/PDP
7,Paam Pharmaceuticals Ltd.,https://www.moneycontrol.com/india/stockpricequote/pharmaceuticals/paampharmaceuticals/PP04
8,Pace Automation Ltd.,https://www.moneycontrol.com/india/stockpricequote/computerssoftwaremediumsmall/paceautomation/PAL04
9,Pace E Commerce Ventures Ltd.,https://www.moneycontrol.com/india/stockpricequote/miscellaneous/paceecommerceventures/PCV
10,Pacheli Industrial Finance  Ltd.,https://www.moneycontrol.com/india/stockpricequote/pacheliind/pacheliindustrialfinance/DI09
11,Pacific Industries Ltd.,https://www.moneycontrol.com/india/stockpricequote/ceramicsgranite/pacificindustries/PI02
12,Pacific Industries RE Ltd.,https://www.moneycontrol.com/india/stockpricequote/ceramicsmarblegranitesanitaryware/pacificindustriesre/PIR02
13,Packtech Industries Ltd.,https://www.moneycontrol.com/india/stockpricequote/packaging/packtechindustries/PI29
14,Pact Industries Ltd.,https://www.moneycontrol.com/india/stockpricequote/steellarge/pactindustries/PI41
15,Padam Cotton Yarns Ltd.,https://www.moneycontrol.com/india/stockpricequote/padamcotton/padamcottonyarns/PCY
16,Padmalaya Telefilms Ltd.,https://www.moneycontrol.com/india/stockpricequote/mediaentertainment/padmalayatelefilms/PT06
17,Padmanabh Alloys and Polymers Ltd.,https://www.moneycontrol.com/india/stockpricequote/textilesmanmade/padmanabhalloyspolymers/PAP02
18,Padmanabh Industries Ltd.,https://www.moneycontrol.com/india/stockpricequote/chemicals/padmanabhindustries/NI06
19,Padmini Technologies Ltd.,https://www.moneycontrol.com/india/stockpricequote/plastics/padminitechnologies/PT08
20,PAE Ltd.,https://www.moneycontrol.com/india/stockpricequote/autoancillaries/pae/PAE05
21,Pagaria Energy Ltd.,https://www.moneycontrol.com/india/stockpricequote/computerssoftwaremediumsmall/pagariaenergy/WN
22,Page Industries Ltd.,https://www.moneycontrol.com/india/stockpricequote/textilesreadymadeapparels/pageindustries/PI35
23,Pagita Leasing & Finance Co Ltd.,https://www.moneycontrol.com/india/stockpricequote/financeinvestments/pagitaleasingfinanceco/PLF04
24,Paintex Chemicals (Bombay) Ltd.,https://www.moneycontrol.com/india/stockpricequote/chemicals/paintexchemicalsbombay/PCB
25,Paisalo Digital Ltd.,https://www.moneycontrol.com/india/stockpricequote/financeinvestments/paisalodigitalltd/SEI03
26,PAKKA Ltd.,https://www.moneycontrol.com/india/stockpricequote/paper/pakka/YP01
27,PAL Credit and Capital Ltd.,https://www.moneycontrol.com/india/stockpricequote/financeleasinghirepurchase/palcreditcapital/PAL02
28,PAL-Peugeot Ltd.,https://www.moneycontrol.com/india/stockpricequote/autocarsjeeps/palpeugeot/PAL03
29,Palash Securities Ltd.,https://www.moneycontrol.com/india/stockpricequote/financegeneral/palashsecurities/PS19
30,Palaypu Financial Services Ltd.,https://www.moneycontrol.com/india/stockpricequote/financeinvestments/palaypufinancialservices/PFS
31,Palco Metals Ltd.,https://www.moneycontrol.com/india/stockpricequote/palcometals/palcometals/PM08
32,Palm Jewels Ltd.,https://www.moneycontrol.com/india/stockpricequote/diamondcuttingjewellerypreciousmetals/palmjewels/PJ02
33,Palred Technologies Ltd.,https://www.moneycontrol.com/india/stockpricequote/computerssoftwaremediumsmall/palredtechnologies/FS05
34,Pals Distilleries Ltd.,https://www.moneycontrol.com/india/stockpricequote/breweriesdistilleries/palsdistilleries/PD04
35,Palsoft Infosystems Ltd.,https://www.moneycontrol.com/india/stockpricequote/computerssoftwaremediumsmall/palsoftinfosystems/ACF03
36,Pam Raffia Ltd.,https://www.moneycontrol.com/india/stockpricequote/textilescompositemills/pamraffia/PRL
37,Pampasar Dist Ltd.,https://www.moneycontrol.com/india/stockpricequote/breweriesdistilleries/pampasardist/PD
38,Pamwi Tissues Ltd.,https://www.moneycontrol.com/india/stockpricequote/paper/pamwitissues/PTL03
39,Pan Asia Industries Ltd.,https://www.moneycontrol.com/india/stockpricequote/miscellaneous/panasiaindustries/PAI
40,Pan Asia Global Ltd.,https://www.moneycontrol.com/india/stockpricequote/edibleoilssolventextraction/panasiaglobal/PAG
41,Pan Auto Ltd.,https://www.moneycontrol.com/india/stockpricequote/castingsforgings/panauto/PA01
42,Pan Clothing and Consolidated Ltd.,https://www.moneycontrol.com/india/stockpricequote/textileshosieryknitwear/panclothingconsolidated/PCC
43,Pan Drugs Ltd.,https://www.moneycontrol.com/india/stockpricequote/pharmaceuticals/pandrugs/PD02
44,Pan Electroncis (India) Ltd.,https://www.moneycontrol.com/india/stockpricequote/panelectroncis/panelectroncisindia/PEI
45,Pan India Corporation Ltd.,https://www.moneycontrol.com/india/stockpricequote/computerssoftwaremediumsmall/panindiacorporation/PIC01
46,Pan India Drugs & Chemicals Ltd.,https://www.moneycontrol.com/india/stockpricequote/pharmaceuticals/panindiadrugschemicals/PID
47,Pan India Resort and Land Development Ltd.,https://www.moneycontrol.com/india/stockpricequote/hotels/panindiaresortlanddevelopment/PIR
48,PANABYTE TECHNOLOGIES Ltd.,https://www.moneycontrol.com/india/stockpricequote/panabytetech/panabytetechnologies/RTE01
49,Panacea Biotec Ltd.,https://www.moneycontrol.com/india/stockpricequote/pharmaceuticals/panaceabiotec/PB02
50,Panache Digilife Ltd.,https://www.moneycontrol.com/india/stockpricequote/miscellaneous/panachedigilife/PD09
51,Panafic Industrials Ltd.,https://www.moneycontrol.com/india/stockpricequote/financeinvestments/panaficindustrials/PI40
52,Panama Petrochem Ltd.,https://www.moneycontrol.com/india/stockpricequote/chemicals/panamapetrochem/PP02
53,Panasonic Appliances India Company Ltd.,https://www.moneycontrol.com/india/stockpricequote/domesticappliances/panasonicappliancesindiacompany/PHA01
54,Panasonic AVC Networks Ltd.,https://www.moneycontrol.com/india/stockpricequote/consumergoodselectronic/panasonicavcnetworks/PAV
55,Panasonic Energy India Company Ltd.,https://www.moneycontrol.com/india/stockpricequote/drycells/panasonicenergyindiacompany/PEI03
56,Panasonic Carbon India Ltd.,https://www.moneycontrol.com/india/stockpricequote/electrodesgraphite/panasoniccarbonindia/PCI04
57,Panchmahal Cement Company Ltd.,https://www.moneycontrol.com/india/stockpricequote/cementmini/panchmahalcementcompany/PCC01
58,Panchmahal Steels Ltd.,https://www.moneycontrol.com/india/stockpricequote/steelmediumsmall/panchmahalsteels/PS07
59,Panchsheel Organics Ltd.,https://www.moneycontrol.com/india/stockpricequote/pharmaceuticals/panchsheelorganics/PO02
60,Panchvati Holiday Resort Ltd.,https://www.moneycontrol.com/india/stockpricequote/hotels/panchvatiholidayresort/PHR
61,Pandian Graphites (India) Ltd.,https://www.moneycontrol.com/india/stockpricequote/miningminerals/pandiangraphitesindia/PGI01
62,Panjon Ltd.,https://www.moneycontrol.com/india/stockpricequote/pharmaceuticals/panjon/P01
63,Panjwani Packaging Ltd.,https://www.moneycontrol.com/india/stockpricequote/packaging/panjwanipackaging/PPL
64,Pankaj Agro Protinex Ltd.,https://www.moneycontrol.com/india/stockpricequote/edibleoilssolventextraction/pankajagroprotinex/PAP
65,Pankaj Piyush Trade & Investment Ltd.,https://www.moneycontrol.com/india/stockpricequote/financeinvestments/pankajpiyushtradeinvestment/PPT
66,Pankaj Polymers Ltd.,https://www.moneycontrol.com/india/stockpricequote/packaging/pankajpolymers/PP03
67,Panorama Studios International Ltd.,https://www.moneycontrol.com/india/stockpricequote/panoramastudio/panoramastudiosinternational/AIC04
68,Panoramic Universal Ltd.,https://www.moneycontrol.com/india/stockpricequote/computerssoftwaremediumsmall/panoramicuniversal/PU
69,Pansari Developers Ltd.,https://www.moneycontrol.com/india/stockpricequote/miscellaneous/pansaridevelopers/PD08
70,Pantaloon Industries Ltd.,https://www.moneycontrol.com/india/stockpricequote/textilesspinningsyntheticblended/pantaloonindustries/PI30
71,Panth Infinity Ltd.,https://www.moneycontrol.com/india/stockpricequote/miscellaneous/panthinfinity/SB14
72,Panyam Cements and Mineral Inds. Ltd.,https://www.moneycontrol.com/india/stockpricequote/cementmajor/panyamcementsmineralinds/PCM
73,Paos Industries Ltd.,https://www.moneycontrol.com/india/stockpricequote/vanaspatioils/paosindustries/RAM
74,Pappilon Exports Ltd.,https://www.moneycontrol.com/india/stockpricequote/textileshosieryknitwear/pappilonexports/PEL03
75,Par Drugs & Chemicals Ltd.,https://www.moneycontrol.com/india/stockpricequote/pardrugs/pardrugschemicals/PDC02
76,Parab Infra Ltd.,https://www.moneycontrol.com/india/stockpricequote/miningminerals/parabinfra/MFA
77,Parabolic Drugs Ltd.,https://www.moneycontrol.com/india/stockpricequote/pharmaceuticals/parabolicdrugs/PD06
78,Paradeep Phosphates Ltd.,https://www.moneycontrol.com/india/stockpricequote/fertilizers/paradeepphosphates/PP33
79,Parag Milk Foods Ltd.,https://www.moneycontrol.com/india/stockpricequote/foodprocessing/paragmilkfoods/PMF01
80,Paragon Finance Ltd.,https://www.moneycontrol.com/india/stockpricequote/financeleasinghirepurchase/paragonfinance/PF04
81,Parakram Technofab Ltd.,https://www.moneycontrol.com/india/stockpricequote/textileshosieryknitwear/parakramtechnofab/PT04
82,Paramone Concepts Ltd.,https://www.moneycontrol.com/india/stockpricequote/computerssoftwaremediumsmall/paramoneconcepts/ZI02
83,Paramount Communications Ltd.,https://www.moneycontrol.com/india/stockpricequote/cablestelephone/paramountcommunications/PC01
84,Paramount Cosmetics Ltd.,https://www.moneycontrol.com/india/stockpricequote/personalcare/paramountcosmetics/PC15
85,Paramount Printpackaging Ltd.,https://www.moneycontrol.com/india/stockpricequote/packaging/paramountprintpackaging/PP09
86,Paras Defence and Space Technologies Ltd.,https://www.moneycontrol.com/india/stockpricequote/defence/parasdefencespacetechnologies/PDS01
87,Paras Magnetic Tapes Ltd.,https://www.moneycontrol.com/india/stockpricequote/consumergoodselectronic/parasmagnetictapes/PMT
88,Paras Petrofils Ltd.,https://www.moneycontrol.com/india/stockpricequote/textilesmanmade/paraspetrofils/PP05
89,Parasrampuria Industries Ltd.,https://www.moneycontrol.com/india/stockpricequote/textilesmanmade/parasrampuriaindustries/PI03
90,Parasrampuria Synthetics Ltd.,https://www.moneycontrol.com/india/stockpricequote/textilesmanmade/parasrampuriasynthetics/PS01
91,Parekh Aluminex Ltd.,https://www.moneycontrol.com/india/stockpricequote/packaging/parekhaluminex/PA07
92,,
93,Parekh Platinum Ltd.,https://www.moneycontrol.com/india/stockpricequote/diamondcuttingjewellerypreciousmetals/parekhplatinum/PP06
94,Parenteral Drugs (India) Ltd.,https://www.moneycontrol.com/india/stockpricequote/pharmaceuticals/parenteraldrugsindia/PDI01
95,Parichay Investments Ltd.,https://www.moneycontrol.com/india/stockpricequote/financeinvestments/parichayinvestments/PIL01
96,Parijat Trading Ltd.,https://www.moneycontrol.com/india/stockpricequote/miscellaneous/parijattrading/PTL01
97,Pariksha Fin- Invest- Lease Ltd.,https://www.moneycontrol.com/india/stockpricequote/financeinvestments/parikshafininvestlease/PFI02
98,Parin Furniture  Ltd.,https://www.moneycontrol.com/india/stockpricequote/parinfurniture/parinfurniture/PF07
99,Park Avenue Engineering Ltd.,https://www.moneycontrol.com/india/stockpricequote/textilesspinningsyntheticblended/parkavenueengineering/PAE03
100,Parke Davis (India) Ltd.,https://www.moneycontrol.com/india/stockpricequote/pharmaceuticals/parkedavisindia/PDI
101,Parker Agrochem E Ltd.,https://www.moneycontrol.com/india/stockpricequote/trading/parkeragrocheme/PAE02
102,Parle  Industries Ltd.,https://www.moneycontrol.com/india/stockpricequote/computerssoftwaremediumsmall/parleindustries/PS13
103,Parmanand Mercantile Ltd.,https://www.moneycontrol.com/india/stockpricequote/financeinvestments/parmanandmercantile/PM05
104,Parmax Pharma Ltd.,https://www.moneycontrol.com/india/stockpricequote/pharmaceuticals/parmaxpharma/PPL04
105,Parmeshwari Silk Mills Ltd.,https://www.moneycontrol.com/india/stockpricequote/miscellaneous/parmeshwarisilkmills/PSM04
106,Parnax Lab Ltd.,https://www.moneycontrol.com/india/stockpricequote/pharmaceuticals/parnaxlab/KTI01
107,Paro Syntex Ltd.,https://www.moneycontrol.com/india/stockpricequote/textilesprocessing/parosyntex/PS02
108,Parry Agro Industries Ltd.,https://www.moneycontrol.com/india/stockpricequote/plantationsteacoffee/parryagroindustries/PAI01
109,Parrys Sugar Industries Ltd.,https://www.moneycontrol.com/india/stockpricequote/sugar/parryssugarindustries/GMR01
110,Parshva Enterprises Ltd.,https://www.moneycontrol.com/india/stockpricequote/diamondcuttingjewellerypreciousmetals/parshvaenterprises/PE11
111,Parshwanath Corporation Ltd.,https://www.moneycontrol.com/india/stockpricequote/financehousing/parshwanathcorporation/PH
112,Parsoli Capital and Finance Ltd.,https://www.moneycontrol.com/india/stockpricequote/financeinvestments/parsolicapitalfinance/PCF
113,Parsvnath Developers Ltd.,https://www.moneycontrol.com/india/stockpricequote/constructioncontractingrealestate/parsvnathdevelopers/PD05
114,Partani Appliances Ltd.,https://www.moneycontrol.com/india/stockpricequote/domesticappliances/partaniappliances/PA9
115,Partap Industries Ltd.,https://www.moneycontrol.com/india/stockpricequote/chemicals/partapindustries/PIL04
116,Parth Housing and Estate Developers Ltd.,https://www.moneycontrol.com/india/stockpricequote/constructioncontractingcivil/parthhousingestatedevelopers/PHE
117,Party Cruisers Ltd.,https://www.moneycontrol.com/india/stockpricequote/miscellaneous/partycruisers/PC24
118,Parvati Sweetners and Power Ltd.,https://www.moneycontrol.com/india/stockpricequote/parvatisweet/parvatisweetnerspower/PARVA54134
119,Parvati Sweetners and Power RE Ltd.,https://www.moneycontrol.com/india/stockpricequote/powergenerationdistribution/parvatisweetnerspowerre/PSP01
120,Pasari Spinning Mills Ltd.,https://www.moneycontrol.com/india/stockpricequote/textilesspinningcottonblended/pasarispinningmills/PSM01
121,Paschim Petrochem Ltd.,https://www.moneycontrol.com/india/stockpricequote/petrochemicals/paschimpetrochem/PP07
122,Pashupati Cables Ltd.,https://www.moneycontrol.com/india/stockpricequote/cablespowerothers/pashupaticables/PC17
123,Pashupati Cotspin Ltd.,https://www.moneycontrol.com/india/stockpricequote/diversified/pashupaticotspin/PC23
124,Pashupati Seohung Ltd.,https://www.moneycontrol.com/india/stockpricequote/miscellaneous/pashupatiseohung/PS03
125,Pasumai Irrigations Ltd.,https://www.moneycontrol.com/india/stockpricequote/plastics/pasumaiirrigations/PI06
126,Pasupati Acrylon Ltd.,https://www.moneycontrol.com/india/stockpricequote/textilesmanmade/pasupatiacrylon/PA03
127,Pasupati Fabrics Ltd.,https://www.moneycontrol.com/india/stockpricequote/textilesspinningcottonblended/pasupatifabrics/PF09
128,Pasupati Fincap Ltd.,https://www.moneycontrol.com/india/stockpricequote/financeinvestments/pasupatifincap/PF01
129,Pasupati Haryana Woollens Ltd.,https://www.moneycontrol.com/india/stockpricequote/textileshosieryknitwear/pasupatiharyanawoollens/PHW
130,Pasupati Spinning and Weaving Mills Ltd.,https://www.moneycontrol.com/india/stockpricequote/textilesspinningsyntheticblended/pasupatispinningweavingmills/PSW
131,Pasupati Technofab Ltd.,https://www.moneycontrol.com/india/stockpricequote/textileshosieryknitwear/pasupatitechnofab/PTL04
132,Pat-Parth Engineers. Ltd.,https://www.moneycontrol.com/india/stockpricequote/electricequipment/patparthengineers/PPE
133,Patanjali Foods Ltd.,https://www.moneycontrol.com/india/stockpricequote/patanjalifoods/patanjalifoods/RSI
134,Patdiam Jewellery Ltd.,https://www.moneycontrol.com/india/stockpricequote/diamondcuttingjewellerypreciousmetals/patdiamjewellery/PJ01
135,Patel Engineering Company Ltd.,https://www.moneycontrol.com/india/stockpricequote/constructioncontractingcivil/patelengineeringcompany/PEC
136,Patel Food Product Ltd.,https://www.moneycontrol.com/india/stockpricequote/foodprocessing/patelfoodproduct/PFP
137,Patel Integrated Logistics - RE Ltd.,https://www.moneycontrol.com/india/stockpricequote/courierservices/patelintegratedlogisticsre/PIL06
138,Patel Integrated Logistics Ltd.,https://www.moneycontrol.com/india/stockpricequote/patelintegrate/patelintegratedlogistics/PIL05
139,Patel On-Board Couriers Ltd.,https://www.moneycontrol.com/india/stockpricequote/couriers/patelonboardcouriers/POB
140,Patel's Widecom (India) Ltd.,https://www.moneycontrol.com/india/stockpricequote/miscellaneous/patelswidecomindia/PWI02
141,PATEL ENGINEERING RE Ltd.,https://www.moneycontrol.com/india/stockpricequote/miscellaneous/patelengineeringre/PE12
142,Patels Airtemp (India) Ltd.,https://www.moneycontrol.com/india/stockpricequote/miscellaneous/patelsairtempindia/PAI02
143,Patheja Forgings and Auto Parts Manufacturers Ltd.,https://www.moneycontrol.com/india/stockpricequote/castingsforgings/pathejaforgingsautopartsmanufacturers/PFA
144,Patidar Buildcon Ltd.,https://www.moneycontrol.com/india/stockpricequote/constructioncontractingrealestate/patidarbuildcon/TLL
145,Patel Integrated Logistics - RE1 Ltd.,https://www.moneycontrol.com/india/stockpricequote/courierservices/patelintegratedlogisticsre1/PIL07
146,Patel Integrated Logistics PP Ltd.,https://www.moneycontrol.com/india/stockpricequote/courierservices/patelintegratedlogisticspp/PIL08
147,Patni Computer Systems Ltd.,https://www.moneycontrol.com/india/stockpricequote/computerssoftware/patnicomputersystems/PCS02
148,Patni Engineering Ltd.,https://www.moneycontrol.com/india/stockpricequote/aluminium/patniengineering/PEL02
149,Patodia Textile Industries (Prev Polytex) Ltd.,https://www.moneycontrol.com/india/stockpricequote/textilesprocessing/patodiatextileindustriesprevpolytex/PTI01
150,Patron Exim Ltd.,https://www.moneycontrol.com/india/stockpricequote/miscellaneous/patronexim/PE13
151,Patspin India Ltd.,https://www.moneycontrol.com/india/stockpricequote/textilesspinningcottonblended/patspinindia/PI07
152,Pattech Fitwell Tube Components Ltd.,https://www.moneycontrol.com/india/stockpricequote/miscellaneous/pattechfitwelltubecomponents/PFT
153,Patels Widecom (India) Ltd.,https://www.moneycontrol.com/india/stockpricequote/telecommunicationsequipment/patelswidecomindia/PWI01
154,Paul Merchants Ltd.,https://www.moneycontrol.com/india/stockpricequote/miscellaneous/paulmerchants/PM07
155,Paushak Ltd.,https://www.moneycontrol.com/india/stockpricequote/chemicals/paushak/P11
156,Pavna Industries Ltd.,https://www.moneycontrol.com/india/stockpricequote/autoancillaries/pavnaindustries/PI45
157,Pawan Proteins Ltd.,https://www.moneycontrol.com/india/stockpricequote/edibleoilssolventextraction/pawanproteins/PPL03
158,Pawansut Holdings Ltd.,https://www.moneycontrol.com/india/stockpricequote/financeinvestments/pawansutholdings/PH07
159,Pazel International Ltd.,https://www.moneycontrol.com/india/stockpricequote/miscellaneous/pazelinternational/RI41
160,PB Fintech Ltd.,https://www.moneycontrol.com/india/stockpricequote/multilineinsurancebrokers/pbfintech/PF14
161,PBA Infrastructure Ltd.,https://www.moneycontrol.com/india/stockpricequote/constructioncontractingcivil/pbainfrastructure/PBA
162,PBM Polytex Ltd.,https://www.moneycontrol.com/india/stockpricequote/textilesspinningcottonblended/pbmpolytex/PBM
163,PC Jeweller Ltd.,https://www.moneycontrol.com/india/stockpricequote/diamondcuttingjewellerypreciousmetals/pcjeweller/PJ
164,PCBL Ltd.,https://www.moneycontrol.com/india/stockpricequote/pcbl/pcbl/PCB01
165,PCI Chemicals and Pharma Ltd.,https://www.moneycontrol.com/india/stockpricequote/pharmaceuticals/pcichemicalspharma/PCI
166,PCS Industries Ltd.,https://www.moneycontrol.com/india/stockpricequote/computershardware/pcsindustries/PCS
167,PDS Ltd.,https://www.moneycontrol.com/india/stockpricequote/textilesgeneral/pds/PDS
168,Pearl Engineering Polymers Ltd.,https://www.moneycontrol.com/india/stockpricequote/petrochemicals/pearlengineeringpolymers/PEP
169,Pearl Global Ltd.,https://www.moneycontrol.com/india/stockpricequote/textilesreadymadeapparels/pearlglobal/PG03
170,Pearl Global Industries Ltd.,https://www.moneycontrol.com/india/stockpricequote/textilesreadymadeapparels/pearlglobalindustries/HPF01
171,Pearl Green Clubs and Resorts Ltd.,https://www.moneycontrol.com/india/stockpricequote/otheragricultureproducts/pearlgreenclubsresorts/PGC03
172,Pearl Polymers Ltd.,https://www.moneycontrol.com/india/stockpricequote/plastics/pearlpolymers/PP08
173,Pebble Investment and Finance Ltd.,https://www.moneycontrol.com/india/stockpricequote/financeinvestments/pebbleinvestmentfinance/PIF
174,Pecos Hotels and Pubs Ltd.,https://www.moneycontrol.com/india/stockpricequote/hotelresortrestaurants/pecoshotelspubs/PHP
175,Pee Cee Cosma Sope Ltd.,https://www.moneycontrol.com/india/stockpricequote/detergents/peeceecosmasope/PCC02
176,Pegasus Apparels Ltd.,https://www.moneycontrol.com/india/stockpricequote/textileshosieryknitwear/pegasusapparels/PA04
177,Peninsula Land Ltd.,https://www.moneycontrol.com/india/stockpricequote/constructioncontractinghousing/peninsulaland/PL10
178,Pennar Aluminium Company Ltd.,https://www.moneycontrol.com/india/stockpricequote/aluminium/pennaraluminiumcompany/PAC
179,Pennar Aqua Exports Ltd.,https://www.moneycontrol.com/india/stockpricequote/aquaculture/pennaraquaexports/PAE01
180,Pennar Engineered Building Systems Ltd.,https://www.moneycontrol.com/india/stockpricequote/miscellaneous/pennarengineeredbuildingsystems/PEB
181,Pennar Industries Ltd.,https://www.moneycontrol.com/india/stockpricequote/steelcrhrstrips/pennarindustries/PI28
182,Pennar Paterson Ltd.,https://www.moneycontrol.com/india/stockpricequote/financeinvestments/pennarpaterson/PP27
183,Penta Capsules Ltd.,https://www.moneycontrol.com/india/stockpricequote/chemicals/pentacapsules/PC03
184,Penta Gold Ltd.,https://www.moneycontrol.com/india/stockpricequote/pentagold/pentagold/PGL
185,Pantafour Products Ltd.,https://www.moneycontrol.com/india/stockpricequote/diversified/pantafourproducts/PP10
186,Pentafour Solec Technology Ltd.,https://www.moneycontrol.com/india/stockpricequote/miscellaneous/pentafoursolectechnology/PST
187,Pentagon Global Solutions Ltd.,https://www.moneycontrol.com/india/stockpricequote/computerssoftwaremediumsmall/pentagonglobalsolutions/PGS
188,Pentagon Rubber Ltd.,https://www.moneycontrol.com/india/stockpricequote/miscellaneous/pentagonrubber/PR04
189,Pentamedia Graphics Ltd.,https://www.moneycontrol.com/india/stockpricequote/mediaentertainment/pentamediagraphics/PG
190,Pentasoft Technologies Ltd.,https://www.moneycontrol.com/india/stockpricequote/computerssoftwaremediumsmall/pentasofttechnologies/PT
191,Pentokey Organy (India) Ltd.,https://www.moneycontrol.com/india/stockpricequote/chemicals/pentokeyorganyindia/POI
192,Peoples Investment Ltd.,https://www.moneycontrol.com/india/stockpricequote/financeinvestments/peoplesinvestment/PIL02
193,Perfect Circle India Ltd.,https://www.moneycontrol.com/india/stockpricequote/autoancillaries/perfectcircleindia/PCI05
194,Perfect Infraengineers Ltd.,https://www.moneycontrol.com/india/stockpricequote/constructioncontractingcivil/perfectinfraengineers/PI32
195,Perfectpac Ltd.,https://www.moneycontrol.com/india/stockpricequote/packaging/perfectpac/P03
196,Perfect-Octave Media Projects Ltd.,https://www.moneycontrol.com/india/stockpricequote/textileshosieryknitwear/perfectoctavemediaprojects/NBP
197,Peria Karamalai Tea and Produce Company Ltd.,https://www.moneycontrol.com/india/stockpricequote/plantationsteacoffee/periakaramalaiteaproducecompany/PKT
198,Perk Pharmaceuticals Ltd.,https://www.moneycontrol.com/india/stockpricequote/pharmaceuticals/perkpharmaceuticals/PP11
199,Permanent Magnets Ltd.,https://www.moneycontrol.com/india/stockpricequote/engineering/permanentmagnets/PM01
200,Persian Carpet and Textiles Ltd.,https://www.moneycontrol.com/india/stockpricequote/trading/persiancarpettextiles/PCT
201,Persistent Systems Ltd.,https://www.moneycontrol.com/india/stockpricequote/computerssoftware/persistentsystems/PS15
202,Pertech Computers Ltd.,https://www.moneycontrol.com/india/stockpricequote/computershardware/pertechcomputers/PC04
203,Pervasive Commodities Ltd.,https://www.moneycontrol.com/india/stockpricequote/telecommunicationsequipment/pervasivecommodities/SEL02
204,Pesti and Brew Ltd.,https://www.moneycontrol.com/india/stockpricequote/pesticidesagrochemicals/pestibrew/PB01
205,Pet Plastics Ltd.,https://www.moneycontrol.com/india/stockpricequote/plastics/petplastics/PP25
206,Petron Engineering Construction Ltd.,https://www.moneycontrol.com/india/stockpricequote/engineering/petronengineeringconstruction/PEC01
207,Petronet LNG Ltd.,https://www.moneycontrol.com/india/stockpricequote/oildrillingandexploration/petronetlng/PLN
208,Pettavaittalai Sugar & Chemicals Ltd.,https://www.moneycontrol.com/india/stockpricequote/sugar/pettavaittalaisugarchemicals/PSC03
209,Power Finance Corporation FPO Ltd.,https://www.moneycontrol.com/india/stockpricequote/financetermlendinginstitutions/powerfinancecorporationfpo/PFC03
210,Pfimex Pharma Ltd.,https://www.moneycontrol.com/india/stockpricequote/pharmaceuticals/pfimexpharma/PP12
211,Pfizer Ltd.,https://www.moneycontrol.com/india/stockpricequote/pharmaceuticals/pfizer/P
212,PFL Infotech Ltd.,https://www.moneycontrol.com/india/stockpricequote/miscellaneous/pflinfotech/PF12
213,PG Electroplast Ltd.,https://www.moneycontrol.com/india/stockpricequote/consumergoodselectronic/pgelectroplast/PE06
214,PG Foils Ltd.,https://www.moneycontrol.com/india/stockpricequote/aluminium/pgfoils/PGF
215,PH CAPITAL Ltd.,https://www.moneycontrol.com/india/stockpricequote/phcapital/phcapital/FI03
216,PH Trading Ltd.,https://www.moneycontrol.com/india/stockpricequote/trading/phtrading/PHT
217,Phantom Digital Effects Ltd.,https://www.moneycontrol.com/india/stockpricequote/miscellaneous/phantomdigitaleffects/PDE
218,Phar East Laboratories Ltd.,https://www.moneycontrol.com/india/stockpricequote/pharmaceuticals/phareastlaboratories/PEL
219,Pharmaceuticals Products of India Ltd.,https://www.moneycontrol.com/india/stockpricequote/pharmaceuticals/pharmaceuticalsproductsindia/PPI
220,NIPPON INDIA NIFTY PHARMA ETF,https://www.moneycontrol.com/india/stockpricequote/pharmabees/nipponindianiftypharmaetf/NIN
221,Pharmacia Healthcare Ltd.,https://www.moneycontrol.com/india/stockpricequote/pharmaceuticals/pharmaciahealthcare/PH04
222,Pharmaids Pharmaceuticals Ltd.,https://www.moneycontrol.com/india/stockpricequote/pharmaceuticals/pharmaidspharmaceuticals/PP13
223,Pharmasia Ltd.,https://www.moneycontrol.com/india/stockpricequote/pharmaceuticals/pharmasia/P04
224,Pharmed Chemicals Ltd.,https://www.moneycontrol.com/india/stockpricequote/pharmaceuticals/pharmedchemicals/PC05
225,Phelix Appliances Ltd.,https://www.moneycontrol.com/india/stockpricequote/domesticappliances/phelixappliances/PA05
226,Philips Glass India Ltd.,https://www.moneycontrol.com/india/stockpricequote/electricals/philipsglassindia/PGI02
227,Philips India Ltd.,https://www.moneycontrol.com/india/stockpricequote/consumergoodselectronic/philipsindia/PI
228,Phoenix Electric (I) Ltd.,https://www.moneycontrol.com/india/stockpricequote/miscellaneous/phoenixelectrici/PEI02
229,Phoenix International Ltd.,https://www.moneycontrol.com/india/stockpricequote/leatherproducts/phoenixinternational/PI09
230,Phoenix Lamps Ltd.,https://www.moneycontrol.com/india/stockpricequote/autoancillaries/phoenixlamps/H07
231,Phoenix Mills Ltd.,https://www.moneycontrol.com/india/stockpricequote/constructioncontractingrealestate/phoenixmills/PM02
232,Phoenix Township Ltd.,https://www.moneycontrol.com/india/stockpricequote/hotels/phoenixtownship/PT13
233,Photon Capital Advisors Ltd.,https://www.moneycontrol.com/india/stockpricequote/financeinvestments/photoncapitaladvisors/PCA
234,Photoquip (India) Ltd.,https://www.moneycontrol.com/india/stockpricequote/consumergoodselectronic/photoquipindia/PI10
235,Phyto Chem (India) Ltd.,https://www.moneycontrol.com/india/stockpricequote/pesticidesagrochemicals/phytochemindia/PCI01
236,PI Industries Ltd.,https://www.moneycontrol.com/india/stockpricequote/pesticidesagrochemicals/piindustries/PII
237,Piccadilly Agro Industries Ltd.,https://www.moneycontrol.com/india/stockpricequote/sugar/piccadillyagroindustries/PAI03
238,Piccadilly Sugar and Allied Industries Ltd.,https://www.moneycontrol.com/india/stockpricequote/sugar/piccadillysugaralliedindustries/PSA
239,Picturehouse Media Ltd.,https://www.moneycontrol.com/india/stockpricequote/mediaentertainment/picturehousemedia/TE9
240,Pidilite Industries Ltd.,https://www.moneycontrol.com/india/stockpricequote/chemicals/pidiliteindustries/PI11
241,Pil Italica Lifestyle  Ltd.,https://www.moneycontrol.com/india/stockpricequote/plastics/pilitalicalifestyle/PI08
242,Pilani Investment and Industries Corporation Ltd.,https://www.moneycontrol.com/india/stockpricequote/financegeneral/pilaniinvestmentindustriescorporation/PII03
243,Pincon Lifestyle Ltd.,https://www.moneycontrol.com/india/stockpricequote/miscellaneous/pinconlifestyle/MU01
244,Pincon Spirit Ltd.,https://www.moneycontrol.com/india/stockpricequote/breweriesdistilleries/pinconspirit/PS18
245,Pine Animation Ltd.,https://www.moneycontrol.com/india/stockpricequote/computerssoftwaremediumsmall/pineanimation/MFL02
246,Pinky Chemicals Ltd.,https://www.moneycontrol.com/india/stockpricequote/chemicals/pinkychemicals/PC07
247,Pioneer Embroideries Ltd.,https://www.moneycontrol.com/india/stockpricequote/textileshosieryknitwear/pioneerembroideries/PE
248,Pioneer Agro Extracts Ltd.,https://www.moneycontrol.com/india/stockpricequote/vanaspatioils/pioneeragroextracts/PAE04
249,Pioneer Auto Lamps Ltd.,https://www.moneycontrol.com/india/stockpricequote/autoancillaries/pioneerautolamps/PAL01
250,Pioneer Cashew Industries Ltd.,https://www.moneycontrol.com/india/stockpricequote/foodprocessing/pioneercashewindustries/PCI03
251,Pioneer Distilleries Ltd.,https://www.moneycontrol.com/india/stockpricequote/breweriesdistilleries/pioneerdistilleries/PDL
252,Pioneer Investcorp Ltd.,https://www.moneycontrol.com/india/stockpricequote/financeleasinghirepurchase/pioneerinvestcorp/PI12
253,Pioneer Products Ltd.,https://www.moneycontrol.com/india/stockpricequote/pesticidesagrochemicals/pioneerproducts/PP14
254,Piramal Enterprises Ltd.,https://www.moneycontrol.com/india/stockpricequote/piramalenter/piramalenterprises/PH05
255,Piramal Glass Ltd.,https://www.moneycontrol.com/india/stockpricequote/glassglassproducts/piramalglass/PG04
256,Piramal Holdings Ltd.,https://www.moneycontrol.com/india/stockpricequote/constructioncontractingcivil/piramalholdings/PH06
257,Piramal Pharma Ltd.,https://www.moneycontrol.com/india/stockpricequote/pharmaceuticalsdrugs/piramalpharma/PP34
258,Piramal Phytocare Ltd.,https://www.moneycontrol.com/india/stockpricequote/pharmaceuticals/piramalphytocare/PLS
259,Pitamber Coated Papers Ltd.,https://www.moneycontrol.com/india/stockpricequote/paper/pitambercoatedpapers/PCP
260,Pithampur Poly Products Ltd.,https://www.moneycontrol.com/india/stockpricequote/packaging/pithampurpolyproducts/PPP02
261,Pithampur Steels Ltd.,https://www.moneycontrol.com/india/stockpricequote/steelmediumsmall/pithampursteels/PS05
262,Pitti Engineering Ltd.,https://www.moneycontrol.com/india/stockpricequote/engineering/pittiengineering/PL
263,Pittie Cement and Industries Ltd.,https://www.moneycontrol.com/india/stockpricequote/cementmini/pittiecementindustries/PCI02
264,Pittie Finance Ltd.,https://www.moneycontrol.com/india/stockpricequote/financeinvestments/pittiefinance/PF02
265,Pittsburgh Iron and Steels Ltd.,https://www.moneycontrol.com/india/stockpricequote/textilesweaving/pittsburghironsteels/PIS02
266,Pix Autos Ltd.,https://www.moneycontrol.com/india/stockpricequote/autoancillaries/pixautos/PA06
267,Pix Transmissions Ltd.,https://www.moneycontrol.com/india/stockpricequote/rubber/pixtransmissions/PT07
268,Piyush Steels Ltd.,https://www.moneycontrol.com/india/stockpricequote/steelmediumsmall/piyushsteels/PS06
269,PL Finance and Investment Ltd.,https://www.moneycontrol.com/india/stockpricequote/financeinvestments/plfinanceinvestment/PLF
270,Plama Laboratories Ltd.,https://www.moneycontrol.com/india/stockpricequote/pharmaceuticals/plamalaboratories/PL01
271,Planters Poly Ltd.,https://www.moneycontrol.com/india/stockpricequote/packaging/planterspoly/PP28
272,Plastene India Ltd.,https://www.moneycontrol.com/india/stockpricequote/packaging/plasteneindia/PI24
273,Plastiblends India Ltd.,https://www.moneycontrol.com/india/stockpricequote/plastics/plastiblendsindia/PI13
274,Platinum Corporation Ltd.,https://www.moneycontrol.com/india/stockpricequote/trading/platinumcorporation/PC19
275,Platinum Finance Ltd.,https://www.moneycontrol.com/india/stockpricequote/financeinvestments/platinumfinance/PF03
276,Platinumone Business Services Ltd.,https://www.moneycontrol.com/india/stockpricequote/bpoites/platinumonebusinessservices/PBS01
277,Plethico Pharmaceuticals Ltd.,https://www.moneycontrol.com/india/stockpricequote/pharmaceuticals/plethicopharmaceuticals/PP30
278,Plus Finance Ltd.,https://www.moneycontrol.com/india/stockpricequote/financeleasinghirepurchase/plusfinance/PFL
279,PMC Fincorp Ltd.,https://www.moneycontrol.com/india/stockpricequote/financegeneral/pmcfincorp/PMC
280,Punjab National Bank,https://www.moneycontrol.com/india/stockpricequote/bankspublicsector/punjabnationalbank/PNB05
281,PNB Equity Growth Fund Scheme 93 Ltd.,https://www.moneycontrol.com/india/stockpricequote/financeinvestments/pnbequitygrowthfundscheme93/PNB03
282,PNB Gilts Ltd.,https://www.moneycontrol.com/india/stockpricequote/financeinvestments/pnbgilts/PNB04
283,PNB Housing Finance Ltd.,https://www.moneycontrol.com/india/stockpricequote/financehousing/pnbhousingfinance/PHF
284,PNB Premium Plus 91 Ltd.,https://www.moneycontrol.com/india/stockpricequote/financeinvestments/pnbpremiumplus91/PNB02
285,PNB Rising Income Scheme 1994 Ltd.,https://www.moneycontrol.com/india/stockpricequote/financeinvestments/pnbrisingincomescheme1994/PNB01
286,PNB Housing Finance RE Ltd.,https://www.moneycontrol.com/india/stockpricequote/financehousing/pnbhousingfinancere/PHF01
287,PNC Capital Trust Ltd.,https://www.moneycontrol.com/india/stockpricequote/financeinvestments/pnccapitaltrust/PNC01
288,PNC Infratech Ltd.,https://www.moneycontrol.com/india/stockpricequote/constructioncontractingrealestate/pncinfratech/PI26
289,Pneumatic Holdings Ltd.,https://www.moneycontrol.com/india/stockpricequote/financeinvestments/pneumaticholdings/PH08
290,PNGS Gargi Fashion Jewellery Ltd.,https://www.moneycontrol.com/india/stockpricequote/miscellaneous/pngsgargifashionjewellery/PGF01
291,Pochiraju Industries Ltd.,https://www.moneycontrol.com/india/stockpricequote/miscellaneous/pochirajuindustries/PI34
292,POCL Enterprises Ltd.,https://www.moneycontrol.com/india/stockpricequote/miscellaneous/poclenterprises/POC
293,Poddar Housing and Development Ltd.,https://www.moneycontrol.com/india/stockpricequote/poddarhousing/poddarhousingdevelopment/W13
294,Poddar Pigments Ltd.,https://www.moneycontrol.com/india/stockpricequote/dyespigments/poddarpigments/PP15
295,Point Plast Ltd.,https://www.moneycontrol.com/india/stockpricequote/packaging/pointplast/PPL02
296,Pokarna Ltd.,https://www.moneycontrol.com/india/stockpricequote/ceramicsgranite/pokarna/PL06
297,Polar Industries Ltd.,https://www.moneycontrol.com/india/stockpricequote/domesticappliances/polarindustries/PI14
298,Polar Latex Ltd.,https://www.moneycontrol.com/india/stockpricequote/miscellaneous/polarlatex/PL02
299,Polar Marmo Agglomerates Ltd.,https://www.moneycontrol.com/india/stockpricequote/ceramicsgranite/polarmarmoagglomerates/PMA
300,Polaris Consulting & Services Ltd.,https://www.moneycontrol.com/india/stockpricequote/computerssoftware/polarisconsultingservices/PSL01
301,Polo Hotels Ltd.,https://www.moneycontrol.com/india/stockpricequote/hotels/polohotels/PH02
302,Polo Queen Industrial and Fintech  Ltd.,https://www.moneycontrol.com/india/stockpricequote/miscellaneous/poloqueenindustrialfintech/PQI
303,Polson Ltd.,https://www.moneycontrol.com/india/stockpricequote/dyespigments/polson/P08
304,Poly Medicure Ltd.,https://www.moneycontrol.com/india/stockpricequote/hospitalsmedicalservices/polymedicure/PM06
305,Polycab India Ltd.,https://www.moneycontrol.com/india/stockpricequote/cablespowerothers/polycabindia/PI44
306,Polychem Ltd.,https://www.moneycontrol.com/india/stockpricequote/petrochemicals/polychem/P05
307,Polycon International Ltd.,https://www.moneycontrol.com/india/stockpricequote/plastics/polyconinternational/PI15
308,Polygenta Technologies  Ltd.,https://www.moneycontrol.com/india/stockpricequote/textilesprocessing/polygentatechnologies/MI09
309,Polylink Polymers (India) Ltd.,https://www.moneycontrol.com/india/stockpricequote/petrochemicals/polylinkpolymersindia/PPI01
310,Polymac Thermoformers Ltd.,https://www.moneycontrol.com/india/stockpricequote/plastics/polymacthermoformers/PT03
311,Polymechplast Machines Ltd.,https://www.moneycontrol.com/india/stockpricequote/miscellaneous/polymechplastmachines/PM03
312,Polyplex Corporation Ltd.,https://www.moneycontrol.com/india/stockpricequote/packaging/polyplexcorporation/PC08
313,Polyspin Exports Ltd.,https://www.moneycontrol.com/india/stockpricequote/packaging/polyspinexports/PE07
314,Polytex India Ltd.,https://www.moneycontrol.com/india/stockpricequote/financeinvestments/polytexindia/PIL
315,Ponds India Ltd.,https://www.moneycontrol.com/india/stockpricequote/personalcare/pondsindia/PI16
316,Pondy Oxides & Chemicals Ltd.,https://www.moneycontrol.com/india/stockpricequote/chemicals/pondyoxideschemicals/PO03
317,Ponni Sugars (Erode) Ltd.,https://www.moneycontrol.com/india/stockpricequote/sugar/ponnisugarserode/PSE03
318,Ponni Sugars (Orissa) Ltd.,https://www.moneycontrol.com/india/stockpricequote/sugar/ponnisugarsorissa/PSO
319,Pooja Entertainment and Films Ltd.,https://www.moneycontrol.com/india/stockpricequote/mediaentertainment/poojaentertainmentfilms/DI26
320,Pooja Granites & Marbles Ltd.,https://www.moneycontrol.com/india/stockpricequote/miscellaneous/poojagranitesmarbles/PGM
321,Poojawestern Metaliks Ltd.,https://www.moneycontrol.com/india/stockpricequote/metalsnonferrous/poojawesternmetaliks/PM09
322,Poona Dal and Oil Industries Ltd.,https://www.moneycontrol.com/india/stockpricequote/edibleoilssolventextraction/poonadaloilindustries/SAI05
323,Poona Industrial Hotel Ltd.,https://www.moneycontrol.com/india/stockpricequote/financeinvestments/poonaindustrialhotel/PIH
324,Poonam Rasayan Ltd.,https://www.moneycontrol.com/india/stockpricequote/chemicals/poonamrasayan/PR02
325,Poonawalla Fincorp Ltd.,https://www.moneycontrol.com/india/stockpricequote/financenbfc/poonawallafincorp/MF20
326,Popular Estate Management Ltd.,https://www.moneycontrol.com/india/stockpricequote/constructioncontractingrealestate/popularestatemanagement/PEM
327,Porwal Auto Components Ltd.,https://www.moneycontrol.com/india/stockpricequote/autoancillaries/porwalautocomponents/PAC02
328,Positive Electronics Ltd.,https://www.moneycontrol.com/india/stockpricequote/electricals/positiveelectronics/PE9
329,Power & Instrumentation (Gujarat) Ltd.,https://www.moneycontrol.com/india/stockpricequote/electricequipment/powerinstrumentationgujarat/PI(
330,Power Finance Corporation Ltd.,https://www.moneycontrol.com/india/stockpricequote/financetermlendinginstitutions/powerfinancecorporation/PFC02
331,Power Grid Corporation of India Ltd.,https://www.moneycontrol.com/india/stockpricequote/powergenerationdistribution/powergridcorporationindia/PGC01
332,Power Grid Corporation of India (FPO) Ltd.,https://www.moneycontrol.com/india/stockpricequote/powergenerationdistribution/powergridcorporationindiafpo/PGC02
333,Power Mech Projects Ltd.,https://www.moneycontrol.com/india/stockpricequote/infrastructuregeneral/powermechprojects/PMP
334,Powerflow Ltd.,https://www.moneycontrol.com/india/stockpricequote/metalsnonferrous/powerflow/PL07
335,Powerful Technologies Ltd.,https://www.moneycontrol.com/india/stockpricequote/consumergoodselectronic/powerfultechnologies/PT09
336,Powergrid Infrastructure Investment Trust Ltd.,https://www.moneycontrol.com/india/stockpricequote/miscellaneous/powergridinfrastructureinvestmenttrust/PII04
337,Powersoft Global Solutions Ltd.,https://www.moneycontrol.com/india/stockpricequote/computerssoftwaremediumsmall/powersoftglobalsolutions/PGS01
338,Powmex Steel Ltd.,https://www.moneycontrol.com/india/stockpricequote/steelmediumsmall/powmexsteel/PS08
339,Poysha Industrial Company Ltd.,https://www.moneycontrol.com/india/stockpricequote/packaging/poyshaindustrialcompany/PIC
340,PPAP Automotive Ltd.,https://www.moneycontrol.com/india/stockpricequote/autoancillaries/ppapautomotive/PPP03
341,Prakash Pipes Ltd.,https://www.moneycontrol.com/india/stockpricequote/miscellaneous/prakashpipeslimited/PPL54268
342,Prabhat Dairy Ltd.,https://www.moneycontrol.com/india/stockpricequote/foodprocessing/prabhatdairy/PD07
343,Prabhat Technologies Ltd.,https://www.moneycontrol.com/india/stockpricequote/telecommunicationsequipment/prabhattechnologies/PT05
344,Prabhav Industries Ltd.,https://www.moneycontrol.com/india/stockpricequote/steelmediumsmall/prabhavindustries/PI38
345,Prabhhans Industries Ltd.,https://www.moneycontrol.com/india/stockpricequote/aquaculture/prabhhansindustries/SGA
346,Prabhu Steels Ltd.,https://www.moneycontrol.com/india/stockpricequote/steelmediumsmall/prabhusteels/PS09
347,Pradeep Drug Company Ltd.,https://www.moneycontrol.com/india/stockpricequote/pharmaceuticals/pradeepdrugcompany/PDC
348,Pradeep Metals Ltd.,https://www.moneycontrol.com/india/stockpricequote/castingsforgings/pradeepmetals/PM04
349,Pradhin Ltd.,https://www.moneycontrol.com/india/stockpricequote/steelrolling/pradhin/BM04
350,Pradip Overseas Ltd.,https://www.moneycontrol.com/india/stockpricequote/textilesweaving/pradipoverseas/PO04
351,Prag Bosimi Synthetcis Ltd.,https://www.moneycontrol.com/india/stockpricequote/textilesmanmade/pragbosimisynthetcis/PBS
352,Pragnya Software Systems Ltd.,https://www.moneycontrol.com/india/stockpricequote/computerssoftwaremediumsmall/pragnyasoftwaresystems/PSS01
353,Praj Industries Ltd.,https://www.moneycontrol.com/india/stockpricequote/engineeringheavy/prajindustries/PI17
354,Prajay Engineers Syndicate Ltd.,https://www.moneycontrol.com/india/stockpricequote/constructioncontractinghousing/prajayengineerssyndicate/PES
355,Prakash Ceramics Ltd.,https://www.moneycontrol.com/india/stockpricequote/ceramicsgranite/prakashceramics/PC09
356,Prakash Fotran Softech Ltd.,https://www.moneycontrol.com/india/stockpricequote/computerssoftwaremediumsmall/prakashfotransoftech/PFS01
357,Prakash Industries Ltd.,https://www.moneycontrol.com/india/stockpricequote/diversified/prakashindustries/PI18
358,Prakash Leasing Ltd.,https://www.moneycontrol.com/india/stockpricequote/financeleasinghirepurchase/prakashleasing/PL03
359,Prakash Solvent Extraction Ltd.,https://www.moneycontrol.com/india/stockpricequote/edibleoilssolventextraction/prakashsolventextraction/PSE01
360,Prakash Steelage Ltd.,https://www.moneycontrol.com/india/stockpricequote/steeltubespipes/prakashsteelage/PS16
361,Prakash Woollen & Synthetic Mills Ltd.,https://www.moneycontrol.com/india/stockpricequote/textileswoollenworsted/prakashwoollensyntheticmills/PWM
362,Pramada Finvest Ltd.,https://www.moneycontrol.com/india/stockpricequote/financeleasinghirepurchase/pramadafinvest/IFI
363,Praman Capital Market Services Ltd.,https://www.moneycontrol.com/india/stockpricequote/financeinvestments/pramancapitalmarketservices/PCM01
364,Pranavadity Spinning Mills Ltd.,https://www.moneycontrol.com/india/stockpricequote/textilesspinningcottonblended/pranavadityspinningmills/PSM02
365,Prashant India Ltd.,https://www.moneycontrol.com/india/stockpricequote/textilesgeneral/prashantindia/PI19
366,Prataap Snacks  Ltd.,https://www.moneycontrol.com/india/stockpricequote/foodprocessing/prataapsnacks/PS20
367,Pratap Raj Steel Ltd.,https://www.moneycontrol.com/india/stockpricequote/steelmediumsmall/prataprajsteel/PRS
368,Pratibha Industries Ltd.,https://www.moneycontrol.com/india/stockpricequote/constructioncontractingcivil/pratibhaindustries/PI33
369,Pratik Panels Ltd.,https://www.moneycontrol.com/india/stockpricequote/miscellaneous/pratikpanels/PP17
370,Pratiksha Chemicals Ltd.,https://www.moneycontrol.com/india/stockpricequote/dyespigments/pratikshachemicals/PC10
371,Praveen Properties Ltd.,https://www.moneycontrol.com/india/stockpricequote/constructioncontractinghousing/praveenproperties/PP18
372,PRAVEG Ltd.,https://www.moneycontrol.com/india/stockpricequote/praveg/praveg/SSP03
373,Praxis Home Retail Ltd.,https://www.moneycontrol.com/india/stockpricequote/retail/praxishomeretail/PRAXI54090
374,Praxis Home Retail-RE Ltd.,https://www.moneycontrol.com/india/stockpricequote/retailing/praxishomeretailre/PHR01
375,Praxis Home Retail RE1 Ltd.,https://www.moneycontrol.com/india/stockpricequote/retailing/praxishomeretailre1/PHR02
376,Precious Trading & Investments Ltd.,https://www.moneycontrol.com/india/stockpricequote/financeinvestments/precioustradinginvestments/PTI02
377,Precision Camshafts Ltd.,https://www.moneycontrol.com/india/stockpricequote/autoancillaries/precisioncamshafts/PC16
378,Precision Containeurs Ltd.,https://www.moneycontrol.com/india/stockpricequote/plastics/precisioncontaineurs/PC20
379,Precision Electronics Ltd.,https://www.moneycontrol.com/india/stockpricequote/telecommunicationsequipment/precisionelectronics/PE01
380,Precision Fasteners Ltd.,https://www.moneycontrol.com/india/stockpricequote/fasteners/precisionfasteners/PF
381,Precision Metaliks Ltd.,https://www.moneycontrol.com/india/stockpricequote/trading/precisionmetaliks/PM10
382,Precision Wires India Ltd.,https://www.moneycontrol.com/india/stockpricequote/metalsnonferrous/precisionwiresindia/PWI
383,Precot Ltd.,https://www.moneycontrol.com/india/stockpricequote/precot/precot/PM
384,Preeti Securities Ltd.,https://www.moneycontrol.com/india/stockpricequote/financeinvestments/preetisecurities/PS11
385,Premco Global Ltd.,https://www.moneycontrol.com/india/stockpricequote/textilesgeneral/premcoglobal/PG01
386,Premier Ltd.,https://www.moneycontrol.com/india/stockpricequote/engineering/premier/P10
387,Premier Aqua Farms Ltd.,https://www.moneycontrol.com/india/stockpricequote/aquaculture/premieraquafarms/PAF01
388,Premier Capital Services Ltd.,https://www.moneycontrol.com/india/stockpricequote/premiercap/premiercapitalservices/PCS01
389,Premier Energy and Infrastructure Ltd.,https://www.moneycontrol.com/india/stockpricequote/constructioncontractingrealestate/premierenergyinfrastructure/PEI04
390,Premier Explosives Ltd.,https://www.moneycontrol.com/india/stockpricequote/chemicals/premierexplosives/PE02
391,Premier Housing and Industrial Enterprises Ltd.,https://www.moneycontrol.com/india/stockpricequote/constructioncontractinghousing/premierhousingindustrialenterprises/PHI
392,Premier Industries Ltd.,https://www.moneycontrol.com/india/stockpricequote/edibleoilssolventextraction/premierindustries/PI20
393,Premier Laminate Ltd.,https://www.moneycontrol.com/india/stockpricequote/miscellaneous/premierlaminate/PL04
394,Premier Pipes Ltd.,https://www.moneycontrol.com/india/stockpricequote/steelmediumsmall/premierpipes/QST
395,Premier Plantation Ltd.,https://www.moneycontrol.com/india/stockpricequote/plantationsteacoffee/premierplantation/PPL01
396,Premier Polyfilm Ltd.,https://www.moneycontrol.com/india/stockpricequote/plastics/premierpolyfilm/PP19
397,Premier Proteins Ltd.,https://www.moneycontrol.com/india/stockpricequote/edibleoilssolventextraction/premierproteins/PP20
398,Premier Synthetics Processors Ltd.,https://www.moneycontrol.com/india/stockpricequote/textilesprocessing/premiersyntheticsprocessors/PSP
399,Premier Tubes Ltd.,https://www.moneycontrol.com/india/stockpricequote/steelmediumsmall/premiertubes/PT02
400,Premier Vinyl Flooring Ltd.,https://www.moneycontrol.com/india/stockpricequote/plastics/premiervinylflooring/PVF
401,Premium Capital Market and Investments Ltd.,https://www.moneycontrol.com/india/stockpricequote/financeinvestments/premiumcapitalmarketinvestments/PCM02
402,Premium Industries (I) Ltd.,https://www.moneycontrol.com/india/stockpricequote/miscellaneous/premiumindustriesi/PII02
403,Premium International Finance Ltd.,https://www.moneycontrol.com/india/stockpricequote/financeinvestments/premiuminternationalfinance/PIF01
404,Premkutir Estates & Properties Ltd.,https://www.moneycontrol.com/india/stockpricequote/miscellaneous/premkutirestatesproperties/PEP01
405,Prerna Infrabuild Ltd.,https://www.moneycontrol.com/india/stockpricequote/constructioncontractingrealestate/prernainfrabuild/PF08
406,Prerna Infrabuild RE Ltd.,https://www.moneycontrol.com/india/stockpricequote/cementconstructionmaterials/prernainfrabuildre/PIR03
407,Presha Metallurgical Ltd.,https://www.moneycontrol.com/india/stockpricequote/miningminerals/preshametallurgical/JM01
408,Presidency Shoe International Ltd.,https://www.moneycontrol.com/india/stockpricequote/leatherproducts/presidencyshoeinternational/PSI02
409,Pressman Advertising Ltd.,https://www.moneycontrol.com/india/stockpricequote/pressmanadvt/pressmanadvertising/NF07
410,Pressure Sensitive Systems Ltd.,https://www.moneycontrol.com/india/stockpricequote/pressuresentiv/pressuresensitivesystems/PSS
411,Prestige Estates Projects Ltd.,https://www.moneycontrol.com/india/stockpricequote/constructioncontractingrealestate/prestigeestatesprojects/PEP02
412,Prestige Foods Ltd.,https://www.moneycontrol.com/india/stockpricequote/edibleoilssolventextraction/prestigefoods/PF05
413,Prestige HM Polycontainers Ltd.,https://www.moneycontrol.com/india/stockpricequote/packaging/prestigehmpolycontainers/PHM
414,Presto Finance Ltd.,https://www.moneycontrol.com/india/stockpricequote/financeinvestments/prestofinance/PFL01
415,Pretto Leather Industries Ltd.,https://www.moneycontrol.com/india/stockpricequote/leatherproducts/prettoleatherindustries/PLI01
416,Prevest Denpro Ltd.,https://www.moneycontrol.com/india/stockpricequote/medicalequipmentsuppliesaccessories/prevestdenpro/PD10
417,Preyanshu Exports Ltd.,https://www.moneycontrol.com/india/stockpricequote/miscellaneous/preyanshuexports/PE03
418,Preyanshu Industries Ltd.,https://www.moneycontrol.com/india/stockpricequote/packaging/preyanshuindustries/PI21
419,Pricol Ltd.,https://www.moneycontrol.com/india/stockpricequote/autoancillaries/pricol/P9
420,Pricol - RE Ltd.,https://www.moneycontrol.com/india/stockpricequote/autoancillaries/pricolre/PR
421,Prima Agro Products Ltd.,https://www.moneycontrol.com/india/stockpricequote/miscellaneous/primaagroproducts/PAP01
422,Prima Industries Ltd.,https://www.moneycontrol.com/india/stockpricequote/edibleoilssolventextraction/primaindustries/PI27
423,Prima Plastics Ltd.,https://www.moneycontrol.com/india/stockpricequote/plastics/primaplastics/PP21
424,Prime Capital Market Ltd.,https://www.moneycontrol.com/india/stockpricequote/financegeneral/primecapitalmarket/PCM04
425,Prime Focus Ltd.,https://www.moneycontrol.com/india/stockpricequote/mediaentertainment/primefocus/PF13
426,Prime Fresh Ltd.,https://www.moneycontrol.com/india/stockpricequote/miscellaneous/primefresh/PCS04
427,Prime Industries Ltd.,https://www.moneycontrol.com/india/stockpricequote/primeindustrie/primeindustries/PI22
428,Prime Metals Ltd.,https://www.moneycontrol.com/india/stockpricequote/miningminerals/primemetals/PML01
429,Prime Petro Products Ltd.,https://www.moneycontrol.com/india/stockpricequote/plastics/primepetroproducts/PPP01
430,Prime Property Development Corporation Ltd.,https://www.moneycontrol.com/india/stockpricequote/constructioncontractingrealestate/primepropertydevelopmentcorporation/PPD
431,Prime Securities Ltd.,https://www.moneycontrol.com/india/stockpricequote/financeinvestments/primesecurities/PS
432,Prime Solvent Extractions Ltd.,https://www.moneycontrol.com/india/stockpricequote/edibleoilssolventextraction/primesolventextractions/PSE02
433,Prime Tea Plantation & Industries Ltd.,https://www.moneycontrol.com/india/stockpricequote/plantationsteacoffee/primeteaplantationindustries/PTP
434,Prime Urban Development India Ltd.,https://www.moneycontrol.com/india/stockpricequote/textilesspinningcottonblended/primeurbandevelopmentindia/PT10
435,Primo Chemicals Ltd.,https://www.moneycontrol.com/india/stockpricequote/primochemicals/primochemicals/PAC01
436,Primus Chemicals Ltd.,https://www.moneycontrol.com/india/stockpricequote/chemicals/primuschemicals/PC11
437,Prince Pipes & Fittings Ltd.,https://www.moneycontrol.com/india/stockpricequote/plasticstubespipeshosesfittings/princepipesfittings/PPF
438,Prism Finance Ltd.,https://www.moneycontrol.com/india/stockpricequote/financeleasinghirepurchase/prismfinance/PF10
439,Prism Informatics Ltd.,https://www.moneycontrol.com/india/stockpricequote/computerssoftware/prisminformatics/AH05
440,Prism Johnson Ltd.,https://www.moneycontrol.com/india/stockpricequote/cementmajor/prismjohnson/PC
441,Prism Medico and Pharmacy Ltd.,https://www.moneycontrol.com/india/stockpricequote/financeinvestments/prismmedicopharmacy/WMC01
442,Prism Mills Ltd.,https://www.moneycontrol.com/india/stockpricequote/textilesprocessing/prismmills/PML
443,Prismx Global Ventures Ltd.,https://www.moneycontrol.com/india/stockpricequote/financeinvestments/prismxglobalventureslimited/KFC
444,Prismx Global Ventures RE Ltd.,https://www.moneycontrol.com/india/stockpricequote/metalscastingsforgings/prismxglobalventuresre/PGV
445,Prithvi Exchange (India) Ltd.,https://www.moneycontrol.com/india/stockpricequote/computerssoftwaretraining/prithviexchangeindia/PS14
446,Prithvi Information Solutions Ltd.,https://www.moneycontrol.com/india/stockpricequote/computerssoftwaremediumsmall/prithviinformationsolutions/PIS01
447,Priti International Ltd.,https://www.moneycontrol.com/india/stockpricequote/diversified/pritiinternational/PI43
448,Pritika Engineering Components Ltd.,https://www.moneycontrol.com/india/stockpricequote/miscellaneous/pritikaengineeringcomponents/PEC02
449,Pritika Auto Industries Ltd.,https://www.moneycontrol.com/india/stockpricequote/miscellaneous/pritikaautoindustries/SME02
450,Pritish Nandy Communications Ltd.,https://www.moneycontrol.com/india/stockpricequote/mediaentertainment/pritishnandycommunications/PNC
451,Privi Speciality Chemicals Ltd.,https://www.moneycontrol.com/india/stockpricequote/chemicals/privispecialitychemicals/HKF
452,Priya Ltd.,https://www.moneycontrol.com/india/stockpricequote/trading/priya/PDC01
453,Priyadarshini Fabs Ltd.,https://www.moneycontrol.com/india/stockpricequote/textilesspinningcottonblended/priyadarshinifabs/PFL02
454,Priyadarshini Spinning Mills Ltd.,https://www.moneycontrol.com/india/stockpricequote/textilesspinningsyntheticblended/priyadarshinispinningmills/PSM03
455,Priyanka Udyog Ltd.,https://www.moneycontrol.com/india/stockpricequote/miscellaneous/priyankaudyog/PUL
456,PRO CLB GLOBAL Ltd.,https://www.moneycontrol.com/india/stockpricequote/proclbglobal/proclbglobal/PS17
457,Pro Fin Capital Services Ltd.,https://www.moneycontrol.com/india/stockpricequote/financeinvestments/profincapitalservices/PFC
458,Procal Electronics Ltd.,https://www.moneycontrol.com/india/stockpricequote/consumergoodselectronic/procalelectronics/PE04
459,Procter & Gamble Health Ltd.,https://www.moneycontrol.com/india/stockpricequote/pharmaceuticals/proctergamblehealth/M12
460,Professional Diamonds Ltd.,https://www.moneycontrol.com/india/stockpricequote/diamondcuttingjewellerypreciousmetals/professionaldiamonds/PD01
461,Professional Circuit Boards Ltd.,https://www.moneycontrol.com/india/stockpricequote/electricals/professionalcircuitboards/PCB02
462,Progressive Steels India Ltd.,https://www.moneycontrol.com/india/stockpricequote/steelmediumsmall/progressivesteelsindia/PSI03
463,Progressive Metal Forming & Leasing Ltd.,https://www.moneycontrol.com/india/stockpricequote/miscellaneous/progressivemetalformingleasing/PMF
464,Progrex Ventures Ltd.,https://www.moneycontrol.com/india/stockpricequote/edibleoilssolventextraction/progrexventures/PEE
465,Prolife Industries Ltd.,https://www.moneycontrol.com/india/stockpricequote/miscellaneous/prolifeindustries/PI42
466,Proline Software and Finance Ltd.,https://www.moneycontrol.com/india/stockpricequote/computerssoftwaremediumsmall/prolinesoftwarefinance/PSF01
467,Promact Impex Ltd.,https://www.moneycontrol.com/india/stockpricequote/packaging/promactimpex/PP23
468,Promax Power Ltd.,https://www.moneycontrol.com/india/stockpricequote/powergenerationdistribution/promaxpower/PP32
469,Prosoft Systems Ltd.,https://www.moneycontrol.com/india/stockpricequote/computerssoftwaremediumsmall/prosoftsystems/PS10
470,Prospect Commodities Ltd.,https://www.moneycontrol.com/india/stockpricequote/miscellaneous/prospectcommodities/PC25
471,Protchem Industries (India) Ltd.,https://www.moneycontrol.com/india/stockpricequote/chemicals/protchemindustriesindia/PII01
472,Protech Circuit Breakers Ltd.,https://www.moneycontrol.com/india/stockpricequote/electricequipment/protechcircuitbreakers/PCB03
473,Protech Electromech Ltd.,https://www.moneycontrol.com/india/stockpricequote/electricequipment/protechelectromech/PEL01
474,Protech Switchgears Ltd.,https://www.moneycontrol.com/india/stockpricequote/electricequipment/protechswitchgears/PSL02
475,Protochem Ltd.,https://www.moneycontrol.com/india/stockpricequote/pharmaceuticals/protochem/P06
476,Proventus Agrocom Ltd.,https://www.moneycontrol.com/india/stockpricequote/miscellaneous/proventusagrocom/PA
477,Provogue (India) Ltd.,https://www.moneycontrol.com/india/stockpricequote/retail/provogueindia/PI31
478,Prozone Intu Properties Ltd.,https://www.moneycontrol.com/india/stockpricequote/constructioncontractingrealestate/prozoneintuproperties/PCS03
479,Prudent Corporate Advisory Services Ltd.,https://www.moneycontrol.com/india/stockpricequote/financeinvestment/prudentcorporateadvisoryservices/PCA01
480,Prudent Sugar Corporation Ltd.,https://www.moneycontrol.com/india/stockpricequote/sugar/prudentsugarcorporation/PSC02
481,Prudential Capital Markets Ltd.,https://www.moneycontrol.com/india/stockpricequote/financeinvestments/prudentialcapitalmarkets/PCM03
482,Prudential Polywebs Ltd.,https://www.moneycontrol.com/india/stockpricequote/packaging/prudentialpolywebs/PP24
483,Prudential Stock & Securities Ltd.,https://www.moneycontrol.com/india/stockpricequote/financeinvestments/prudentialstocksecurities/PSS02
484,Prudential Sri Jagannath Agro-Tech Ltd.,https://www.moneycontrol.com/india/stockpricequote/edibleoilssolventextraction/prudentialsrijagannathagrotech/PSJ
485,Prudential Stock Broking Services Ltd.,https://www.moneycontrol.com/india/stockpricequote/financeinvestments/prudentialstockbrokingservices/PSB01
486,Prudential Sugar Corporation Ltd.,https://www.moneycontrol.com/india/stockpricequote/sugar/prudentialsugarcorporation/PSC01
487,PS IT Infrastructure & Services Ltd.,https://www.moneycontrol.com/india/stockpricequote/financeinvestments/psitinfrastructureservices/PSI04
488,PSI Data Systems Ltd.,https://www.moneycontrol.com/india/stockpricequote/computerssoftware/psidatasystems/PSI
489,PSL Ltd.,https://www.moneycontrol.com/india/stockpricequote/steeltubespipes/psl/PSL
490,PSP Projects Ltd.,https://www.moneycontrol.com/india/stockpricequote/constructioncontractingrealestate/pspprojects/PP26
491,PSUBANKICI Ltd.,https://www.moneycontrol.com/india/stockpricequote/miscellaneous/psubankici/PSUBA14584
492,PTC India Ltd.,https://www.moneycontrol.com/india/stockpricequote/trading/ptcindia/PTC02
493,PTC India Financial Services Ltd.,https://www.moneycontrol.com/india/stockpricequote/financetermlendinginstitutions/ptcindiafinancialservices/PIF02
494,PTC Industries Ltd.,https://www.moneycontrol.com/india/stockpricequote/engineeringheavy/ptcindustries/PTC03
495,PTC Industries RE Ltd.,https://www.moneycontrol.com/india/stockpricequote/engineeringconstruction/ptcindustriesre/PIR01
496,PTL Enterprises Ltd.,https://www.moneycontrol.com/india/stockpricequote/tyres/ptlenterprises/PTL06
497,3p Land Holdings Ltd.,https://www.moneycontrol.com/india/stockpricequote/paper/3plandholdings/PI36
498,Pudumjee Paper Products Ltd.,https://www.moneycontrol.com/india/stockpricequote/paper/pudumjeepaperproductslimited/PPP04
499,Pulsar International Ltd.,https://www.moneycontrol.com/india/stockpricequote/pulsarintl/pulsarinternational/PI01
500,Pulz Electronics Ltd.,https://www.moneycontrol.com/india/stockpricequote/miscellaneous/pulzelectronics/PE09
501,Punctual Trading Ltd.,https://www.moneycontrol.com/india/stockpricequote/financeinvestments/punctualtrading/PTL02
502,Punjab Anand Lamp Industries Ltd.,https://www.moneycontrol.com/india/stockpricequote/electricals/punjabanandlampindustries/PAL
503,Punjab Communications Ltd.,https://www.moneycontrol.com/india/stockpricequote/telecommunicationsequipment/punjabcommunications/PC14
504,Punjab Fibres Ltd.,https://www.moneycontrol.com/india/stockpricequote/textilesspinningcottonblended/punjabfibres/PF06
505,Punj Lloyd Ltd.,https://www.moneycontrol.com/india/stockpricequote/infrastructuregeneral/punjlloyd/PL9
506,Punjab National Fertilizers and Chemicals Ltd.,https://www.moneycontrol.com/india/stockpricequote/fertilisers/punjabnationalfertilizerschemicals/PNF
507,Punjab Power Generation Machines Ltd.,https://www.moneycontrol.com/india/stockpricequote/electricequipment/punjabpowergenerationmachines/PPG
508,Punjab Tractors Ltd.,https://www.moneycontrol.com/india/stockpricequote/autotractors/punjabtractors/PT01
509,Punjab Wireless Systems Ltd.,https://www.moneycontrol.com/india/stockpricequote/telecommunicationsequipment/punjabwirelesssystems/PWS
510,Punjab Woolcombers Ltd.,https://www.moneycontrol.com/india/stockpricequote/textileswoollenworsted/punjabwoolcombers/PW
511,Punjab & Sind Bank,https://www.moneycontrol.com/india/stockpricequote/bankspublicsector/punjabsindbank/PSB
512,Punjab Chemicals & Crop Protection Ltd.,https://www.moneycontrol.com/india/stockpricequote/chemicals/punjabchemicalscropprotection/PCC03
513,Punjab Iron & Steel Co Ltd.,https://www.moneycontrol.com/india/stockpricequote/steelmediumsmall/punjabironsteelco/PIS
514,Punjab Lease Financing Ltd.,https://www.moneycontrol.com/india/stockpricequote/financeinvestments/punjableasefinancing/PLF03
515,Punsumi Foils & Components Ltd.,https://www.moneycontrol.com/india/stockpricequote/electricals/punsumifoilscomponents/PFC01
516,Punsumi India Ltd.,https://www.moneycontrol.com/india/stockpricequote/electricals/punsumiindia/PI23
517,Puravankara Ltd.,https://www.moneycontrol.com/india/stockpricequote/constructioncontractingrealestate/puravankara/PP01
518,Purity Flex Pack Ltd.,https://www.moneycontrol.com/india/stockpricequote/packaging/purityflexpack/PFP01
519,Purohit Construction Ltd.,https://www.moneycontrol.com/india/stockpricequote/constructioncontractingcivil/purohitconstruction/PC22
520,Purple Entertainment Ltd.,https://www.moneycontrol.com/india/stockpricequote/mediaentertainment/purpleentertainment/PE10
521,Purshottam Investofin Ltd.,https://www.moneycontrol.com/india/stockpricequote/purshottaminvt/purshottaminvestofin/PI39
522,Purvi Electronics Ltd.,https://www.moneycontrol.com/india/stockpricequote/consumergoodselectronic/purvielectronics/PE05
523,Pushpanjali Floriculture Ltd.,https://www.moneycontrol.com/india/stockpricequote/miscellaneous/pushpanjalifloriculture/PF11
524,Pushpanjali Realms & Infratech Ltd.,https://www.moneycontrol.com/india/stockpricequote/constructioncontractingcivil/pushpanjalirealmsinfratech/PRI01
525,Pushpsons Industries Ltd.,https://www.moneycontrol.com/india/stockpricequote/textilesspinningcottonblended/pushpsonsindustries/PIL03
526,PVP Ventures Ltd.,https://www.moneycontrol.com/india/stockpricequote/constructioncontractingrealestate/pvpventures/PVP
527,PVR INOX Ltd.,https://www.moneycontrol.com/india/stockpricequote/mediaentertainment/pvrinox/PVR
528,PVV Infra Ltd.,https://www.moneycontrol.com/india/stockpricequote/constructioncontractingcivil/pvvinfra/TI33
529,Pyramid Saimira Theatre Ltd.,https://www.moneycontrol.com/india/stockpricequote/mediaentertainment/pyramidsaimiratheatre/PST01
530,Pyxis Finvest Ltd.,https://www.moneycontrol.com/india/stockpricequote/financeinvestments/pyxisfinvest/BF01
531,Pyxis Techno Solutions Ltd.,https://www.moneycontrol.com/india/stockpricequote/computerssoftwaremediumsmall/pyxistechnosolutions/PTS
