,company,url
0,V B Industries Ltd.,https://www.moneycontrol.com/india/stockpricequote/miscellaneous/vbindustries/VBI
1,V R Films & Studios Ltd.,https://www.moneycontrol.com/india/stockpricequote/mediaentertainment/vrfilmsstudios/FS04
2,V R Woodarts Ltd.,https://www.moneycontrol.com/india/stockpricequote/miscellaneous/vrwoodarts/VRW01
3,V-Guard Industries Ltd.,https://www.moneycontrol.com/india/stockpricequote/electricequipment/vguardindustries/VI02
4,V-Marc India Ltd.,https://www.moneycontrol.com/india/stockpricequote/cables/vmarcindia/VI23
5,V-Mart Retail Ltd.,https://www.moneycontrol.com/india/stockpricequote/retail/vmartretail/VR03
6,V2 Retail Ltd.,https://www.moneycontrol.com/india/stockpricequote/retail/v2retail/VR02
7,Va Tech Wabag Ltd.,https://www.moneycontrol.com/india/stockpricequote/infrastructuregeneral/vatechwabag/VTW
8,Vaarad Ventures Ltd.,https://www.moneycontrol.com/india/stockpricequote/financeinvestments/vaaradventures/AC25
9,Vadilal Dairy International Ltd.,https://www.moneycontrol.com/india/stockpricequote/foodprocessing/vadilaldairyinternational/VDI
10,Vadilal Enterprises Ltd.,https://www.moneycontrol.com/india/stockpricequote/foodprocessing/vadilalenterprises/VE
11,Vadilal Financial Services Ltd.,https://www.moneycontrol.com/india/stockpricequote/financeinvestments/vadilalfinancialservices/VFS
12,Vadilal Industries Ltd.,https://www.moneycontrol.com/india/stockpricequote/foodprocessing/vadilalindustries/VI01
13,Vadivarhe Speciality Chemicals Ltd.,https://www.moneycontrol.com/india/stockpricequote/chemicals/vadivarhespecialitychemicals/VSC04
14,Vafa Agro Ltd.,https://www.moneycontrol.com/india/stockpricequote/foodprocessing/vafaagro/VA01
15,Vaghani Techno-Build Ltd.,https://www.moneycontrol.com/india/stockpricequote/foodprocessing/vaghanitechnobuild/VTB
16,Vaibhav Global Ltd.,https://www.moneycontrol.com/india/stockpricequote/retail/vaibhavglobal/VG02
17,Vaidya Sane Ayurved Laboratories Ltd.,https://www.moneycontrol.com/india/stockpricequote/pharmaceuticalsdrugs/vaidyasaneayurvedlaboratories/VSA
18,Vaishali Pharma Ltd.,https://www.moneycontrol.com/india/stockpricequote/pharmaceuticals/vaishalipharma/VP01
19,Vaishnavi Gold Ltd.,https://www.moneycontrol.com/india/stockpricequote/diamondcuttingjewellerypreciousmetals/vaishnavigold/MM08
20,Vaishno Cement Company Ltd.,https://www.moneycontrol.com/india/stockpricequote/cementmini/vaishnocementcompany/VCC
21,Vakrangee Ltd.,https://www.moneycontrol.com/india/stockpricequote/computerssoftwaremediumsmall/vakrangee/VS
22,Vaksons Automobiles Ltd.,https://www.moneycontrol.com/india/stockpricequote/trading/vaksonsautomobiles/VA
23,Valecha Engineering Ltd.,https://www.moneycontrol.com/india/stockpricequote/constructioncontractingcivil/valechaengineering/VE06
24,Valiant Communications. Ltd.,https://www.moneycontrol.com/india/stockpricequote/telecommunicationsequipment/valiantcommunications/VC01
25,Valiant Organics Ltd.,https://www.moneycontrol.com/india/stockpricequote/chemicals/valiantorganics/VO03
26,Vallabh Poly Plast International Ltd.,https://www.moneycontrol.com/india/stockpricequote/packaging/vallabhpolyplastinternational/VPP
27,Vallabh Steels Ltd.,https://www.moneycontrol.com/india/stockpricequote/steeltubespipes/vallabhsteels/VS13
28,Valley Abrasives Ltd.,https://www.moneycontrol.com/india/stockpricequote/abrasives/valleyabrasives/VA02
29,Valley Magnesite Company  Ltd.,https://www.moneycontrol.com/india/stockpricequote/financeinvestments/valleymagnesitecompany/VMC
30,Valplus Biotech Ltd.,https://www.moneycontrol.com/india/stockpricequote/miscellaneous/valplusbiotech/VB02
31,Valson Industries Ltd.,https://www.moneycontrol.com/india/stockpricequote/textilesprocessing/valsonindustries/VIL02
32,Value Industries Ltd.,https://www.moneycontrol.com/india/stockpricequote/consumergoodswhitegoods/valueindustries/VI20
33,Valuemart Retail Solutions Ltd.,https://www.moneycontrol.com/india/stockpricequote/financeinvestments/valuemartretailsolutions/RPI05
34,Valuemart Info Technologies Ltd.,https://www.moneycontrol.com/india/stockpricequote/computerssoftwaremediumsmall/valuemartinfotechnologies/VIT
35,Vama Industries Ltd.,https://www.moneycontrol.com/india/stockpricequote/miscellaneous/vamaindustries/VI17
36,,
37,Vanasthali Textile Industries Ltd.,https://www.moneycontrol.com/india/stockpricequote/textilesterrytowels/vanasthalitextileindustries/VTI
38,Vanavil Dyes and Chemicals Ltd.,https://www.moneycontrol.com/india/stockpricequote/dyespigments/vanavildyeschemicals/VDC
39,Vandana Knitwear Ltd.,https://www.moneycontrol.com/india/stockpricequote/textileshosieryknitwear/vandanaknitwear/TK
40,Vani Commercials Ltd.,https://www.moneycontrol.com/india/stockpricequote/financetermlendinginstitutions/vanicommercials/VC19
41,Vanta Bioscience Ltd.,https://www.moneycontrol.com/india/stockpricequote/miscellaneous/vantabioscience/VB06
42,Vantage Knowledge Academy Ltd.,https://www.moneycontrol.com/india/stockpricequote/computerssoftwaretraining/vantageknowledgeacademylimited/VKA
43,Vantech Industries. Ltd.,https://www.moneycontrol.com/india/stockpricequote/pesticidesagrochemicals/vantechindustries/VI03
44,Vantel Technologies Ltd.,https://www.moneycontrol.com/india/stockpricequote/computerssoftwaremediumsmall/vanteltechnologies/VT07
45,Vapi Paper Mills Ltd.,https://www.moneycontrol.com/india/stockpricequote/paper/vapipapermills/VPM
46,Varahi Diamonds Ltd.,https://www.moneycontrol.com/india/stockpricequote/diamondcuttingjewellerypreciousmetals/varahidiamonds/VDL
47,Varanium Cloud Ltd.,https://www.moneycontrol.com/india/stockpricequote/itservicesconsulting/varaniumcloud/VC10
48,Vardhaman Wires & Polymers Ltd.,https://www.moneycontrol.com/india/stockpricequote/miningminerals/vardhamanwirespolymers/VWP
49,Vardhman Acrylics Ltd.,https://www.moneycontrol.com/india/stockpricequote/textilesmanmade/vardhmanacrylics/VA08
50,Vardhman Concrete Ltd.,https://www.moneycontrol.com/india/stockpricequote/cementmini/vardhmanconcrete/SI52
51,Vardhman Holdings Ltd.,https://www.moneycontrol.com/india/stockpricequote/financeinvestments/vardhmanholdings/VH05
52,Vardhman Industries Ltd.,https://www.moneycontrol.com/india/stockpricequote/steelgpgcsheets/vardhmanindustries/VI04
53,Vardhman Lab Ltd.,https://www.moneycontrol.com/india/stockpricequote/pharmaceuticals/vardhmanlab/VL
54,Vardhman Polytex Ltd.,https://www.moneycontrol.com/india/stockpricequote/textilesspinningcottonblended/vardhmanpolytex/VP09
55,Vardhman Special Steels Ltd.,https://www.moneycontrol.com/india/stockpricequote/steelmediumsmall/vardhmanspecialsteels/VSS01
56,Vardhman Textiles Ltd.,https://www.moneycontrol.com/india/stockpricequote/textilesspinningcottonblended/vardhmantextiles/VT10
57,Variman Global Enterprises Ltd.,https://www.moneycontrol.com/india/stockpricequote/constructioncontractingcivil/varimanglobalenterprises/SFI04
58,Varinder Agro Chemicals Ltd.,https://www.moneycontrol.com/india/stockpricequote/chemicals/varinderagrochemicals/VAC
59,Varroc Engineering Ltd.,https://www.moneycontrol.com/india/stockpricequote/engineeringheavy/varrocengineering/VE08
60,Varun Beverages Ltd.,https://www.moneycontrol.com/india/stockpricequote/foodprocessing/varunbeverages/VB05
61,Varun Cements Ltd.,https://www.moneycontrol.com/india/stockpricequote/cementmini/varuncements/VC02
62,Varun Industries Ltd.,https://www.moneycontrol.com/india/stockpricequote/steelmediumsmall/varunindustries/VI13
63,Varun Mercantile Ltd.,https://www.moneycontrol.com/india/stockpricequote/trading/varunmercantile/VML
64,Varun Polymol Organics Ltd.,https://www.moneycontrol.com/india/stockpricequote/pesticidesagrochemicals/varunpolymolorganics/VPO
65,Varun Seacon Ltd.,https://www.moneycontrol.com/india/stockpricequote/miscellaneous/varunseacon/VS02
66,Varun Shipping Company Ltd.,https://www.moneycontrol.com/india/stockpricequote/shipping/varunshippingcompany/VSC
67,Varuna Agroproteins Ltd.,https://www.moneycontrol.com/india/stockpricequote/edibleoilssolventextraction/varunaagroproteins/VA03
68,Vas Infrastructure Ltd.,https://www.moneycontrol.com/india/stockpricequote/constructioncontractingrealestate/vasinfrastructure/VI19
69,Vasa Denticity Ltd.,https://www.moneycontrol.com/india/stockpricequote/miscellaneous/vasadenticity/VD02
70,Vasa Retail and Overseas Ltd.,https://www.moneycontrol.com/india/stockpricequote/miscellaneous/vasaretailoverseaslimited/VRO
71,Vascon Engineers Ltd.,https://www.moneycontrol.com/india/stockpricequote/vasconengineer/vasconengineers/VE01
72,Vashisti Detergents Ltd.,https://www.moneycontrol.com/india/stockpricequote/detergents/vashistidetergents/VD
73,Vasudhagama Enterprises Ltd.,https://www.moneycontrol.com/india/stockpricequote/miscellaneous/vasudhagamaenterprises/OW
74,Vasundhara Rasayans Ltd.,https://www.moneycontrol.com/india/stockpricequote/pharmaceuticals/vasundhararasayans/VR04
75,Vaswani Industries Ltd.,https://www.moneycontrol.com/india/stockpricequote/steelspongeiron/vaswaniindustries/VI14
76,Vatsa Corporation Ltd.,https://www.moneycontrol.com/india/stockpricequote/financeinvestments/vatsacorporation/VC04
77,Vatsa Education Ltd.,https://www.moneycontrol.com/india/stockpricequote/financeinvestments/vatsaeducation/VE07
78,Vatsa Music Ltd.,https://www.moneycontrol.com/india/stockpricequote/mediaentertainment/vatsamusic/VM05
79,Vaxtex Cotfab Ltd.,https://www.moneycontrol.com/india/stockpricequote/vaxtex/vaxtexcotfab/VC03
80,VB Desai Finance Ltd.,https://www.moneycontrol.com/india/stockpricequote/financeleasinghirepurchase/vbdesaifinance/VBD
81,VBC Ferro Alloys Ltd.,https://www.moneycontrol.com/india/stockpricequote/miningminerals/vbcferroalloys/VBC
82,VBC Industries  Ltd.,https://www.moneycontrol.com/india/stockpricequote/miscellaneous/vbcindustries/VBC02
83,Vardhan Capital & Finance Limi Ltd.,https://www.moneycontrol.com/india/stockpricequote/miscellaneous/vardhancapitalfinancelimi/VARDH54293
84,VCCL Ltd.,https://www.moneycontrol.com/india/stockpricequote/auto23wheelers/vccl/VCC05
85,VCK Capital Market Services Ltd.,https://www.moneycontrol.com/india/stockpricequote/financeinvestments/vckcapitalmarketservices/VCK
86,VCU Data Management Ltd.,https://www.moneycontrol.com/india/stockpricequote/miscellaneous/vcudatamanagement/VDM01
87,Vikas EcoTech PP Ltd.,https://www.moneycontrol.com/india/stockpricequote/chemicals/vikasecotechpp/VEP
88,Vedant Asset Ltd.,https://www.moneycontrol.com/india/stockpricequote/miscellaneous/vedantasset/VA10
89,Vedant Fashions Ltd.,https://www.moneycontrol.com/india/stockpricequote/retailing/vedantfashions/VF04
90,Vedanta Ltd.,https://www.moneycontrol.com/india/stockpricequote/miningminerals/vedanta/SG
91,VEDAVAAG Systems Ltd.,https://www.moneycontrol.com/india/stockpricequote/computerssoftwaremediumsmall/vedavaagsystems/SSI15
92,Vedvyas Cements Ltd.,https://www.moneycontrol.com/india/stockpricequote/cementmini/vedvyascements/VC05
93,Vee Kay Fibres Ltd.,https://www.moneycontrol.com/india/stockpricequote/textileswoollenworsted/veekayfibres/VKF
94,Veefin Solutions Ltd.,https://www.moneycontrol.com/india/stockpricequote/miscellaneous/veefinsolutions/VS06
95,Veejay Lakshmi Engineering Works Ltd.,https://www.moneycontrol.com/india/stockpricequote/textilesmachinery/veejaylakshmiengineeringworks/VLE
96,Veekayem Fashion and Apparels Ltd.,https://www.moneycontrol.com/india/stockpricequote/textilesapparel/veekayemfashionapparels/VFA
97,Veena Textiles Ltd.,https://www.moneycontrol.com/india/stockpricequote/textilesweaving/veenatextiles/VT
98,Veer Global Infraconstruction Ltd.,https://www.moneycontrol.com/india/stockpricequote/constructionresidentialcommercialcomplexes/veerglobalinfraconstruction/VGI02
99,Veer Energy and Infrastructure Ltd.,https://www.moneycontrol.com/india/stockpricequote/constructioncontractingcivil/veerenergyinfrastructure/VEI
100,Veeram Securities Ltd.,https://www.moneycontrol.com/india/stockpricequote/miscellaneous/veeramsecurities/VO06
101,Veer Global Infraconstruction RE Ltd.,https://www.moneycontrol.com/india/stockpricequote/otherconstructionmaterials/veerglobalinfraconstructionre/VGI03
102,Veerhealth Care Ltd.,https://www.moneycontrol.com/india/stockpricequote/pharmaceuticals/veerhealthcare/NI08
103,Veerkrupa Jewellers Ltd.,https://www.moneycontrol.com/india/stockpricequote/diamondjewellery/veerkrupajewellers/VJ
104,Vegepro Foods and Feeds Ltd.,https://www.moneycontrol.com/india/stockpricequote/edibleoilssolventextraction/vegeprofoodsfeeds/VFF
105,Vaxfab Enterprises Ltd.,https://www.moneycontrol.com/india/stockpricequote/vel/vaxfabenterprises/ELLOR54280
106,Vaxfab Enterprises RE Ltd.,https://www.moneycontrol.com/india/stockpricequote/miscellaneous/vaxfabenterprisesre/VER03
107,Velan Hotels Ltd.,https://www.moneycontrol.com/india/stockpricequote/hotels/velanhotels/VH01
108,Veljan Denison Ltd.,https://www.moneycontrol.com/india/stockpricequote/compressors/veljandenison/DHI
109,VELOX INDUSTRIES Ltd.,https://www.moneycontrol.com/india/stockpricequote/trading/veloxindustries/KEL02
110,Vels Film International Ltd.,https://www.moneycontrol.com/india/stockpricequote/miscellaneous/velsfilminternational/VFI01
111,Velvette International Pharma Products Ltd.,https://www.moneycontrol.com/india/stockpricequote/personalcare/velvetteinternationalpharmaproducts/VIP01
112,Venkat Pharma Ltd.,https://www.moneycontrol.com/india/stockpricequote/pharmaceuticals/venkatpharma/VP08
113,Venkataramana Hotels Ltd.,https://www.moneycontrol.com/india/stockpricequote/hotels/venkataramanahotels/VHL
114,Shri Venkatesh Refineries Ltd.,https://www.moneycontrol.com/india/stockpricequote/refineries/shrivenkateshrefineries/SVR
115,Venkys Ltd.,https://www.moneycontrol.com/india/stockpricequote/miscellaneous/venkys/V03
116,Venlon Polyester Film Ltd.,https://www.moneycontrol.com/india/stockpricequote/packaging/venlonpolyesterfilm/VPF
117,Venmax Drugs and Pharmaceuticals Ltd.,https://www.moneycontrol.com/india/stockpricequote/pharmaceuticals/venmaxdrugspharmaceuticals/YDP
118,Ventron Polymers Ltd.,https://www.moneycontrol.com/india/stockpricequote/petrochemicals/ventronpolymers/VP05
119,Ventura Guaranty Ltd.,https://www.moneycontrol.com/india/stockpricequote/financeinvestments/venturaguaranty/VG
120,Ventura Textiles Corporation Ltd.,https://www.moneycontrol.com/india/stockpricequote/textilesweaving/venturatextilescorporation/VTC
121,Venus Pipes and Tubes Ltd.,https://www.moneycontrol.com/india/stockpricequote/ironsteel/venuspipestubes/VPT01
122,Venus Power Ventures (India) Ltd.,https://www.moneycontrol.com/india/stockpricequote/constructioncontractingcivil/venuspowerventuresindia/VV
123,Venus Remedies Ltd.,https://www.moneycontrol.com/india/stockpricequote/pharmaceuticals/venusremedies/VR01
124,Venus Sugar Ltd.,https://www.moneycontrol.com/india/stockpricequote/sugar/venussugar/VS03
125,Venus Universal Ltd.,https://www.moneycontrol.com/india/stockpricequote/computerssoftwaremediumsmall/venusuniversal/VU
126,Vera Synthetic Ltd.,https://www.moneycontrol.com/india/stockpricequote/textilesgeneral/verasynthetic/VS01
127,Veranda Learning Solutions Ltd.,https://www.moneycontrol.com/india/stockpricequote/educationalinstitutions/verandalearningsolutions/VLS01
128,Vergola India Ltd.,https://www.moneycontrol.com/india/stockpricequote/miscellaneous/vergolaindia/VI05
129,Veritas Ltd.,https://www.moneycontrol.com/india/stockpricequote/engineering/veritas/V05
130,Vermani Steel Strips Ltd.,https://www.moneycontrol.com/india/stockpricequote/steelmediumsmall/vermanisteelstrips/VSS
131,Veronica Lab Ltd.,https://www.moneycontrol.com/india/stockpricequote/pharmaceuticals/veronicalab/VL01
132,Veronica Production Ltd.,https://www.moneycontrol.com/india/stockpricequote/chemicals/veronicaproduction/DC09
133,Vertex Securities Ltd.,https://www.moneycontrol.com/india/stockpricequote/financeinvestments/vertexsecurities/VS12
134,Vertex Spinning Ltd.,https://www.moneycontrol.com/india/stockpricequote/textilesspinningcottonblended/vertexspinning/VS16
135,Vertexplus Technologies Ltd.,https://www.moneycontrol.com/india/stockpricequote/miscellaneous/vertexplustechnologies/VT09
136,Vertical Industries Ltd.,https://www.moneycontrol.com/india/stockpricequote/ceramicsgranite/verticalindustries/LMG
137,Vertoz Advertising Ltd.,https://www.moneycontrol.com/india/stockpricequote/vertozadvertis/vertozadvertising/VA09
138,Vesuvius India Ltd.,https://www.moneycontrol.com/india/stockpricequote/cementproductsbuildingmaterials/vesuviusindia/VI06
139,Veto Switchgears and Cables Ltd.,https://www.moneycontrol.com/india/stockpricequote/electricequipment/vetoswitchgearscables/VSC01
140,VGP Finances Ltd.,https://www.moneycontrol.com/india/stockpricequote/financeleasinghirepurchase/vgpfinances/VGP
141,VHCL Industries Ltd.,https://www.moneycontrol.com/india/stockpricequote/electrodesgraphite/vhclindustries/JW
142,VHEL Industries Ltd.,https://www.moneycontrol.com/india/stockpricequote/electricals/vhelindustries/VHE
143,Via Media India Ltd.,https://www.moneycontrol.com/india/stockpricequote/mediaentertainment/viamediaindia/VMI
144,Viaan Industries Ltd.,https://www.moneycontrol.com/india/stockpricequote/domesticappliances/viaanindustries/HSG01
145,Viaz Tyres Ltd.,https://www.moneycontrol.com/india/stockpricequote/miscellaneous/viaztyres/VT01
146,Vibrant Global Capital Ltd.,https://www.moneycontrol.com/india/stockpricequote/financeinvestments/vibrantglobalcapital/VGC
147,Vibrant Investment and Properties Ltd.,https://www.moneycontrol.com/india/stockpricequote/constructioncontractingcivil/vibrantinvestmentproperties/VIP02
148,Vibros Organics Ltd.,https://www.moneycontrol.com/india/stockpricequote/chemicals/vibrosorganics/VO
149,Viceroy Hotels Ltd.,https://www.moneycontrol.com/india/stockpricequote/hotels/viceroyhotels/VH04
150,Vickers Systems International Ltd.,https://www.moneycontrol.com/india/stockpricequote/pumps/vickerssystemsinternational/VSI
151,Victoria Enterprises . Ltd.,https://www.moneycontrol.com/india/stockpricequote/financeinvestments/victoriaenterprises/VEL
152,Victoria Mills Ltd.,https://www.moneycontrol.com/india/stockpricequote/textilescompositemills/victoriamills/VM01
153,Victory Glass and Industries Ltd.,https://www.moneycontrol.com/india/stockpricequote/glassglassproducts/victoryglassindustries/VGI
154,Vidarbha Paper Mills Ltd.,https://www.moneycontrol.com/india/stockpricequote/paper/vidarbhapapermills/VPM01
155,Videocon Industries Ltd.,https://www.moneycontrol.com/india/stockpricequote/consumergoodselectronic/videoconindustries/VLF
156,Videocon International Ltd.,https://www.moneycontrol.com/india/stockpricequote/consumergoodselectronic/videoconinternational/VI
157,Videocon Narmada Electronics Ltd.,https://www.moneycontrol.com/india/stockpricequote/glassglassproducts/videoconnarmadaelectronics/VNE
158,Vidharbha Iron and Steel Corporation Ltd.,https://www.moneycontrol.com/india/stockpricequote/steelmediumsmall/vidharbhaironsteelcorporation/VIS
159,Vidhi Industries Ltd.,https://www.moneycontrol.com/india/stockpricequote/paper/vidhiindustries/VI07
160,Vidhi Specialty Food Ingredients Ltd.,https://www.moneycontrol.com/india/stockpricequote/dyespigments/vidhispecialtyfoodingredients/VDM
161,Vidiani Agrotech Indsutries Ltd.,https://www.moneycontrol.com/india/stockpricequote/foodprocessing/vidianiagrotechindsutries/VAI
162,Vidiani Engineers Ltd.,https://www.moneycontrol.com/india/stockpricequote/engineering/vidianiengineers/VE02
163,VIDLI Restaurants Ltd.,https://www.moneycontrol.com/india/stockpricequote/hotels/vidlirestaurants/VR05
164,Vidli Restaurants RE Ltd.,https://www.moneycontrol.com/india/stockpricequote/foodprocessing/vidlirestaurantsre/VRR
165,Vif Airways Ltd.,https://www.moneycontrol.com/india/stockpricequote/transportlogistics/vifairways/VA07
166,Vigneshwara Exports Ltd.,https://www.moneycontrol.com/india/stockpricequote/textilesspinningcottonblended/vigneshwaraexports/VE8
167,Vijay Industries and Projects Ltd.,https://www.moneycontrol.com/india/stockpricequote/miscellaneous/vijayindustriesprojects/VIP03
168,Vijay Remedies Ltd.,https://www.moneycontrol.com/india/stockpricequote/pesticidesagrochemicals/vijayremedies/VRL
169,Vijay Shanthi Builders Ltd.,https://www.moneycontrol.com/india/stockpricequote/constructioncontractinghousing/vijayshanthibuilders/VSB
170,Vijay Shanthi Finance Ltd.,https://www.moneycontrol.com/india/stockpricequote/financeleasinghirepurchase/vijayshanthifinance/VSF01
171,Vijay Solvex Ltd.,https://www.moneycontrol.com/india/stockpricequote/edibleoilssolventextraction/vijaysolvex/VS04
172,Vijay Textiles Ltd.,https://www.moneycontrol.com/india/stockpricequote/textilesprocessing/vijaytextiles/VT08
173,Vijaya Bank,https://www.moneycontrol.com/india/stockpricequote/bankspublicsector/vijayabank/VB03
174,Vijaya Commercial Credit Ltd.,https://www.moneycontrol.com/india/stockpricequote/financeleasinghirepurchase/vijayacommercialcredit/VCC02
175,Vijaya Diagnostic Centre Ltd.,https://www.moneycontrol.com/india/stockpricequote/hospitalhealthcareservices/vijayadiagnosticcentre/VDC01
176,Vijaya Leasing Ltd.,https://www.moneycontrol.com/india/stockpricequote/financeleasinghirepurchase/vijayaleasing/VL02
177,Vijayakumar Mills Ltd.,https://www.moneycontrol.com/india/stockpricequote/textilescompositemills/vijayakumarmills/VML01
178,Vijayshree Capital and Finance. Ltd.,https://www.moneycontrol.com/india/stockpricequote/financeinvestments/vijayshreecapitalfinance/VCF
179,Vijayshree Chemicals (India) Ltd.,https://www.moneycontrol.com/india/stockpricequote/chemicals/vijayshreechemicalsindia/VCI01
180,Viji Finance Ltd.,https://www.moneycontrol.com/india/stockpricequote/financegeneral/vijifinance/VF08
181,Vijra Bearings Ltd.,https://www.moneycontrol.com/india/stockpricequote/bearings/vijrabearings/VB01
182,Vikalp Securities Ltd.,https://www.moneycontrol.com/india/stockpricequote/vikalpsec/vikalpsecurities/VS05
183,Vikas EcoTech RE1 Ltd.,https://www.moneycontrol.com/india/stockpricequote/chemicals/vikasecotechre1/VER02
184,Vikas EcoTech RE Ltd.,https://www.moneycontrol.com/india/stockpricequote/chemicals/vikasecotechre/VER01
185,Vikas Ecotech Ltd.,https://www.moneycontrol.com/india/stockpricequote/chemicals/vikasecotech/VGO01
186,Vikas Lifecare Ltd.,https://www.moneycontrol.com/india/stockpricequote/miscellaneous/vikaslifecare/VIKAS54265
187,Vikas Lifecare RE Ltd.,https://www.moneycontrol.com/india/stockpricequote/miscellaneous/vikaslifecarere/VLR
188,Vikas Proppant & Granite Ltd.,https://www.moneycontrol.com/india/stockpricequote/foodprocessing/vikasproppantgranite/AD03
189,Vikas WSP Ltd.,https://www.moneycontrol.com/india/stockpricequote/chemicals/vikaswsp/VWS
190,Vikash Metal & Power Ltd.,https://www.moneycontrol.com/india/stockpricequote/steelspongeiron/vikashmetalpower/VMP
191,Vikram Projects Ltd.,https://www.moneycontrol.com/india/stockpricequote/engineering/vikramprojects/VP02
192,Vikram Software Ltd.,https://www.moneycontrol.com/india/stockpricequote/computerssoftwaremediumsmall/vikramsoftware/VS14
193,Vikram Thermo India Ltd.,https://www.moneycontrol.com/india/stockpricequote/pharmaceuticals/vikramthermoindia/VTI03
194,Vikrant Tyres Ltd.,https://www.moneycontrol.com/india/stockpricequote/tyres/vikranttyres/VT02
195,Viksit Eng Ltd.,https://www.moneycontrol.com/india/stockpricequote/engineering/viksiteng/VE05
196,Vilin Bio Med Ltd.,https://www.moneycontrol.com/india/stockpricequote/miscellaneous/vilinbiomed/VBM
197,Vimal Oil and Foods Ltd.,https://www.moneycontrol.com/india/stockpricequote/personalcare/vimaloilfoods/VOF01
198,Vimal Oils and Foods Ltd.,https://www.moneycontrol.com/india/stockpricequote/edibleoilssolventextraction/vimaloilsfoods/VOF
199,Vimta Labs Ltd.,https://www.moneycontrol.com/india/stockpricequote/miscellaneous/vimtalabs/VL04
200,Vinati Organics Ltd.,https://www.moneycontrol.com/india/stockpricequote/chemicals/vinatiorganics/VO01
201,Vinay Cements Ltd.,https://www.moneycontrol.com/india/stockpricequote/cementmini/vinaycements/VCL
202,Vinayak Industries Ltd.,https://www.moneycontrol.com/india/stockpricequote/leatherproducts/vinayakindustries/VIL
203,Vinayak Polycon International Ltd.,https://www.moneycontrol.com/india/stockpricequote/vinayakpolycon/vinayakpolyconinternational/VPI02
204,Vinayak Vanijya Ltd.,https://www.moneycontrol.com/india/stockpricequote/financeinvestments/vinayakvanijya/VVL
205,Vintage Coffee And Beverages RE Ltd.,https://www.moneycontrol.com/india/stockpricequote/miscellaneous/vintagecoffeeandbeveragesre/VCA
206,Vindhya Telelink Ltd.,https://www.moneycontrol.com/india/stockpricequote/cablestelephone/vindhyatelelink/VT03
207,Vineet Laboratories Ltd.,https://www.moneycontrol.com/india/stockpricequote/vineetlab/vineetlaboratories/VL06
208,Viniyoga Clothex Ltd.,https://www.moneycontrol.com/india/stockpricequote/textileshosieryknitwear/viniyogaclothex/VC06
209,Vinny Overseas Ltd.,https://www.moneycontrol.com/india/stockpricequote/vinnyoverseas/vinnyoverseas/VO04
210,Vinsari Fruitech Ltd.,https://www.moneycontrol.com/india/stockpricequote/foodprocessing/vinsarifruitech/VF07
211,Vintage Cards and Creations Ltd.,https://www.moneycontrol.com/india/stockpricequote/printingstationery/vintagecardscreations/VCC04
212,Vintage Coffee and Beverages Ltd.,https://www.moneycontrol.com/india/stockpricequote/miscellaneous/vintagecoffeebeverages/SP41
213,Vintage Food Ltd.,https://www.moneycontrol.com/india/stockpricequote/foodprocessing/vintagefood/VF05
214,Vintage Securities Ltd.,https://www.moneycontrol.com/india/stockpricequote/financeinvestments/vintagesecurities/VS07
215,Vintek RF Products Ltd.,https://www.moneycontrol.com/india/stockpricequote/telecommunicationsequipment/vintekrfproducts/VRF
216,Vintron Informatics Ltd.,https://www.moneycontrol.com/india/stockpricequote/vintroninfo/vintroninformatics/VI08
217,Vinyl Chemicals (India) Ltd.,https://www.moneycontrol.com/india/stockpricequote/chemicals/vinylchemicalsindia/VCI02
218,Vinyoflex Ltd.,https://www.moneycontrol.com/india/stockpricequote/plastics/vinyoflex/V01
219,VIP Clothing Ltd.,https://www.moneycontrol.com/india/stockpricequote/textilesreadymadeapparels/vipclothing/MI53
220,VIP Industries Ltd.,https://www.moneycontrol.com/india/stockpricequote/vipindustries/vipindustries/VIP
221,Vippy Industries Ltd.,https://www.moneycontrol.com/india/stockpricequote/edibleoilssolventextraction/vippyindustries/VI09
222,Vippy Spinpro Ltd.,https://www.moneycontrol.com/india/stockpricequote/textilesspinningcottonblended/vippyspinpro/VS08
223,Vipras Corporation Ltd.,https://www.moneycontrol.com/india/stockpricequote/castingsforgings/viprascorporation/VC
224,Vipul Ltd.,https://www.moneycontrol.com/india/stockpricequote/constructioncontractingrealestate/vipul/V04
225,Vipul Organics Ltd.,https://www.moneycontrol.com/india/stockpricequote/dyespigments/vipulorganics/VD01
226,Vipul Securities Ltd.,https://www.moneycontrol.com/india/stockpricequote/financeinvestments/vipulsecurities/VSL02
227,Vir Developers Ltd.,https://www.moneycontrol.com/india/stockpricequote/constructioncontractingcivil/virdevelopers/VDL01
228,Viraj Alloys Ltd.,https://www.moneycontrol.com/india/stockpricequote/steelmediumsmall/virajalloys/VA04
229,Viraj Forgings Ltd.,https://www.moneycontrol.com/india/stockpricequote/castingsforgings/virajforgings/VF06
230,Viral Filaments Ltd.,https://www.moneycontrol.com/india/stockpricequote/textilesmanmade/viralfilaments/VF
231,Viral Syntex Ltd.,https://www.moneycontrol.com/india/stockpricequote/textileshosieryknitwear/viralsyntex/VS09
232,Virat Crane Industries Ltd.,https://www.moneycontrol.com/india/stockpricequote/foodprocessing/viratcraneindustries/VCI03
233,Virat Industries Ltd.,https://www.moneycontrol.com/india/stockpricequote/textileshosieryknitwear/viratindustries/VI10
234,Virat Leasing Ltd.,https://www.moneycontrol.com/india/stockpricequote/financeinvestments/viratleasing/VL08
235,VIRESCENT Ltd.,https://www.moneycontrol.com/india/stockpricequote/miscellaneous/virescent/VIRES5920
236,Virgo Global  Ltd.,https://www.moneycontrol.com/india/stockpricequote/computerssoftwaremediumsmall/virgoglobal/OM
237,Virgo Polymers (India) Ltd.,https://www.moneycontrol.com/india/stockpricequote/packaging/virgopolymersindia/VPI
238,Virinchi  Ltd.,https://www.moneycontrol.com/india/stockpricequote/computerssoftwaremediumsmall/virinchi/VT11
239,Virtual Dynamics Software Ltd.,https://www.moneycontrol.com/india/stockpricequote/computerssoftwaremediumsmall/virtualdynamicssoftware/VDS
240,Virtual Global Education Ltd.,https://www.moneycontrol.com/india/stockpricequote/computerssoftwaretraining/virtualglobaleducation/VGE
241,Virtuoso Optoelectronics Ltd.,https://www.moneycontrol.com/india/stockpricequote/virtuosooptoel/virtuosooptoelectronics/VO05
242,VIRYA RESOURCES Ltd.,https://www.moneycontrol.com/india/stockpricequote/viryaresources/viryaresources/GTP
243,Visa Steel Ltd.,https://www.moneycontrol.com/india/stockpricequote/steellarge/visasteel/VS15
244,Visagar Financial Services Ltd.,https://www.moneycontrol.com/india/stockpricequote/financeleasinghirepurchase/visagarfinancialservices/IF
245,Visagar Polytex Ltd.,https://www.moneycontrol.com/india/stockpricequote/textilesreadymadeapparels/visagarpolytex/VP10
246,Visagar Financial Services RE Ltd.,https://www.moneycontrol.com/india/stockpricequote/financenbfc/visagarfinancialservicesre/VFS01
247,Visaka Industries Ltd.,https://www.moneycontrol.com/india/stockpricequote/cementproductsbuildingmaterials/visakaindustries/VI11
248,Visakha Aqua Farms Ltd.,https://www.moneycontrol.com/india/stockpricequote/aquaculture/visakhaaquafarms/VAF
249,Visco Trade Associates Ltd.,https://www.moneycontrol.com/india/stockpricequote/viscotradeass/viscotradeassociates/VTA
250,Visesh Infotechnics Ltd.,https://www.moneycontrol.com/india/stockpricequote/computerssoftwaremediumsmall/viseshinfotechnics/VI15
251,Vishal Bearings Ltd.,https://www.moneycontrol.com/india/stockpricequote/bearings/vishalbearings/VB
252,Vishal Chairs Ltd.,https://www.moneycontrol.com/india/stockpricequote/plastics/vishalchairs/VC07
253,Vishal Exports Overseas Ltd.,https://www.moneycontrol.com/india/stockpricequote/trading/vishalexportsoverseas/VEO
254,Vishal Fabrics Ltd.,https://www.moneycontrol.com/india/stockpricequote/textilesspinningcottonblended/vishalfabrics/VF01
255,Vishal Footwear Ltd.,https://www.moneycontrol.com/india/stockpricequote/leatherproducts/vishalfootwear/VF02
256,Vishal Latko (India) Ltd.,https://www.moneycontrol.com/india/stockpricequote/foodprocessing/vishallatkoindia/VLI
257,Vishal Malleables Ltd.,https://www.moneycontrol.com/india/stockpricequote/castingsforgings/vishalmalleables/VM02
258,Vishal Papertech (India) Ltd.,https://www.moneycontrol.com/india/stockpricequote/paper/vishalpapertechindia/VPI01
259,Vishnu Chemicals Ltd.,https://www.moneycontrol.com/india/stockpricequote/chemicals/vishnuchemicals/VC17
260,Vishnu Sugar Mills Ltd.,https://www.moneycontrol.com/india/stockpricequote/sugar/vishnusugarmills/VSM
261,Vishnupriya Agro Industries Ltd.,https://www.moneycontrol.com/india/stockpricequote/miscellaneous/vishnupriyaagroindustries/VAI01
262,Vishva Electronics. Ltd.,https://www.moneycontrol.com/india/stockpricequote/consumergoodselectronic/vishvaelectronics/VE03
263,Vishva Vishal Engineering Ltd.,https://www.moneycontrol.com/india/stockpricequote/hotels/vishvavishalengineering/VVE
264,Vishvakirti Investment Ltd.,https://www.moneycontrol.com/india/stockpricequote/financeinvestments/vishvakirtiinvestment/VIL01
265,Vishvaprabha Ventures Ltd.,https://www.moneycontrol.com/india/stockpricequote/vishvaprabha/vishvaprabhaventures/VT05
266,KD Leisures Ltd.,https://www.moneycontrol.com/india/stockpricequote/vishveshaminve/kdleisures/VIT03
267,Vishvjyoti Trading Ltd.,https://www.moneycontrol.com/india/stockpricequote/miscellaneous/vishvjyotitrading/VTL01
268,Vishvprabha Ventures RE Ltd.,https://www.moneycontrol.com/india/stockpricequote/financeinvestment/vishvprabhaventuresre/VVR
269,Vishwakarma Cements Ltd.,https://www.moneycontrol.com/india/stockpricequote/cementmini/vishwakarmacements/VC08
270,Vishwamitra Financial Services Ltd.,https://www.moneycontrol.com/india/stockpricequote/financeleasinghirepurchase/vishwamitrafinancialservices/BBF
271,Vishwaraj Sugar Industries Ltd.,https://www.moneycontrol.com/india/stockpricequote/sugar/vishwarajsugarindustries/VSI01
272,Vishwas Steels Ltd.,https://www.moneycontrol.com/india/stockpricequote/steelmediumsmall/vishwassteels/VS10
273,Visie Cyber Tech Ltd.,https://www.moneycontrol.com/india/stockpricequote/computerssoftwaremediumsmall/visiecybertech/VCT
274,Vision Cinemas Ltd.,https://www.moneycontrol.com/india/stockpricequote/mediaentertainment/visioncinemas/VTI01
275,Vision Corporation Ltd.,https://www.moneycontrol.com/india/stockpricequote/mediaentertainment/visioncorporation/VC18
276,Vision Organics Ltd.,https://www.moneycontrol.com/india/stockpricequote/chemicals/visionorganics/VO02
277,Vista Pharmaceuticals Ltd.,https://www.moneycontrol.com/india/stockpricequote/pharmaceuticals/vistapharmaceuticals/VP03
278,Vistar Amar Ltd.,https://www.moneycontrol.com/india/stockpricequote/vistaramar/vistaramar/SLF
279,Visu International Ltd.,https://www.moneycontrol.com/india/stockpricequote/computerssoftwaremediumsmall/visuinternational/VI16
280,Visualsoft (I) Ltd.,https://www.moneycontrol.com/india/stockpricequote/computerssoftwaremediumsmall/visualsofti/VI12
281,Vital Chemtech Ltd.,https://www.moneycontrol.com/india/stockpricequote/miscellaneous/vitalchemtech/VC12
282,Vital Communications Ltd.,https://www.moneycontrol.com/india/stockpricequote/telecommunicationsequipment/vitalcommunications/VC15
283,Vital Foods Ltd.,https://www.moneycontrol.com/india/stockpricequote/foodprocessing/vitalfoods/VF03
284,Vitan Agro Industries Ltd.,https://www.moneycontrol.com/india/stockpricequote/trading/vitanagroindustries/VAI04
285,Vitesse Agro Limited,https://www.moneycontrol.com/india/stockpricequote/vitesseagroli/vitesseagrolimited/VITES54082
286,Vitta Mazda Ltd.,https://www.moneycontrol.com/india/stockpricequote/miscellaneous/vittamazda/VM04
287,Vivanta Industries Ltd.,https://www.moneycontrol.com/india/stockpricequote/miscellaneous/vivantaindustrieslimited/VIVAN54173
288,Vivanza Biosciences Ltd.,https://www.moneycontrol.com/india/stockpricequote/pharmaceuticals/vivanzabiosciences/II06
289,Vivek Commercial Ltd.,https://www.moneycontrol.com/india/stockpricequote/miscellaneous/vivekcommercial/VCL01
290,Viviana Power Tech Ltd.,https://www.moneycontrol.com/india/stockpricequote/engineering/vivianapowertech/VPT02
291,Vivid Global Industries Ltd.,https://www.moneycontrol.com/india/stockpricequote/dyespigments/vividglobalindustries/VGI01
292,Vivid Mercantile Ltd.,https://www.moneycontrol.com/india/stockpricequote/diversified/vividmercantile/VIE
293,Vivimed Labs Ltd.,https://www.moneycontrol.com/india/stockpricequote/pharmaceuticals/vivimedlabs/VL07
294,Vivo Biotech Ltd.,https://www.moneycontrol.com/india/stockpricequote/pharmaceuticals/vivobiotech/VB04
295,Vivo Collaboration Solutions Ltd.,https://www.moneycontrol.com/india/stockpricequote/software/vivocollaborationsolutions/VCS01
296,Vizar Agrochemicals Ltd.,https://www.moneycontrol.com/india/stockpricequote/edibleoilssolventextraction/vizaragrochemicals/VA06
297,VJTF Eduservices Ltd.,https://www.moneycontrol.com/india/stockpricequote/diversified/vjtfeduservices/AF31
298,VKJ Infradevelopers Ltd.,https://www.moneycontrol.com/india/stockpricequote/constructioncontractingrealestate/vkjinfradevelopers/VI22
299,VKS Projects Ltd.,https://www.moneycontrol.com/india/stockpricequote/engineering/vksprojects/VP
300,Vikas Lifecare RE1 Ltd.,https://www.moneycontrol.com/india/stockpricequote/miscellaneous/vikaslifecarere1/VLR01
301,Vikas Lifecare PP Ltd.,https://www.moneycontrol.com/india/stockpricequote/miscellaneous/vikaslifecarepp/VLP
302,VLS Finance Ltd.,https://www.moneycontrol.com/india/stockpricequote/financeleasinghirepurchase/vlsfinance/VLS
303,VMS Industries Ltd.,https://www.moneycontrol.com/india/stockpricequote/miscellaneous/vmsindustries/VI21
304,Vodafone Idea Ltd.,https://www.moneycontrol.com/india/stockpricequote/telecommunicationsservice/vodafoneidealimited/IC8
305,Vogue Textiles Ltd.,https://www.moneycontrol.com/india/stockpricequote/textilesweaving/voguetextiles/VT04
306,Voith Paper Fabrics Ltd.,https://www.moneycontrol.com/india/stockpricequote/textilesgeneral/voithpaperfabrics/VPF01
307,Volant Textiles Ltd.,https://www.moneycontrol.com/india/stockpricequote/textilesspinningcottonblended/volanttextiles/VT06
308,Volex Finance and Industries Ltd.,https://www.moneycontrol.com/india/stockpricequote/financeinvestments/volexfinanceindustries/VFI
309,Volga Air Technics Ltd.,https://www.moneycontrol.com/india/stockpricequote/consumergoodswhitegoods/volgaairtechnics/VAT
310,Volplast Ltd.,https://www.moneycontrol.com/india/stockpricequote/packaging/volplast/V02
311,Voltaire Leasing & Finance Ltd.,https://www.moneycontrol.com/india/stockpricequote/voltaireleasin/voltaireleasingfinance/VLF01
312,Voltamp Transformers Ltd.,https://www.moneycontrol.com/india/stockpricequote/powertransmissionequipment/voltamptransformers/VT9
313,Voltas Ltd.,https://www.moneycontrol.com/india/stockpricequote/diversified/voltas/V
314,Volvo Steels Ltd.,https://www.moneycontrol.com/india/stockpricequote/steelmediumsmall/volvosteels/VSL
315,Volvo Terry Industries Ltd.,https://www.moneycontrol.com/india/stockpricequote/textileshosieryknitwear/volvoterryindustries/VTI02
316,Vorin Laboratories Ltd.,https://www.moneycontrol.com/india/stockpricequote/pharmaceuticals/vorinlaboratories/VL05
317,VP Telecom Ltd.,https://www.moneycontrol.com/india/stockpricequote/telecommunicationsequipment/vptelecom/VPT
318,V R Woodart Ltd.,https://www.moneycontrol.com/india/stockpricequote/miscellaneous/vrwoodart/VRW
319,VRL Logistics Ltd.,https://www.moneycontrol.com/india/stockpricequote/transportlogistics/vrllogistics/VL03
320,Vrundavan Agro Industries Ltd.,https://www.moneycontrol.com/india/stockpricequote/edibleoilssolventextraction/vrundavanagroindustries/VAI02
321,Vrundavan Securities Ltd.,https://www.moneycontrol.com/india/stockpricequote/financeinvestments/vrundavansecurities/VSL01
322,VSD Confin Ltd.,https://www.moneycontrol.com/india/stockpricequote/constructioncontractingcivil/vsdconfin/VSD
323,VSF Projects Ltd.,https://www.moneycontrol.com/india/stockpricequote/vsfprojects/vsfprojects/VSF02
324,VST Industries Ltd.,https://www.moneycontrol.com/india/stockpricequote/cigarettes/vstindustries/VST
325,VST Tillers Tractors Ltd.,https://www.moneycontrol.com/india/stockpricequote/autotractors/vsttillerstractors/VST01
326,VTM Ltd.,https://www.moneycontrol.com/india/stockpricequote/textileshosieryknitwear/vtm/VTM
327,VTX Industries Ltd.,https://www.moneycontrol.com/india/stockpricequote/textilesspinningcottonblended/vtxindustries/VT12
328,VUENOW INFRATECH Ltd.,https://www.moneycontrol.com/india/stockpricequote/vuenowinfra/vuenowinfratech/GVI
329,VVN Manufacturing & Investa Ltd.,https://www.moneycontrol.com/india/stockpricequote/engineering/vvnmanufacturinginvesta/VVN
330,VXL Instruments Ltd.,https://www.moneycontrol.com/india/stockpricequote/computershardware/vxlinstruments/VXL
331,Vyapar Industries Ltd.,https://www.moneycontrol.com/india/stockpricequote/financeinvestments/vyaparindustries/VI18
332,Vybra Automet Ltd.,https://www.moneycontrol.com/india/stockpricequote/castingsforgings/vybraautomet/VA05
333,Vysali Pharmaceuticals Ltd.,https://www.moneycontrol.com/india/stockpricequote/pharmaceuticals/vysalipharmaceuticals/VP04
